date,fatalities,event_count,severity,fatalities_7d,severity_7d,fatalities_30d,severity_30d,fatalities_90d,intensity,conflict_pressure,Close,daily_return,volatility_30,volatility_90,return_30d,price_change,article_count,avg_tone,intensity_7d,intensity_30d,tone_30d,article_count_norm,market_stress,media_pressure,global_pressure,tone_change,news_change,risk_score,risk_7d,risk_30d,risk_90d,shock_score,risk_change,risk_acceleration,risk_momentum,risk_percentile,risk_zscore,risk_regime,regime,crisis_index,gold_close,gold_return,gold_volatility,gold_return_30d,sp500_close,sp500_return,sp500_volatility,sp500_return_30d,dxy_close,dxy_return,dxy_volatility,dxy_return_30d,risk_level
2022-03-01,28.0,67,212,28.0,212.0,28.0,212.0,28.0,1.32,213.32,104.97000122070312,3.940987663255946,2.740366939638364,2.740366939638364,0.0,3.9800033569335938,348884,-1.0176091867551786,1.32,1.32,-1.0176091867551786,81.90339479199793,6.681354602894309,82.9210039787531,302.9223585816474,0.0,0,27.18,27.18,27.18,27.18,0.0,0.0,0.0,0.0,100.0,0.0,1,Elevated,104.58474263690836,1942.4000244140625,2.2638727728386154,2.158348534783173,0.0,405.6187438964844,-1.5229973285662002,1.8963487902901264,0.0,97.41000366210938,0.7238182031470197,0.6295626333259037,0.0,Moderate
2022-03-02,25.0,73,218,53.0,215.0,53.0,215.0,53.0,1.6,219.6,112.93000030517578,7.583118026012481,3.589968233720356,3.589968233720356,0.0,7.959999084472656,355066,-1.0617166321529594,1.46,1.46,-1.039662909454069,82.62903252058986,11.173086259732836,83.69074915274282,314.46383541247565,-0.0441074453977807,100,30.88,29.03,29.03,29.03,13.620537226988905,3.6999999999999993,0.0,0.0,100.0,0.7071067811865471,1,Elevated,109.0473843344417,1920.9000244140625,-1.1068780750497331,1.900133971310956,0.0,413.08050537109375,1.8395997687211447,1.765631589145236,0.0,97.38999938964844,-0.02053615820643,0.5172096450242043,0.0,Moderate
2022-03-03,42.0,72,278,95.0,236.0,95.0,236.0,95.0,2.01,280.01,110.45999908447266,-2.187196682925996,3.980815932239431,3.980815932239431,0.0,-2.470001220703125,355901,-1.0632887247633365,1.643333333333333,1.643333333333333,-1.047538181223825,82.93625280770858,6.168012615165427,83.99954153247192,370.17755414763735,-0.001572092610377,100,29.35,29.136666666666667,29.136666666666667,29.136666666666667,17.507860463051884,-1.5299999999999976,-5.229999999999997,0.0,66.66666666666666,0.1147445487680561,1,Elevated,131.27111335256055,1934.4000244140625,0.7027955556467846,1.6788536495545618,0.0,411.0240478515625,-0.4978345607677181,1.6014908066509872,0.0,97.79000091552734,0.4107213557713818,0.4738093496243614,0.0,Moderate
2022-03-04,14.0,50,206,109.0,228.5,109.0,228.5,109.0,2.15,208.15,118.11000061035156,6.92558536056902,4.03796754271419,4.03796754271419,0.0,7.650001525878906,336934,-1.1069126124962343,1.77,1.77,-1.0623817890419271,81.97669805332204,10.96355290328321,83.08361066581827,302.19716356910146,-0.043623887732898,-100,31.07,29.62,29.62,29.62,17.21811943866449,1.7199999999999989,3.2499999999999964,0.0,100.0,0.8056964818741805,1,Elevated,104.26214329447694,1965.0999755859373,1.5870528734703848,1.618513622527652,0.0,407.6846008300781,-0.8124699853791495,1.5094829004615773,0.0,98.6500015258789,0.8794361410165541,0.5216485874194914,0.0,Moderate
2022-03-05,100.0,63,237,209.0,230.2,209.0,230.2,209.0,2.54,239.54,118.11000061035156,6.92558536056902,4.03796754271419,4.03796754271419,0.0,7.650001525878906,225776,-1.1517107956668515,1.924,1.924,-1.0802475903669122,76.18191384935908,10.96355290328321,77.33362464502594,327.8371775483091,-0.0447981831706172,-100,33.8,30.456,30.456,30.456,31.323990915853088,2.729999999999997,1.009999999999998,0.0,100.0,1.3739543607294304,1,Elevated,115.66814609031849,1965.0999755859373,1.5870528734703848,1.618513622527652,0.0,407.6846008300781,-0.8124699853791495,1.5094829004615773,0.0,98.6500015258789,0.8794361410165541,0.5216485874194914,0.0,Moderate
2022-03-06,76.0,97,208,285.0,226.5,285.0,226.5,285.0,2.97,210.97,118.11000061035156,6.92558536056902,4.03796754271419,4.03796754271419,0.0,7.650001525878906,200244,-1.2062905309402383,2.098333333333333,2.098333333333333,-1.1012547471291332,71.3197498040551,10.96355290328321,72.52604033499534,294.45959323827856,-0.0545797352733865,-100,33.6,30.98,30.98,30.98,19.372898676366933,-0.1999999999999957,-2.9299999999999926,0.0,83.33333333333334,1.0367513110940592,1,Elevated,103.27862922831235,1965.0999755859373,1.5870528734703848,1.618513622527652,0.0,407.6846008300781,-0.8124699853791495,1.5094829004615773,0.0,98.6500015258789,0.8794361410165541,0.5216485874194914,0.0,Moderate
2022-03-07,73.0,41,159,358.0,216.8571428571429,358.0,216.8571428571429,358.0,3.19,162.19,123.20999908447266,4.318007321789907,3.717768584601681,3.717768584601681,0.0,5.099998474121094,303161,-0.9771434736055276,2.254285714285714,2.254285714285714,-1.0835245651971894,71.29829178276394,8.035775906391589,72.27543525636946,242.50121116276105,0.2291470573347107,100,30.53,30.915714285714284,30.915714285714284,30.915714285714284,13.945735286673552,-3.0700000000000003,-2.8700000000000045,0.0,42.85714285714285,-0.1667448771143435,1,Elevated,82.54539741383053,1993.9000244140625,1.4655767740029413,1.536040594321678,0.0,395.6663513183594,-2.947928248270515,1.810580103214242,0.0,99.29000091552734,0.648757607449757,0.4985142909504599,0.0,Moderate
2022-03-08,53.0,68,181,383.0,212.42857142857144,411.0,212.375,411.0,3.22,184.22,127.9800033569336,3.871442502966516,3.449667004553499,3.449667004553499,0.0,4.7700042724609375,348026,-0.8543125321368172,2.525714285714286,2.375,-1.054873061064643,72.59875183737451,7.321109507520015,73.45306436951132,264.99417387703136,0.1228309414687103,100,31.08,31.472857142857144,30.93625,30.93625,14.914154707343554,0.5499999999999972,3.619999999999997,0.5366071428571431,75.0,0.0670978112480823,1,Elevated,91.30705667691028,2040.0999755859373,2.317064577269945,1.558583605001058,0.0,392.6665344238281,-0.7581683113906168,1.6846180175112628,0.0,99.05999755859376,-0.2316480560104694,0.5002702180611142,0.0,Moderate
2022-03-09,46.0,53,187,404.0,208.0,457.0,209.55555555555557,457.0,3.18,190.18,111.13999938964844,-13.158308740091783,6.365319427901121,6.365319427901121,0.0,-16.840003967285156,346136,-0.9230048739656735,2.751428571428572,2.464444444444444,-1.0402210402758685,73.5609215377437,19.523628167992904,74.48392641170936,284.1875545797023,-0.0686923418288563,-100,37.49,32.417142857142856,31.664444444444445,31.664444444444445,12.143461709144283,6.410000000000004,5.860000000000007,0.7526984126984111,100.0,1.9650756917762373,1,Elevated,98.77823654953905,1985.9000244140625,-2.656730151487219,1.8456427522599212,0.0,403.1943664550781,2.681112625678117,1.8707694599335056,0.0,97.97000122070312,-1.100339556586294,0.6483859539867879,0.0,Moderate
2022-03-10,24.0,43,147,386.0,189.28571428571428,481.0,203.3,481.0,2.96,149.96,109.33000183105467,-1.628574382340997,6.080903733773522,6.080903733773522,0.0,-1.80999755859375,357096,-0.9378465703358296,2.887142857142857,2.514,-1.0299835932818646,74.58795233218228,7.70947811611452,75.52579890251812,233.19527701863265,-0.0148416963701559,100,31.26,32.690000000000005,31.624,31.624,16.674208481850783,-6.23,-12.640000000000004,1.0660000000000025,70.0,-0.1300964280445262,1,Elevated,78.17295102694943,1998.0999755859373,0.614328567495459,1.7419277313187824,0.0,401.37353515625,-0.4516013740065494,1.7693586940616124,0.0,98.51000213623048,0.5511900671623549,0.6279901488096031,0.0,Moderate
2022-03-11,16.0,45,183,388.0,186.0,497.0,201.45454545454547,497.0,2.94,185.94,112.66999816894533,3.054967787389096,5.796990293498733,5.796990293498733,0.0,3.339996337890625,340990,-1.026762903071455,3.0,2.5527272727272727,-1.0296908032627363,75.08452150408267,8.85195808088783,76.11128440715413,270.903242488042,-0.0889163327356253,-100,31.4,32.737142857142864,31.60363636363636,31.60363636363636,12.244581663678128,0.139999999999997,6.369999999999997,1.133506493506502,72.72727272727273,-0.0766933179014252,1,Elevated,93.13904011378597,1982.699951171875,-0.7707334268670207,1.6889767084074598,0.0,396.2701416015625,-1.2714823244887818,1.7183616389672387,0.0,99.12000274658205,0.6192270806247624,0.6128990385800677,0.0,Moderate
2022-03-12,28.0,47,124,316.0,169.85714285714286,525.0,195.0,525.0,2.66,126.66,112.66999816894533,3.054967787389096,5.796990293498733,5.796990293498733,0.0,3.339996337890625,222809,-1.1803943094569946,3.017142857142857,2.561666666666667,-1.0422494287789246,73.18633215599466,8.85195808088783,74.36672646545166,209.8786845463395,-0.1536314063855397,-100,31.65,32.43,31.6075,31.6075,15.968157031927698,0.25,0.1100000000000029,0.822499999999998,75.0,0.0167873210819702,1,Elevated,69.07812852544546,1982.699951171875,-0.7707334268670207,1.6889767084074598,0.0,396.2701416015625,-1.2714823244887818,1.7183616389672387,0.0,99.12000274658205,0.6192270806247624,0.6128990385800677,0.0,Moderate
2022-03-13,29.0,101,239,269.0,174.28571428571428,554.0,198.3846153846154,554.0,2.6,241.6,112.66999816894533,3.054967787389096,5.796990293498733,5.796990293498733,0.0,3.339996337890625,199947,-1.1511927903773331,2.9642857142857144,2.5646153846153847,-1.0506296873634176,71.1673224808731,8.85195808088783,72.31851527125043,322.77047335213825,0.0292015190796615,-100,32.92,32.332857142857144,31.708461538461545,31.708461538461545,10.946007595398308,1.2700000000000031,1.0200000000000031,0.6243956043956018,76.92307692307693,0.4942888000686782,1,Elevated,114.64448628660524,1982.699951171875,-0.7707334268670207,1.6889767084074598,0.0,396.2701416015625,-1.2714823244887818,1.7183616389672387,0.0,99.12000274658205,0.6192270806247624,0.6128990385800677,0.0,Moderate
2022-03-14,181.0,58,248,377.0,187.0,735.0,201.92857142857144,735.0,2.93,250.93,106.9000015258789,-5.121147365614109,5.832964866180112,5.832964866180112,0.0,-5.769996643066406,321255,-0.9340263530923528,2.927142857142857,2.5907142857142857,-1.0423008777726273,71.47088939658278,10.95411223179422,72.40491574967513,334.28902798146936,0.2171664372849803,100,36.81,33.230000000000004,32.07285714285714,32.07285714285714,44.785832186424905,3.890000000000001,2.619999999999997,1.1571428571428657,92.85714285714286,1.7408665763521582,1,Elevated,119.23462804265272,1959.5999755859373,-1.165076721381075,1.6636291112498476,0.0,393.3740539550781,-0.7308367051778286,1.6465777735476983,0.0,99.05999755859376,-0.0605379200217526,0.5886702269844628,0.0,Moderate
2022-03-15,244.0,61,247,568.0,196.42857142857144,979.0,204.9333333333333,979.0,3.34,250.34,99.91000366210938,-6.538819236665172,5.9437060072914845,5.9437060072914845,0.0,-6.989997863769531,355253,-0.9958670770590052,2.9442857142857144,2.6406666666666667,-1.0392052910583858,72.26606810618334,12.482525243956657,73.26193518324234,336.084460427199,-0.0618407239666523,100,37.83,34.19428571428572,32.45666666666667,32.45666666666667,27.00920361983326,1.019999999999996,-2.8700000000000045,1.7376190476190487,100.0,1.7826779576364482,1,Elevated,119.78139713423116,1928.5,-1.587057357287336,1.6649421909295996,0.0,402.0245361328125,2.1990474691353734,1.7122416924102712,0.0,99.06999969482422,0.0100970487350915,0.5652402721648674,0.0,Moderate
2022-03-16,335.0,36,138,857.0,189.42857142857144,1314.0,200.75,1314.0,3.83,141.83,98.0199966430664,-1.8917094883059704,5.738682025925607,5.738682025925607,0.0,-1.8900070190429688,352788,-0.8661421479795737,3.0371428571428574,2.715,-1.02838884461596,72.92568203529763,7.630391514231578,73.7918241832772,223.2522156975088,0.1297249290794314,-100,36.95,34.11714285714286,32.7375,32.7375,33.74862464539716,-0.8799999999999955,-1.8999999999999917,1.379642857142862,87.5,1.3496653700114418,1,Elevated,74.54252144234808,1908.0,-1.0630023334197602,1.6259050657623428,0.0,410.9391479492188,2.2174297872857185,1.7508227291038383,0.0,98.37999725341795,-0.6964797047862459,0.5886040941500587,0.0,Moderate
2022-03-17,48.0,58,227,881.0,200.8571428571429,1362.0,202.2941176470588,1362.0,3.98,230.98,106.63999938964844,8.794126751474218,5.970052540293076,5.970052540293076,0.0,8.620002746582031,352698,-0.8480609223239685,3.182857142857143,2.7894117647058825,-1.0177813197752543,73.5064514879364,14.764179291767295,74.35451241026037,320.0986917020277,0.0180812256556052,-90,39.13,35.24142857142857,33.11352941176471,33.11352941176471,67.99040612827804,2.18,3.059999999999995,2.127899159663862,100.0,1.7713544898273548,1,Elevated,113.168574198759,1942.0999755859373,1.787210460478894,1.6371057256746695,0.0,416.0803527832031,1.2510866534963585,1.711555162602511,0.0,98.01000213623048,-0.3760877490517011,0.5799404197974566,0.0,Moderate
2022-03-18,94.0,88,189,959.0,201.7142857142857,1456.0,201.55555555555557,1456.0,4.27,193.27,107.93000030517578,1.20967828479992,5.769245059597878,5.769245059597878,0.0,1.2900009155273438,318189,-0.8400086200092823,3.3728571428571428,2.8716666666666666,-1.007905058677145,73.57262032351146,6.978923344397798,74.41262894352074,274.66155228791854,0.0080523023146861,-100,35.85,35.87714285714286,33.26555555555555,33.26555555555555,22.140261511573428,-3.280000000000001,-5.460000000000001,2.6115873015873063,72.22222222222221,0.7697166030773128,1,Elevated,94.98209512646326,1928.199951171875,-0.7157213628957937,1.593781042039473,0.0,420.6376037597656,1.0952814633227836,1.66827526922046,0.0,98.2300033569336,0.2244681317293828,0.5617635833925623,0.0,Moderate
2022-03-19,75.0,62,149,1006.0,205.28571428571428,1531.0,198.7894736842105,1531.0,4.43,153.43,107.93000030517578,1.20967828479992,5.769245059597878,5.769245059597878,0.0,1.2900009155273438,211940,-0.9297832143838124,3.625714285714285,2.9536842105263155,-1.0037933826617067,72.31904356888937,6.978923344397798,73.24882678327319,233.657750127671,-0.0897745943745301,-100,34.52,36.28714285714286,33.33157894736843,33.33157894736843,15.848872971872652,-1.3299999999999983,1.9500000000000028,2.9555639097744333,68.42105263157895,0.3627966106327028,1,Elevated,78.81333469441377,1928.199951171875,-0.7157213628957937,1.593781042039473,0.0,420.6376037597656,1.0952814633227836,1.66827526922046,0.0,98.2300033569336,0.2244681317293828,0.5617635833925623,0.0,Moderate
2022-03-20,29.0,54,154,1006.0,193.14285714285717,1560.0,196.55,1560.0,4.23,158.23,107.93000030517578,1.20967828479992,5.769245059597878,5.769245059597878,0.0,1.2900009155273438,194075,-1.0441354658378144,3.858571428571428,3.0175,-1.0058104868205118,70.98112668932032,6.978923344397798,72.02526215515813,237.2341854995559,-0.1143522514540018,-100,34.34,36.49,33.382,33.382,21.771761257270004,-0.1799999999999997,1.1499999999999986,3.108000000000004,65.0,0.2997198700995243,1,Elevated,80.48862176879075,1928.199951171875,-0.7157213628957937,1.593781042039473,0.0,420.6376037597656,1.0952814633227836,1.66827526922046,0.0,98.2300033569336,0.2244681317293828,0.5617635833925623,0.0,Moderate
2022-03-21,316.0,33,139,1141.0,177.57142857142858,1876.0,193.8095238095238,1876.0,4.35,143.35,115.62000274658205,7.124990660300656,5.7995869545275625,5.7995869545275625,0.0,7.69000244140625,316544,-0.9478007258612616,4.061428571428571,3.080952380952381,-1.003048117251024,71.13970700024932,12.92457761482822,72.08750772611057,228.3620853409388,0.0963347399765527,100,41.31,37.13285714285714,33.75952380952381,33.75952380952381,69.08167369988276,6.969999999999999,7.149999999999999,3.373333333333328,100.0,2.118828599455129,1,Elevated,76.9273325911534,1928.5999755859373,0.020746002706784,1.543171886593284,0.0,420.51458740234375,-0.0292452116316566,1.616876799260546,0.0,98.5,0.2748616856759422,0.5461625037060353,0.0,High
2022-03-22,39.0,41,153,936.0,164.14285714285714,1915.0,191.95454545454547,1915.0,3.81,156.81,115.4800033569336,-0.1210857864752834,5.633474757515857,5.633474757515857,0.0,-0.1399993896484375,344727,-0.9644211906149244,4.128571428571428,3.114090909090909,-1.001292347858474,71.58460689917199,5.75456054399114,72.54902808978692,235.11358863377808,-0.0166204647536626,100,35.09,36.74142857142858,33.82,33.82,70.88310232376833,-6.219999999999999,-13.189999999999998,2.921428571428578,68.18181818181817,0.3639820256126889,1,Elevated,79.53562983555385,1920.699951171875,-0.409624832213451,1.5005476176543624,0.0,425.4352111816406,1.1701434211101258,1.5835963439905794,0.0,98.48999786376952,-0.0101544530258568,0.5303123707621947,0.0,Moderate
2022-03-23,30.0,28,105,631.0,159.42857142857142,1945.0,188.17391304347825,1945.0,3.15,108.15,121.5999984741211,5.29961459930981,5.562588388590046,5.562588388590046,0.0,6.1199951171875,347813,-0.7797849112572653,4.031428571428571,3.1156521739130434,-0.991661589745378,72.02231828242213,10.862202987899856,72.8021031936794,191.81430618157924,0.1846362793576589,100,35.6,36.54857142857144,33.89739130434783,33.89739130434783,19.323181396788296,0.509999999999998,6.729999999999997,2.6511801242236075,69.56521739130434,0.4965166452658468,1,Elevated,62.16530183389583,1936.5999755859373,0.827824481609496,1.4706466291122413,0.0,419.9562377929688,-1.2878514153668918,1.581450196020447,0.0,98.62000274658205,0.1319980562821454,0.5155196578100789,0.0,Moderate
2022-03-24,124.0,71,276,707.0,166.42857142857142,2069.0,191.83333333333331,2069.0,3.38,279.38,119.02999877929688,-2.1134866176590994,5.465712641466295,5.465712641466295,0.0,-2.5699996948242188,348279,-0.8674781968915679,3.945714285714285,3.1266666666666665,-0.9864872817098024,72.42811193961643,7.579199259125394,73.295590136508,360.2547893956334,-0.0876932856343025,100,37.58,36.32714285714286,34.05083333333334,34.05083333333334,31.538466428171517,1.9799999999999969,1.4699999999999989,2.2763095238095232,87.5,1.026832468789983,1,Elevated,129.44279773095175,1961.5999755859373,1.290922251118798,1.4584273651421995,0.0,426.286865234375,1.5074493177375192,1.566146636402732,0.0,98.79000091552734,0.1723769663464214,0.5021869671878552,0.0,Moderate
2022-03-25,107.0,57,232,720.0,172.57142857142858,2176.0,193.44,2176.0,3.34,235.34,120.6500015258789,1.3610037496394556,5.327705829723187,5.327705829723187,0.0,1.6200027465820312,322131,-0.8105936421013098,3.812857142857143,3.1352,-0.9794515361254628,72.55590376289291,6.6887095793626425,73.36649740499422,315.39520698435683,0.0568845547902581,-100,35.56,36.285714285714285,34.1112,34.1112,14.084422773951292,-2.019999999999996,-3.999999999999993,2.174514285714288,64.0,0.4288812097769076,1,Elevated,111.48478331274391,1953.800048828125,-0.3976308551636554,1.4257087660077428,0.0,428.3686218261719,0.4883464074485033,1.5271674206936443,0.0,98.80999755859376,0.0202415658276056,0.4896781060305911,0.0,Moderate
2022-03-26,8.0,45,167,653.0,175.14285714285714,2184.0,192.42307692307693,2184.0,3.17,170.17,120.6500015258789,1.3610037496394556,5.327705829723187,5.327705829723187,0.0,1.6200027465820312,213413,-0.8725545962943988,3.632857142857143,3.136538461538461,-0.9753401153627296,71.69223288268097,6.6887095793626425,72.56478747897536,249.423497058338,-0.061960954193089,-100,35.82,36.471428571428575,34.176923076923075,34.176923076923075,31.80980477096545,0.259999999999998,2.279999999999994,2.294505494505501,69.23076923076923,0.4938966389960341,1,Elevated,85.25644132754013,1953.800048828125,-0.3976308551636554,1.4257087660077428,0.0,428.3686218261719,0.4883464074485033,1.5271674206936443,0.0,98.80999755859376,0.0202415658276056,0.4896781060305911,0.0,Moderate
2022-03-27,15.0,39,149,639.0,174.42857142857142,2199.0,190.8148148148148,2199.0,3.09,152.09,120.6500015258789,1.3610037496394556,5.327705829723187,5.327705829723187,0.0,1.6200027465820312,195288,-0.880642615747389,3.47,3.1348148148148147,-0.9718328005621614,70.7349452842877,6.6887095793626425,71.6155879000351,230.3942974793977,-0.0080880194529902,-100,33.8,36.39428571428572,34.162962962962965,34.162962962962965,12.240440097264951,-2.020000000000003,-2.280000000000001,2.2313227513227503,46.2962962962963,-0.111237139358539,1,Elevated,77.83460141175208,1953.800048828125,-0.3976308551636554,1.4257087660077428,0.0,428.3686218261719,0.4883464074485033,1.5271674206936443,0.0,98.80999755859376,0.0202415658276056,0.4896781060305911,0.0,Moderate
2022-03-28,10.0,30,110,333.0,170.28571428571428,2209.0,187.92857142857144,2209.0,2.45,112.45,112.4800033569336,-6.771651940006718,5.462165796773364,5.462165796773364,0.0,-8.169998168945312,323823,-0.6207380376075059,3.198571428571429,3.110357142857143,-0.9592937018852092,70.92370146943456,12.233817736780082,71.54443950704207,196.22825724382216,0.2599045781398831,100,35.66,35.58714285714286,34.21642857142857,34.21642857142857,18.699522890699413,1.8599999999999997,3.8800000000000026,1.3707142857142856,67.85714285714286,0.4490889262143608,1,Elevated,64.18241499612046,1939.5999755859373,-0.726792552324107,1.4019460144944105,0.0,431.4156188964844,0.7113025826501751,1.4930673056476351,0.0,99.08999633789062,0.2833708999242068,0.4797949669306757,0.0,Moderate
2022-03-29,2.0,43,164,296.0,171.85714285714286,2211.0,187.1034482758621,2211.0,2.39,166.39,110.2300033569336,-2.0003555590766275,5.366719077482845,5.366719077482845,0.0,-2.25,354907,-0.7932574636883186,2.995714285714286,3.0855172413793106,-0.9535683143611786,71.35106844250825,7.367074636559472,72.14432590619657,245.901400542756,-0.1725194260808127,100,33.38,35.34285714285714,34.187586206896555,34.187586206896555,13.062597130404065,-2.279999999999994,-4.1399999999999935,1.155270935960587,37.93103448275862,-0.2555376870389304,1,Elevated,83.9316950358631,1912.0,-1.4229725682276206,1.403429693158196,0.0,436.7526245117188,1.237091422161729,1.4715161992095651,0.0,98.4000015258789,-0.6963314537411835,0.496713458944967,0.0,Moderate
2022-03-30,3.0,45,149,269.0,178.14285714285714,2214.0,185.83333333333331,2214.0,2.42,151.42,113.4499969482422,2.921158934271273,5.2700047527703,5.2700047527703,0.0,3.2199935913085938,347356,-0.8147864489299046,2.891428571428571,3.063333333333333,-0.9489422521801362,71.69085563432304,8.191163687041573,72.50564208325295,232.1168057702945,-0.0215289852415859,-100,33.68,35.06857142857143,34.17066666666667,34.17066666666667,10.607644926207929,0.2999999999999971,2.579999999999991,0.897904761904762,43.333333333333336,-0.1579353348118971,1,Elevated,78.34559389146722,1933.5,1.124476987447709,1.3923293262954526,0.0,434.0557556152344,-0.6174820127296088,1.452643343295156,0.0,97.79000091552734,-0.6199193098499478,0.50507680577274,0.0,Moderate
2022-03-31,128.0,77,277,273.0,178.28571428571428,2314.0,188.0,2342.0,2.45,279.45,107.91000366210938,-4.883202675325105,5.278570489424986,5.278570489424986,0.0,-5.5399932861328125,358241,-0.7374661881544421,2.7585714285714285,3.101,-0.9396041522267782,71.76407673026215,10.161773164750093,72.50154291841659,362.1133160831667,0.0773202607754625,100,39.07,35.28142857142857,34.567,34.328709677419354,35.68660130387732,5.390000000000001,5.090000000000003,0.7144285714285701,93.5483870967742,1.491553671720622,1,Elevated,130.34501784958334,1949.199951171875,0.8119964402314439,1.3720161800954591,0.0,427.37506103515625,-1.539132817305655,1.4693197250192578,0.0,98.30999755859376,0.531748275077315,0.50456210806281,0.0,Moderate
2022-04-01,73.0,83,287,239.0,186.14285714285717,2362.0,190.3,2415.0,2.49,289.49,104.38999938964844,-3.2619814224850385,5.223675868720036,5.223675868720036,0.0,-3.520004272460937,335382,-0.7524701974519987,2.637142857142857,3.130666666666667,-0.9292959377367462,71.61004402186569,8.485657291205076,72.36251421931769,370.3381715105228,-0.0150040092975566,-100,37.05,35.49428571428571,34.772666666666666,34.41375,21.475020046487785,-2.020000000000003,-7.410000000000004,0.7216190476190434,81.25,0.8332398054839428,1,Elevated,133.66276576034556,1919.0999755859373,-1.5442220572518095,1.3805676006585297,0.0,428.5863342285156,0.2834215900257453,1.4396644283095532,0.0,98.62999725341795,0.325500663992484,0.4973303108906262,0.0,Moderate
2022-04-02,1.0,54,174,232.0,187.14285714285717,2321.0,186.83333333333331,2416.0,2.51,176.51,104.38999938964844,-3.2619814224850385,5.223675868720036,5.223675868720036,0.0,-3.520004272460937,220418,-0.8668655739632466,2.542857142857143,3.147333333333333,-0.9227484993767432,70.5498523214147,8.485657291205076,71.41671789537796,256.41237518658306,-0.1143953765112478,-100,35.73,35.48142857142857,34.98533333333333,34.45363636363636,25.17197688255624,-1.3200000000000005,0.7000000000000028,0.4960952380952435,66.66666666666666,0.4087704730876155,1,Elevated,88.28160649555763,1919.0999755859373,-1.5442220572518095,1.3805676006585297,0.0,428.5863342285156,0.2834215900257453,1.4396644283095532,0.0,98.62999725341795,0.325500663992484,0.4973303108906262,0.0,Moderate
2022-04-03,83.0,42,155,300.0,188.0,2390.0,185.13333333333333,2499.0,2.66,157.66,104.38999938964844,-3.2619814224850385,5.223675868720036,5.223675868720036,0.0,-3.520004272460937,201521,-1.1014253687382105,2.481428571428572,3.164333333333333,-0.9225655912514756,69.490208390197,8.485657291205076,70.5916337589352,236.7372910501403,-0.2345597947749637,-100,36.66,35.89,35.17166666666667,34.51852941176471,29.072798973874825,0.9299999999999996,2.25,0.7183333333333337,73.52941176470588,0.6912502446454546,1,Elevated,80.57658966826907,1919.0999755859373,-1.5442220572518095,1.3805676006585297,0.0,428.5863342285156,0.2834215900257453,1.4396644283095532,0.0,98.62999725341795,0.325500663992484,0.4973303108906262,0.0,Moderate
2022-04-04,43.0,42,119,333.0,189.28571428571428,2333.0,181.2,2542.0,2.77,121.77,107.52999877929688,3.007950386059499,5.148014990144223,5.148014990144223,0.0,3.139999389648437,315142,-0.8807979268574986,2.527142857142857,3.172,-0.913535162291164,70.18952189449276,8.15596537620372,71.07031982135025,200.996285197554,0.2206274418807117,100,35.12,35.81285714285714,35.21566666666667,34.535714285714285,20.20313720940356,-1.5399999999999991,-2.469999999999999,0.5971904761904696,54.285714285714285,0.1913331072273104,1,Elevated,66.18445011475154,1929.199951171875,0.5262870988705926,1.3575823983669058,0.0,432.2577819824219,0.8566413487063551,1.4167330735919457,0.0,98.98999786376952,0.3650011359389804,0.491197927506296,0.0,Moderate
2022-04-05,32.0,57,179,363.0,191.42857142857144,2289.0,180.2333333333333,2574.0,2.88,181.88,106.63999938964844,-0.82767543918153,5.057399379317003,5.057399379317003,0.0,-0.8899993896484375,330445,-1.0079455733792584,2.597142857142857,3.169,-0.906923663705798,71.20838049365588,5.885074818498532,72.21632606703514,259.9814008855337,-0.1271476465217598,100,33.7,35.85857142857143,35.219,34.5125,13.9357382326088,-1.4199999999999946,0.1200000000000045,0.6395714285714291,38.88888888888889,-0.2696610686665999,1,Elevated,89.54929514080644,1922.9000244140625,-0.3265564439800861,1.3337837246951585,0.0,426.7978515625,-1.2631190570778217,1.4197371122203466,0.0,99.47000122070312,0.484900866039184,0.4883194242454295,0.0,Moderate
2022-04-06,4.0,50,160,364.0,193.0,2220.0,180.26666666666668,2578.0,2.91,162.91,101.06999969482422,-5.2231805389197135,5.0744081702945785,5.0744081702945785,0.0,-5.569999694824219,348254,-0.944252999141769,2.6671428571428573,3.1596666666666664,-0.905827314557006,71.56124560845579,10.297588709214292,72.50549860759756,245.71308731681185,0.0636925742374894,100,35.61,36.13428571428572,35.388333333333335,34.542162162162164,16.218462871187448,1.9099999999999968,3.329999999999991,0.7459523809523816,62.16216216216216,0.3587715318323897,1,Elevated,83.78413520520523,1918.4000244140625,-0.2340215270095091,1.3104983006756787,0.0,422.5301513671875,-0.9999347887269194,1.412014399995492,0.0,99.5999984741211,0.1306899083368229,0.479592474902191,0.0,Moderate
2022-04-07,62.0,107,318,298.0,198.8571428571429,2229.0,184.83333333333331,2640.0,2.9,320.9,100.58000183105467,-0.4848103940329085,4.987694317681613,4.987694317681613,1.5139281108994318,-0.4899978637695312,346912,-0.882767433977889,2.731428571428572,3.149,-0.9067758112850418,71.552528252372,5.623897522804464,72.43529568634989,398.9591932091543,0.0614855651638799,-100,35.9,35.68142857142857,35.549,34.577894736842104,22.0074278258194,0.2899999999999991,-1.6199999999999974,0.1324285714285693,73.68421052631578,0.4490652042466945,1,Elevated,145.09661814639173,1933.800048828125,0.8027535559882004,1.2960962113649868,0.4519283856694089,424.6592102050781,0.503883292352425,1.3888420673319473,5.104853081510896,99.75,0.1506039439527429,0.4713924202290942,2.6868443759015426,Moderate
2022-04-08,4.0,54,185,229.0,184.28571428571428,2187.0,184.76666666666668,2644.0,2.6,187.6,102.77999877929688,2.187310507249296,4.9942959922266486,4.917200276704658,4.952515530488322,2.1999969482421875,334397,-0.9225061847140964,2.7471428571428573,3.129666666666666,-0.9067591883099893,71.46066735195205,7.676858052524777,72.38317353666615,267.6600315891909,-0.0397387507362073,-100,34.84,35.36571428571428,35.460666666666675,34.58461538461538,24.79869375368104,-1.0599999999999952,-1.3499999999999943,-0.0949523809523924,48.71794871794872,0.087898956903127,1,Elevated,92.58737792834314,1941.5999755859373,0.4033471176370762,1.239487127297338,2.9207514225251696,423.5237731933594,-0.2673760475300657,1.3365514997096952,2.5609215714212263,99.8000030517578,0.0501283726895396,0.4565184399702624,3.291244271143712,Moderate
2022-04-09,5.0,65,146,233.0,180.28571428571428,2168.0,184.7333333333333,2649.0,2.62,148.62,102.77999877929688,2.187310507249296,4.9942959922266486,4.917200276704658,4.952515530488322,2.1999969482421875,216785,-0.9764061442244396,2.762857142857144,3.118333333333333,-0.9080445074396096,70.36269522495473,7.676858052524777,71.33910136917918,227.63595942170397,-0.0538999595103431,-100,33.9,35.10428571428572,35.54866666666667,34.5675,10.669499797551715,-0.9400000000000048,0.1199999999999903,-0.4443809523809534,42.5,-0.2325796099287499,1,Elevated,76.78656349484575,1941.5999755859373,0.4033471176370762,1.239487127297338,2.9207514225251696,423.5237731933594,-0.2673760475300657,1.3365514997096952,2.5609215714212263,99.8000030517578,0.0501283726895396,0.4565184399702624,3.291244271143712,Moderate
2022-04-10,105.0,57,149,255.0,179.42857142857142,2257.0,183.6,2754.0,2.7,151.7,102.77999877929688,2.187310507249296,4.9942959922266486,4.917200276704658,4.952515530488322,2.1999969482421875,195657,-0.9232809904229689,2.768571428571429,3.1103333333333336,-0.9045951103513268,69.22542456810744,7.676858052524777,70.14870555853041,229.5255636110552,0.0531251538014706,-100,36.83,35.128571428571426,35.72966666666667,34.62268292682927,31.065625769007355,2.93,3.870000000000005,-0.6010952380952403,80.48780487804879,0.7729170719618763,1,Elevated,77.780484332716,1941.5999755859373,0.4033471176370762,1.239487127297338,2.9207514225251696,423.5237731933594,-0.2673760475300657,1.3365514997096952,2.5609215714212263,99.8000030517578,0.0501283726895396,0.4565184399702624,3.291244271143712,Moderate
2022-04-11,19.0,55,176,231.0,187.57142857142856,2248.0,185.33333333333331,2773.0,2.73,178.73,98.4800033569336,-4.183688921418272,5.029063774015382,4.89996241596561,-2.485389206782429,-4.299995422363281,310509,-0.8819248497919471,2.762857142857143,3.112666666666667,-0.8946461283624918,69.91170116465129,9.461291616111897,70.79362601444323,258.9849176305551,0.0413561406310217,100,36.03,35.25857142857143,35.87566666666667,34.656190476190474,27.706780703155104,-0.7999999999999972,-3.729999999999997,-0.6170952380952386,73.80952380952381,0.4855942308740583,1,Elevated,89.43524184933341,1944.300048828125,0.1390643426111948,1.234672475325661,2.3639056458322205,416.2847290039063,-1.7092415225881896,1.3754063025333243,1.066513781859979,99.93000030517578,0.1302577649727521,0.4565242550314948,3.329543223230269,Moderate
2022-04-12,88.0,52,128,287.0,180.28571428571428,2307.0,181.63333333333333,2861.0,2.8,130.8,104.63999938964844,6.255072931291839,5.108085020586462,4.9404192743420055,-0.3143772765714758,6.159996032714844,339626,-0.9629284939502089,2.751428571428572,3.119333333333333,-0.8883706518149209,71.00472771799964,11.394595679535447,71.96765621194986,214.1622518914853,-0.0810036441582617,100,38.01,35.87428571428571,36.04533333333334,34.734186046511624,24.90501822079131,1.9799999999999969,2.779999999999994,-0.1710476190476271,93.02325581395348,1.1527846615275523,1,Elevated,71.27136951420415,1972.0999755859373,1.4298166980229343,1.1925976585498286,1.5290337107998209,414.7423400878906,-0.3705129707030741,1.3458933181657553,2.2493033984974486,100.29000091552734,0.3602527862025084,0.4443376926096236,2.9565723695154977,Moderate
2022-04-13,4.0,32,93,287.0,170.71428571428572,2130.0,176.46666666666667,2865.0,2.69,95.69,108.77999877929688,3.956421458138881,4.966248087486303,4.905553274700259,-3.6748441642293184,4.1399993896484375,333384,-1.0265216115714293,2.72,3.111333333333333,-0.8914538270975568,71.09964047557638,9.290153962048116,72.1261620871478,177.10631604919593,-0.0635931176212204,-100,34.67,35.739999999999995,35.974000000000004,34.732727272727274,28.2179655881061,-3.3399999999999963,-5.319999999999993,-0.2340000000000088,45.45454545454545,-0.0223353298806227,1,Elevated,56.41729400224881,1981.0,0.4512968168065789,1.173924070762198,3.128740424909404,419.4925842285156,1.145348251547773,1.3203735184229035,1.552258887565161,99.87999725341795,-0.4088180859173729,0.4534743330103031,2.556728493042981,Moderate
2022-04-14,35.0,70,261,260.0,162.57142857142858,1921.0,176.93333333333334,2900.0,2.49,263.49,111.6999969482422,2.684315316889907,4.972029431368457,4.848362067109247,1.1225763842540593,2.9199981689453125,329795,-0.9351225611387474,2.661428571428572,3.083,-0.8894290099002149,70.90042463070964,7.768602386683771,71.83554719184838,343.0941495785321,0.0913990504326819,-100,34.49,35.53857142857143,35.86266666666667,34.727333333333334,18.656995252163405,-0.1799999999999997,3.1599999999999966,-0.3240952380952393,42.22222222222222,-0.0854771305026129,1,Elevated,122.8705503930432,1970.9000244140625,-0.5098422809660552,1.1736649669587311,1.8868899679142623,414.2691955566406,-1.2451682981431622,1.338186345647549,0.7895274551551479,100.31999969482422,0.4405310908147664,0.4542442577930564,2.5871753304127054,Moderate
2022-04-15,43.0,52,163,299.0,159.42857142857142,1629.0,177.76666666666668,2943.0,2.54,165.54,111.6999969482422,2.684315316889907,4.972029431368457,4.848362067109247,1.1225763842540593,2.9199981689453125,276071,-0.948793684381593,2.652857142857143,3.04,-0.8921840611136155,70.30009302686636,7.768602386683771,71.24888671124796,244.5574890979317,-0.0136711232428455,-100,32.93,35.26571428571429,35.72866666666666,34.68826086956522,12.168355616214226,-1.5600000000000025,-1.3800000000000026,-0.4629523809523732,23.91304347826087,-0.6374421684913314,1,Elevated,83.5732182969231,1970.9000244140625,-0.5098422809660552,1.1736649669587311,1.8868899679142623,414.2691955566406,-1.2451682981431622,1.338186345647549,0.7895274551551479,100.31999969482422,0.4405310908147664,0.4542442577930564,2.5871753304127054,Moderate
2022-04-16,24.0,43,133,318.0,157.57142857142858,1605.0,174.63333333333333,2967.0,2.51,135.51,111.6999969482422,2.684315316889907,4.972029431368457,4.848362067109247,1.1225763842540593,2.9199981689453125,197532,-1.0325044885214036,2.637142857142857,2.991,-0.8983321799868633,69.08587644329367,7.768602386683771,70.11838093181507,213.39698331849883,-0.0837108041398106,-100,32.6,35.08,35.511,34.64382978723404,14.518554020699057,-0.3299999999999983,1.230000000000004,-0.4310000000000045,21.27659574468085,-0.7445341262635977,1,Elevated,71.33511714103652,1970.9000244140625,-0.5098422809660552,1.1736649669587311,1.8868899679142623,414.2691955566406,-1.2451682981431622,1.338186345647549,0.7895274551551479,100.31999969482422,0.4405310908147664,0.4542442577930564,2.5871753304127054,Moderate
2022-04-17,3.0,57,137,216.0,155.85714285714286,1514.0,172.9,2970.0,2.29,139.29,111.6999969482422,2.684315316889907,4.972029431368457,4.848362067109247,1.1225763842540593,2.9199981689453125,182632,-1.077574762446304,2.5785714285714287,2.925,-0.9062510514014308,68.02510567251038,7.768602386683771,69.10268043495668,216.16128282164044,-0.0450702739249002,-100,32.59,34.47428571428572,35.40233333333333,34.60104166666667,16.6253513696245,-0.009999999999998,0.3200000000000003,-0.9280476190476108,20.833333333333336,-0.7361373790004292,1,Elevated,72.64397704166484,1970.9000244140625,-0.5098422809660552,1.1736649669587311,1.8868899679142623,414.2691955566406,-1.2451682981431622,1.338186345647549,0.7895274551551479,100.31999969482422,0.4405310908147664,0.4542442577930564,2.5871753304127054,Moderate
2022-04-18,17.0,46,155,214.0,152.85714285714286,1456.0,173.1,2987.0,2.25,157.25,113.16000366210938,1.307078562001851,4.811578591799435,4.7806881138755415,-4.19100577653232,1.4600067138671875,271500,-1.0484691798533885,2.51,2.852333333333333,-0.9102072502504168,68.49117903727834,6.537757731454518,69.53964821713173,233.32740594858623,0.0291055825929154,100,31.37,33.80857142857143,35.29733333333333,34.53510204081633,13.345527912964576,-1.2200000000000024,-1.2100000000000044,-1.488761904761894,16.3265306122449,-1.15413572520917,1,Elevated,79.42303273600815,1982.9000244140625,0.6088588894085367,1.14322965866065,0.9058088163080624,414.4395751953125,0.0411277595581127,1.328588937380354,1.6569118263188631,100.77999877929688,0.4585317841626635,0.4349903123778231,2.159145687249886,Moderate
2022-04-19,8.0,46,132,134.0,153.42857142857142,1435.0,172.36666666666667,2995.0,2.07,134.07,107.25,-5.222696598487553,4.829648997678739,4.806228030265149,-12.953493387765135,-5.910003662109375,330849,-0.9520398442699052,2.4057142857142857,2.780333333333333,-0.9071373961981531,69.56147316744584,11.347694934942806,70.51351301171574,215.93120794665856,0.0964293355834832,100,33.52,33.167142857142856,35.27,34.5148,14.082146677917418,2.150000000000002,3.3700000000000045,-2.1028571428571468,32.0,-0.365995531866527,1,Elevated,72.26978057632027,1955.699951171875,-1.371731953567601,1.1382702340050546,-1.915846971987134,421.1297302246094,1.614265487591049,1.2294283418981296,6.435568458476704,100.95999908447266,0.1786071714189763,0.421768313862436,1.6819399270285862,Moderate
2022-04-20,11.0,43,137,141.0,159.71428571428572,1130.0,172.3,3006.0,2.15,139.15,106.8000030517578,-0.4195775741185903,4.763509543002535,4.742386250019082,-16.549460657619452,-0.4499969482421875,342226,-0.8788272842166538,2.3285714285714287,2.707,-0.904838281476666,69.76244187385907,6.83803318288307,70.64126915807573,216.6293023409588,0.0732125600532515,100,30.42,32.56,34.907000000000004,34.43450980392157,11.766062800266258,-3.1000000000000014,-5.250000000000004,-2.3470000000000013,5.88235294117647,-1.4592046935865128,1,Elevated,72.52346710476837,1952.300048828125,-0.1738458060354664,1.0461560471461395,-4.303707063796979,420.8173522949219,-0.0741761759543546,1.2170308638682663,7.169141091282527,100.38999938964844,-0.5645797345415038,0.4338189091619008,1.3426225154790528,Moderate
2022-04-21,315.0,115,272,421.0,161.28571428571428,1406.0,176.26666666666668,3321.0,2.85,274.85,108.33000183105467,1.4325830857470967,4.12787857042019,4.683030130471119,-2.528340448106458,1.529998779296875,343319,-0.7863185910135164,2.38,2.675,-0.8989015281566192,69.75142388699551,5.813295700977933,70.53774247800902,351.201038178987,0.0925086932031373,100,37.31,32.962857142857146,34.980999999999995,34.48980769230769,78.2625434660157,6.890000000000001,9.990000000000002,-2.0181428571428484,86.53846153846155,1.0243740271519026,1,Elevated,126.372866775993,1944.9000244140625,-0.3790413475891929,0.9339326474145364,-2.0645550881695063,414.524658203125,-1.4953504311264187,1.1657416735296595,2.810131462813792,100.58000183105467,0.1892643117456183,0.3764793980737058,2.664081430877862,Moderate
2022-04-22,43.0,45,173,421.0,162.71428571428572,1419.0,178.53333333333333,3364.0,2.84,175.84,106.6500015258789,-1.550817203710397,4.126847113992041,4.632232924581431,-2.451294484854327,-1.6800003051757812,324801,-0.8236342713958694,2.422857142857143,2.6646666666666667,-0.9003631734945725,69.5713486641943,5.922793766187871,70.39498293559018,252.1577767017781,-0.037315680382353,-100,32.8,32.94428571428572,34.88766666666667,34.45792452830189,64.68657840191177,-4.510000000000005,-11.400000000000006,-1.9433809523809489,26.41509433962264,-0.6058889951003705,1,Elevated,86.78411409359319,1931.0,-0.7146909475848284,0.932102141771464,-3.358189099935338,403.1505126953125,-2.743900822961165,1.2732435628076215,0.4427241418323069,101.22000122070312,0.6363087870324913,0.3803881535092005,2.75098875820241,Moderate
2022-04-23,20.0,36,132,417.0,162.57142857142858,1315.0,173.73333333333332,3384.0,2.81,134.81,106.6500015258789,-1.550817203710397,4.126847113992041,4.632232924581431,-2.451294484854327,-1.6800003051757812,210234,-0.913433981597816,2.4657142857142853,2.6456666666666666,-0.9018950329847808,68.49110860980551,5.922793766187871,69.40454259140333,210.1373363575912,-0.0897997102019464,-100,30.53,32.64857142857143,34.65266666666666,34.385185185185186,15.348998551009732,-2.269999999999996,2.240000000000009,-2.004095238095232,8.333333333333332,-1.39548312217775,1,Elevated,70.17402602475582,1931.0,-0.7146909475848284,0.932102141771464,-3.358189099935338,403.1505126953125,-2.743900822961165,1.2732435628076215,0.4427241418323069,101.22000122070312,0.6363087870324913,0.3803881535092005,2.75098875820241,Moderate
2022-04-24,36.0,43,125,450.0,160.85714285714286,1244.0,170.16666666666666,3420.0,2.83,127.83,106.6500015258789,-1.550817203710397,4.126847113992041,4.632232924581431,-2.451294484854327,-1.6800003051757812,202946,-0.8082760287016328,2.542857142857143,2.6286666666666667,-0.9018177792047918,67.55845323741006,5.922793766187871,68.36672926611169,202.11952303229955,0.105157952896183,-100,30.58,32.36142857142857,34.48666666666667,34.316,13.925789764480916,0.0499999999999971,2.319999999999993,-2.125238095238103,10.909090909090908,-1.3416663556662582,1,Elevated,67.1744633596975,1931.0,-0.7146909475848284,0.932102141771464,-3.358189099935338,403.1505126953125,-2.743900822961165,1.2732435628076215,0.4427241418323069,101.22000122070312,0.6363087870324913,0.3803881535092005,2.75098875820241,Moderate
2022-04-25,28.0,56,178,461.0,164.14285714285714,1264.0,170.53333333333333,3448.0,2.89,180.89,102.31999969482422,-4.060011035259104,4.149571116914584,4.624145236029255,-9.186117548880734,-4.330001831054688,303876,-0.7452765739383287,2.6342857142857143,2.619333333333333,-0.8975751784595893,68.26635106811871,9.128193907061762,69.01162764205704,259.0298215491188,0.0629994547633041,100,32.42,32.51142857142857,34.373333333333335,34.28214285714286,12.514997273816522,1.8400000000000036,1.7900000000000065,-1.861904761904768,25.0,-0.6720658118044293,1,Elevated,89.80960309123611,1893.199951171875,-1.957537484625837,0.9848235619547228,-4.514046613412237,405.48773193359375,0.579738624826609,1.2530646968604895,2.3260875257412827,101.75,0.5236107220955688,0.3761887521199785,2.653346630893494,Moderate
2022-04-26,79.0,48,147,532.0,166.28571428571428,1328.0,170.46666666666667,3527.0,3.05,150.05,104.98999786376952,2.6094587342736064,4.075229224303949,4.582711203768668,-1.7867199577607074,2.6699981689453125,343146,-0.7755600454237145,2.774285714285714,2.618,-0.8940724261154668,69.42338054373765,6.863359954353626,70.19894058916137,227.112300543515,-0.0302834714853857,100,32.65,32.387142857142855,34.335,34.25350877192982,21.951417357426926,0.2299999999999968,-1.6100000000000063,-1.9478571428571456,29.82456140350877,-0.5821582442360393,1,Elevated,76.80513209957374,1901.4000244140625,0.4331329734670541,0.971104567682103,-2.969991421564122,393.7445373535156,-2.896066552761034,1.3594715176330712,0.0941809442469798,102.3000030517578,0.5405435398111225,0.3839312263615227,3.2707506289282984,Moderate
2022-04-27,12.0,55,196,533.0,174.71428571428572,1330.0,173.33333333333334,3539.0,3.13,199.13,105.31999969482422,0.3143173995325599,3.882418913172268,4.527839930800695,5.41486921671146,0.3300018310546875,350581,-0.7703589986085507,2.9142857142857146,2.6406666666666667,-0.8990597914821683,69.63276924579375,4.7382232343759725,70.40312824440231,274.2713514787783,0.0052010468151637,100,31.37,32.52285714285714,34.192,34.20379310344828,24.22600523407582,-1.2799999999999976,-1.5099999999999945,-1.6691428571428588,19.82758620689655,-1.0281218424272358,1,Elevated,95.62791494263088,1885.9000244140625,-0.815188797779498,0.9399600566684584,-2.208969436657371,394.8516540527344,0.2811763959088997,1.296730405793336,-1.7841901265719051,102.9499969482422,0.6353801340118315,0.3952363338127135,3.9164199711011705,Moderate
2022-04-28,70.0,77,287,288.0,176.85714285714286,1398.0,177.43333333333334,3609.0,2.54,289.54,107.58999633789062,2.155332937375576,3.8758014239358407,4.484152574664448,9.763313632495583,2.2699966430664062,349026,-0.7386843590538354,2.87,2.645666666666666,-0.8972406879943523,69.58674880492404,7.007465724560975,70.32543316397788,366.8728988885389,0.0316746395547152,-100,33.58,31.99,34.19866666666667,34.19322033898305,27.658373197773575,2.2099999999999973,3.489999999999995,-2.208666666666666,40.67796610169492,-0.2243250810033131,1,Elevated,132.68407292261998,1888.699951171875,0.1484663408221953,0.9216804942942296,-1.0115329574489018,404.8253479003906,2.525934422532328,1.3164206694492548,-1.487762866920539,103.62000274658205,0.6508070113656172,0.3742020239763907,5.326291562771934,Moderate
2022-04-29,14.0,52,182,259.0,178.14285714285714,1409.0,178.53333333333333,3623.0,2.51,184.51,109.33999633789062,1.626545273320823,3.546358502368021,4.437398704249182,2.531880123495456,1.75,334515,-0.7347074726755617,2.8228571428571425,2.6486666666666663,-0.8945713887858742,69.48626445171743,5.42609178803839,70.220971924393,260.1570637124313,0.0039768863782737,-100,31.11,31.748571428571427,34.113,34.14183333333334,21.51988443189137,-2.469999999999999,-4.679999999999996,-2.364428571428572,16.666666666666664,-1.1067385353665944,1,Elevated,90.01863110009396,1909.300048828125,1.0907025037761198,0.8822623220956085,-1.688889715778752,389.8647766113281,-3.6955618927161695,1.4517676081394868,-6.300604197366299,102.95999908447266,-0.6369461924484954,0.3901128815666115,5.050501826703213,Moderate
2022-04-30,1.0,53,177,240.0,184.57142857142856,1282.0,175.2,3624.0,2.55,179.55,109.33999633789062,1.626545273320823,3.546358502368021,4.437398704249182,2.531880123495456,1.75,211237,-0.8188439040115254,2.7857142857142856,2.652,-0.8972839793144435,68.33591776074441,5.42609178803839,69.15476166475594,254.13085345279436,-0.0841364313359637,-100,29.91,31.66,33.80766666666667,34.072459016393445,13.42068215667982,-1.1999999999999993,1.2699999999999996,-2.147666666666673,4.918032786885246,-1.5026844115602134,1,Elevated,87.82138904816655,1909.300048828125,1.0907025037761198,0.8822623220956085,-1.688889715778752,389.8647766113281,-3.6955618927161695,1.4517676081394868,-6.300604197366299,102.95999908447266,-0.6369461924484954,0.3901128815666115,5.050501826703213,Moderate
2022-05-01,99.0,99,203,303.0,195.7142857142857,1308.0,172.4,3723.0,2.9,205.9,109.33999633789062,1.626545273320823,3.546358502368021,4.437398704249182,2.531880123495456,1.75,188456,-0.697979140489638,2.795714285714286,2.665666666666666,-0.8954676107490316,67.18618144120275,5.42609178803839,67.88416058169238,279.2102523697308,0.1208647635218873,-100,34.22,32.18,33.71333333333333,34.074838709677415,33.704323817609435,4.309999999999999,5.509999999999998,-1.5333333333333314,53.2258064516129,0.0528381765086527,1,Elevated,98.10726883155384,1909.300048828125,1.0907025037761198,0.8822623220956085,-1.688889715778752,389.8647766113281,-3.6955618927161695,1.4517676081394868,-6.300604197366299,102.95999908447266,-0.6369461924484954,0.3901128815666115,5.050501826703213,Moderate
2022-05-02,5.0,48,160,280.0,193.14285714285717,1312.0,171.93333333333334,3728.0,2.82,162.82,107.58000183105467,-1.6096529776689183,3.5544988150758754,4.397000961603075,-0.3242828436314848,-1.7599945068359375,266557,-0.7650640339151444,2.785714285714285,2.676,-0.8920742260807615,67.54723179340273,5.196580077107942,68.31229582731787,236.3288759044258,-0.0670848934255063,100,31.47,32.044285714285714,33.571333333333335,34.03349206349206,29.93542446712753,-2.75,-7.059999999999999,-1.5270476190476217,25.396825396825395,-0.9339703757878192,1,Elevated,80.86909119630675,1861.800048828125,-2.4878226986457253,0.9818654536941652,-3.443621202427427,392.2115478515625,0.6019449257848697,1.4392544621548429,-6.757849430037599,103.73999786376952,0.7575745787030685,0.4047763744444663,5.609278548850849,Moderate
2022-05-03,17.0,37,133,218.0,191.14285714285717,1246.0,171.2,3745.0,2.65,135.65,104.97000122070312,-2.4261020319095605,3.3189119072179314,4.366754292006711,-9.211210234289446,-2.6100006103515625,306486,-0.8116725354487463,2.7285714285714286,2.6756666666666664,-0.882415798304446,68.36861175869606,6.666134962556437,69.18028429414481,211.49641925670124,-0.0466085015336018,100,30.09,31.678571428571427,33.352333333333334,33.971875,14.333042507668008,-1.379999999999999,1.370000000000001,-1.673761904761907,6.25,-1.4028602026457686,1,Elevated,70.76251084385154,1868.800048828125,0.375980224321415,0.9856570267245812,-3.1006910460861348,394.0094909667969,0.4584115702566782,1.4442619222681403,-6.303014741837498,103.47000122070312,-0.2602628191885725,0.4123039177955532,5.045686518480319,Moderate
2022-05-04,2.0,38,155,208.0,185.28571428571428,1205.0,172.4,3747.0,2.55,157.55,110.13999938964844,4.925214926953481,3.451834995220473,4.373163956503285,-4.624180647778386,5.1699981689453125,319705,-0.7985534592432276,2.645714285714285,2.668333333333333,-0.8796743160506371,68.40431848743073,8.839467986951792,69.20287194667395,235.59233993362577,0.0131190762055186,100,31.03,31.63,33.216,33.92661538461539,14.065595381027595,0.9400000000000012,2.3200000000000003,-1.586000000000002,15.384615384615383,-1.045877734879808,1,Elevated,80.39636158411551,1867.0,-0.0963211034403443,0.983923974445332,-2.795853206489185,406.0082092285156,3.0452866077608887,1.543094765128228,-4.566383186564826,102.58999633789062,-0.8504927732004508,0.4513167283790227,4.162857714538859,Moderate
2022-05-05,23.0,54,201,161.0,173.0,1196.0,173.13333333333333,3770.0,2.33,203.33,110.9000015258789,0.6900328131851152,3.3025653485254165,4.327701141659251,-8.799339706011066,0.7600021362304688,328792,-0.7813321635390656,2.6157142857142857,2.65,-0.8721205357226306,68.39138330825071,4.872532132311639,69.17271547178977,277.37524760410145,0.0172212957041619,100,29.69,31.07428571428571,33.08233333333333,33.86242424242425,16.486106478520806,-1.34,-2.280000000000001,-2.00804761904762,4.545454545454546,-1.4916383152698975,1,Elevated,97.11555594728262,1874.0,0.3749330476700674,0.9727708685322024,-3.232468056135196,391.5775146484375,-3.5542864040850053,1.652615540917898,-6.757542951063744,103.75,1.1307181046081638,0.4864034402826702,5.201781697978869,Moderate
2022-05-06,10.0,35,129,157.0,165.42857142857142,1202.0,172.1,3780.0,2.23,131.23,112.38999938964844,1.3435508054721046,3.295733244773713,4.2857434480234495,-5.578425151427746,1.4899978637695312,321512,-0.8075292522146569,2.575714285714285,2.627333333333333,-0.8675630774917269,68.18211981059079,5.197126565388593,68.98964906280546,205.41677562819405,-0.0261970886755912,-100,28.92,30.76142857142857,32.85933333333333,33.78865671641791,13.730985443377955,-0.7699999999999996,0.5700000000000003,-2.0979047619047613,2.985074626865672,-1.7138039640823135,1,Elevated,68.36878043871653,1881.199951171875,0.3842023037286646,0.9414910716109184,-4.098696238515531,389.2402648925781,-0.5968804817502837,1.6211401686447395,-8.690532916473614,103.66000366210938,-0.0867434582078274,0.4886610902432206,4.929651484411091,Moderate
2022-05-07,95.0,46,121,251.0,157.42857142857142,1235.0,165.53333333333333,3875.0,2.36,123.36,112.38999938964844,1.3435508054721046,3.295733244773713,4.2857434480234495,-5.578425151427746,1.4899978637695312,209897,-0.8795918569826174,2.5485714285714285,2.6093333333333333,-0.8674572249252178,67.10993978920587,5.197126565388593,67.98953164618848,196.54665821157707,-0.0720626047679605,-100,31.65,31.01,32.717666666666666,33.75720588235294,28.6603130238398,2.729999999999997,3.4999999999999964,-1.7076666666666682,31.61764705882353,-0.7442089624547894,1,Elevated,65.02075695539314,1881.199951171875,0.3842023037286646,0.9414910716109184,-4.098696238515531,389.2402648925781,-0.5968804817502837,1.6211401686447395,-8.690532916473614,103.66000366210938,-0.0867434582078274,0.4886610902432206,4.929651484411091,Moderate
2022-05-08,5.0,41,118,157.0,145.28571428571428,1236.0,163.3,3880.0,1.94,119.94,112.38999938964844,1.3435508054721046,3.295733244773713,4.2857434480234495,-5.578425151427746,1.4899978637695312,189856,-0.8526911803612532,2.4114285714285715,2.587333333333333,-0.8651300581134563,65.97886674996933,5.197126565388593,66.83155793033058,191.9686844957192,0.0269006766213641,-100,30.55,30.485714285714288,32.574666666666666,33.71072463768116,32.33450338310682,-1.099999999999998,-3.8299999999999943,-2.088952380952378,14.492753623188406,-1.1141197172210695,1,Elevated,63.42116221222155,1881.199951171875,0.3842023037286646,0.9414910716109184,-4.098696238515531,389.2402648925781,-0.5968804817502837,1.6211401686447395,-8.690532916473614,103.66000366210938,-0.0867434582078274,0.4886610902432206,4.929651484411091,Moderate
2022-05-09,13.0,78,169,165.0,146.57142857142858,1244.0,164.06666666666666,3893.0,2.05,171.05,105.94000244140624,-5.7389420618114695,3.436283526088699,4.327317143808807,-12.192290839977671,-6.449996948242188,301889,-0.7107047198582966,2.301428571428571,2.5683333333333334,-0.8562733439679183,66.6448289332335,10.394454671897936,67.3555336530918,248.79998832498973,0.1419864605029566,100,32.74,30.66714285714286,32.535999999999994,33.69685714285715,13.409932302514784,2.1900000000000013,3.289999999999999,-1.8688571428571343,40.0,-0.3394643467191102,1,Elevated,86.04888859937753,1857.0999755859373,-1.281095907477814,0.963544651388338,-4.949333136734612,376.77783203125,-3.201732704803162,1.698220695718485,-12.043550149631866,103.6500015258789,-0.0096489830958113,0.4889897869078705,4.898293782888774,Moderate
2022-05-10,4.0,38,137,152.0,147.14285714285714,1143.0,163.66666666666666,3897.0,2.03,139.03,102.45999908447266,-3.2848813259734766,3.267276764871589,4.312228866145571,-8.908253888172801,-3.4800033569335938,335411,-0.8007421827356463,2.212857142857143,2.546,-0.8521887170450075,67.73844238218891,7.442983479662345,68.53918456492455,215.01216804458687,-0.0900374628773497,100,29.72,30.61428571428572,32.299,33.640845070422536,12.45018731438675,-3.020000000000003,-5.210000000000004,-1.684714285714282,7.042253521126761,-1.3815329762632549,1,Elevated,72.29703030484986,1839.9000244140625,-0.9261726023365168,0.9682326511296876,-5.140232647288856,377.6483459472656,0.2310417020350064,1.6894998077955905,-12.462987104349576,103.91999816894533,0.2604887979658965,0.4888096348270577,4.8743586734877775,Moderate
2022-05-11,487.0,38,111,637.0,140.85714285714286,1611.0,161.5,4384.0,2.97,113.97,107.51000213623048,4.928755706501975,3.382785255730314,4.3205746344000815,-2.4675688450226607,5.0500030517578125,344650,-0.801266730690722,2.2728571428571427,2.554,-0.8495001130749666,68.00560508780583,8.558297846734556,68.80687181849656,191.33516966523112,-0.0005245479550756,100,38.62,31.698571428571427,32.38533333333333,33.71,100.0,8.899999999999999,11.920000000000002,-0.6867619047619016,95.83333333333334,1.7057911604301823,1,Elevated,62.77269350239313,1852.5999755859373,0.6902522421520896,0.9507353262772904,-3.106695837555573,371.6490173339844,-1.5886018508125543,1.6720992202685678,-14.906288714468284,103.8499984741211,-0.0673592148360269,0.463658943097998,5.5386146989122365,Moderate
2022-05-12,36.0,107,288,650.0,153.28571428571428,1559.0,166.83333333333334,4420.0,3.22,291.22,107.4499969482422,-0.0558135864533348,3.3366472606635047,4.279818586211051,-5.288673566679158,-0.0600051879882812,342450,-0.8101240733006974,2.4,2.568,-0.8444066323866496,68.02770366373105,3.921328203784755,68.83782773703174,363.97915594081655,-0.0088573426099753,-100,33.43,32.23285714285714,32.23266666666667,33.70616438356165,100.0,-5.189999999999998,-14.089999999999996,0.0001904761904754,46.57534246575342,-0.0966096629777697,1,Elevated,131.82409682892026,1823.800048828125,-1.5545680199366083,0.9574785656977508,-5.673646298002333,371.2610473632813,-0.1043914964409697,1.6737228735124916,-14.466968226915313,104.8499984741211,0.9629273131373184,0.4594293464731738,7.2195495372704865,Moderate
2022-05-13,322.0,53,174,962.0,159.71428571428572,1877.0,169.53333333333333,4742.0,3.93,177.93,111.5500030517578,3.815734034399809,3.2866711580822527,4.267312360897748,3.3731806747464343,4.100006103515625,322122,-0.8671209596505274,2.642857142857143,2.6093333333333333,-0.8390932773226196,67.93957541937212,7.439723259956705,68.80669637902264,254.17641963897933,-0.05699688634983,-100,37.73,33.491428571428564,32.334666666666664,33.760540540540546,74.58498443174915,4.299999999999997,9.489999999999997,1.1567619047619004,91.8918918918919,1.3796306886815848,1,Elevated,87.90922857978723,1807.4000244140625,-0.8992227204183023,0.9466347464663818,-7.274775821360002,380.13714599609375,2.3907971751550905,1.7424480193607563,-11.053034991009149,104.55999755859376,-0.276586475677365,0.4650133223390759,6.357440906531342,Moderate
2022-05-14,2.0,50,164,869.0,165.85714285714286,1844.0,166.3,4744.0,3.78,167.78,111.5500030517578,3.815734034399809,3.2866711580822527,4.267312360897748,3.3731806747464343,4.100006103515625,204376,-0.8929020734813496,2.845714285714286,2.652333333333333,-0.8376859277340396,66.95813728411632,7.439723259956705,67.85103935759767,243.0707626175544,-0.0257811138308222,-100,34.12,33.84428571428571,32.32233333333333,33.76533333333334,75.62890556915411,-3.61,-7.909999999999997,1.5219523809523778,57.333333333333336,0.1240967686043035,1,Elevated,83.65809717550223,1807.4000244140625,-0.8992227204183023,0.9466347464663818,-7.274775821360002,380.13714599609375,2.3907971751550905,1.7424480193607563,-11.053034991009149,104.55999755859376,-0.276586475677365,0.4650133223390759,6.357440906531342,Moderate
2022-05-15,23.0,49,166,887.0,172.71428571428572,1824.0,166.4,4767.0,3.88,169.88,111.5500030517578,3.815734034399809,3.2866711580822527,4.267312360897748,3.3731806747464343,4.100006103515625,185524,-0.8332388499247773,3.1228571428571428,2.697,-0.8338340999188124,66.24958213032775,7.439723259956705,67.08282098025254,244.40254424020924,0.0596632235565723,-100,32.69,34.15,32.31433333333334,33.75118421052632,15.498316117782863,-1.4299999999999995,2.18,1.8356666666666608,38.15789473684211,-0.3734531113038286,1,Elevated,84.34445350003318,1807.4000244140625,-0.8992227204183023,0.9466347464663818,-7.274775821360002,380.13714599609375,2.3907971751550905,1.7424480193607563,-11.053034991009149,104.55999755859376,-0.276586475677365,0.4650133223390759,6.357440906531342,Moderate
2022-05-16,13.0,41,155,887.0,170.71428571428572,1813.0,167.13333333333333,4780.0,3.76,158.76,114.23999786376952,2.411469958242485,3.2457731411022746,4.237688960613257,9.435768303201897,2.6899948120117188,310208,-0.7450009592441904,3.367142857142857,2.7386666666666666,-0.8242506489429053,67.13130278930353,6.600819929664949,67.87630374854773,233.23712367821264,0.0882378906805868,100,31.64,33.99285714285714,32.282333333333334,33.723766233766234,13.641189453402935,-1.0499999999999972,0.3800000000000025,1.7105238095238064,29.87012987012987,-0.7355271426037023,1,Elevated,79.71958872157552,1813.5,0.3375000278599049,0.9196809528370798,-5.502578131902469,378.5946350097656,-0.4057774944056569,1.738006664968753,-11.664324134071713,104.19000244140624,-0.3538591486482834,0.4754533806399695,5.637235468741331,Moderate
2022-05-17,17.0,47,153,900.0,173.0,1827.0,167.66666666666666,4797.0,3.82,156.82,111.93000030517578,-2.02205672425555,3.233744852468136,4.211357184085835,4.091882800919411,-2.30999755859375,340853,-0.7676092474257145,3.622857142857143,2.7896666666666667,-0.8139184651088857,68.36942558727121,5.664989856815627,69.13703483469692,231.6220246915125,-0.022608288181524,100,31.35,34.22571428571428,32.241,33.693333333333335,11.51304144090762,-0.2899999999999991,0.759999999999998,1.9847142857142828,24.35897435897436,-0.8288025996766959,1,Elevated,78.82140290966564,1818.199951171875,0.2591646634615419,0.9138378754597738,-5.753680427608043,386.3824462890625,2.057031600327885,1.7811667069363952,-10.612957731603068,103.36000061035156,-0.7966232955234465,0.5064972684123747,4.414590201927315,Moderate
2022-05-18,9.0,47,150,422.0,178.57142857142858,1819.0,167.5,4806.0,2.92,152.92,109.11000061035156,-2.5194315082064933,3.266587481573122,4.190663513386056,2.31620520896485,-2.8199996948242188,342687,-0.7474177877855245,3.615714285714286,2.812,-0.8038834187066235,68.9264834216859,6.0176395106761,69.67390120947142,228.6115407201475,0.0201914596401899,100,31.39,33.19285714285714,32.24166666666667,33.66417721518987,20.700957298200947,0.0399999999999991,0.3299999999999983,0.951190476190476,27.848101265822784,-0.8061264930589409,1,Elevated,77.50983604616472,1815.9000244140625,-0.1264947101296654,0.913561633634278,-5.564511864448307,370.8067932128906,-4.031149247530596,1.8975682877877615,-13.1188707123588,103.80999755859376,0.4353685619049141,0.5054318136823268,4.363120825002387,Moderate
2022-05-19,69.0,70,259,455.0,174.42857142857142,1880.0,171.73333333333332,4875.0,2.85,261.85,112.04000091552734,2.685363659413098,3.136363761967932,4.166424832859102,10.853864899402875,2.930000305175781,334176,-0.7182264525009096,3.5628571428571427,2.838,-0.7960896389809904,68.9525181108159,6.907113911321318,69.67074456331682,338.42785847463813,0.0291913352846149,-100,33.94,33.26571428571428,32.25566666666666,33.667625,22.84595667642307,2.549999999999997,2.509999999999998,1.0100476190476186,58.75,0.0971596854315306,1,Elevated,121.4369944771919,1841.199951171875,1.3932444747874362,0.9578830440567432,-4.024190589017884,368.5357666015625,-0.6124555032151924,1.895013985082881,-12.778824088864315,102.72000122070312,-1.049991680498208,0.5504423364877801,3.132532926085041,Moderate
2022-05-20,17.0,40,144,150.0,170.14285714285714,1886.0,171.96666666666667,4892.0,2.18,146.18,112.5500030517578,0.4551964763147342,3.131997914937106,4.131017095420034,11.900975345784204,0.5100021362304688,324183,-0.6769637654879965,3.3128571428571427,2.839,-0.7893608550233684,68.81132667830234,4.77729192583026,69.48829044379033,220.4455823696206,0.041262687012913,-100,31.17,32.32857142857143,32.28066666666667,33.63679012345679,27.306313435064567,-2.769999999999996,-5.319999999999993,0.0479047619047605,22.22222222222222,-0.8811264558260835,1,Elevated,74.28057485909018,1841.800048828125,0.0325927477821119,0.942148228056794,-4.757472214138769,368.6966247558594,0.0436479085273555,1.888985850879972,-13.178234241568209,103.1500015258789,0.4186139992852,0.5533862338096611,3.4085228329613138,Moderate
2022-05-21,0.0,36,123,148.0,164.28571428571428,1571.0,167.0,4892.0,2.11,125.11,112.5500030517578,0.4551964763147342,3.131997914937106,4.131017095420034,11.900975345784204,0.5100021362304688,203065,-0.7921907448305092,3.074285714285714,2.814333333333333,-0.7895565934839348,67.71380059196638,4.77729192583026,68.50599133679688,198.39328326262716,-0.1152269793425126,-100,29.33,31.64428571428571,32.01466666666666,33.58426829268293,14.676134896712568,-1.8400000000000036,0.9299999999999926,-0.3703809523809518,3.658536585365853,-1.5072109203816972,1,Elevated,65.65611503769148,1841.800048828125,0.0325927477821119,0.942148228056794,-4.757472214138769,368.6966247558594,0.0436479085273555,1.888985850879972,-13.178234241568209,103.1500015258789,0.4186139992852,0.5533862338096611,3.4085228329613138,Moderate
2022-05-22,51.0,57,184,176.0,166.85714285714286,1579.0,167.36666666666667,4943.0,2.2,186.2,112.5500030517578,0.4551964763147342,3.131997914937106,4.131017095420034,11.900975345784204,0.5100021362304688,183533,-0.8066278640374137,2.834285714285714,2.793,-0.788989713238653,66.60833967702274,4.77729192583026,67.41496754106015,258.39225946689044,-0.0144371192069044,-100,31.17,31.427142857142854,31.96033333333333,33.55518072289156,21.172185596034527,1.8400000000000036,3.680000000000007,-0.5331904761904767,23.49397590361446,-0.8464587769461901,1,Elevated,89.87391027854414,1841.800048828125,0.0325927477821119,0.942148228056794,-4.757472214138769,368.6966247558594,0.0436479085273555,1.888985850879972,-13.178234241568209,103.1500015258789,0.4186139992852,0.5533862338096611,3.4085228329613138,Moderate
2022-05-23,7.0,45,150,170.0,166.14285714285714,1566.0,167.96666666666667,4950.0,2.2,152.2,113.41999816894533,0.7729854230100974,3.115124097346688,4.096899554097104,10.352208130004058,0.8699951171875,309520,-0.7965836917719699,2.611428571428572,2.772666666666667,-0.7850947035777914,67.38527990694809,4.923330333357191,68.18186359872006,225.3051939320773,0.0100441722654438,100,30.26,31.23,31.95133333333333,33.515952380952385,18.85022086132722,-0.91,-2.750000000000004,-0.7213333333333303,10.714285714285714,-1.1530433358219048,1,Elevated,76.48570485308689,1847.800048828125,0.3257682615340096,0.9406595351932804,-4.831063449591644,375.594970703125,1.87100870582515,1.935975431763304,-11.316673472389128,102.08000183105467,-1.0373239738205586,0.5919374256966234,2.284567845267937,Moderate
2022-05-24,15.0,40,130,168.0,162.85714285714286,1545.0,168.13333333333333,4965.0,2.16,132.16,113.55999755859376,0.1234344841373635,2.994660843120715,4.0632453269988575,15.312747448843812,0.1399993896484375,333954,-0.8389811904317889,2.3742857142857146,2.7503333333333333,-0.7861182089687966,68.41045350284338,4.64937007214246,69.24943469327518,206.0588047654176,-0.042397498659819,100,29.26,30.93142857142857,31.907333333333334,33.46588235294117,12.211987493299096,-1.0,-0.0899999999999998,-0.9759047619047648,3.5294117647058822,-1.4785303737542288,1,Elevated,68.57363496751202,1865.0999755859373,0.9362445232526272,0.9604684261815574,-4.073449120670613,372.727783203125,-0.7633721757862033,1.9212488886935135,-10.46325814185044,101.86000061035156,-0.2155184333433202,0.5942269834162167,1.9313522458538568,Moderate
2022-05-25,11.0,52,178,170.0,166.85714285714286,1528.0,168.13333333333333,4976.0,2.19,180.19,114.02999877929688,0.4138792099397603,2.7919096735503244,4.030368477752296,8.973623322265944,0.470001220703125,343536,-0.9872084530222056,2.27,2.727,-0.7941826049382592,68.72080389986652,4.103151215716679,69.70801235288873,254.00116356860545,-0.1482272625904168,100,29.15,30.61142857142857,31.79833333333333,33.4156976744186,11.841136312952084,-0.1100000000000029,0.889999999999997,-1.18690476190476,3.488372093023256,-1.488434945883477,1,Elevated,87.65886295686443,1846.199951171875,-1.0133518128498609,0.9262647452679922,-6.384058920575564,376.0208129882813,0.8834945860104249,1.9343784091744407,-9.336285051437876,102.05999755859376,0.1963449313212129,0.5921733415489415,1.7648784793184324,Moderate
2022-05-26,96.0,52,181,197.0,155.71428571428572,1545.0,169.26666666666668,5072.0,2.14,183.14,117.4000015258789,2.955365064157034,2.752714454403763,4.011963975633604,7.924253395213854,3.3700027465820312,323608,-0.8348811932776281,2.1685714285714286,2.6966666666666668,-0.7961599765333897,68.56791368158518,6.500504858082183,69.4027948748628,259.043299732945,0.1523272597445776,-100,32.77,30.44428571428572,31.80233333333333,33.40827586206897,28.261636298722888,3.620000000000005,3.730000000000008,-1.358047619047614,45.97701149425287,-0.223954512570304,1,Elevated,89.73676091820543,1847.4000244140625,0.0650023439457747,0.9193349364101128,-6.744067419784827,383.5342102050781,1.9981333365796996,1.9625325368219069,-8.571873586172728,101.83000183105467,-0.2253534519310762,0.588097820473039,1.952347448197389,Moderate
2022-05-27,37.0,44,172,217.0,159.71428571428572,1570.0,168.46666666666667,5109.0,2.21,174.21,119.43000030517578,1.7291301132133174,2.7295079355379888,3.98419442661464,6.920325486235601,2.029998779296875,310141,-0.804030070654156,2.172857142857143,2.6659999999999995,-0.7972823456015765,68.25145957024841,5.150670597374866,69.05548964090256,248.41616023827743,0.0308511226234721,-100,30.79,30.39,31.783,33.378522727272724,22.65425561311736,-1.980000000000004,-5.6000000000000085,-1.3930000000000042,19.318181818181817,-0.9091114371469052,1,Elevated,85.55536616713047,1851.300048828125,0.2111088211823153,0.9211444136342408,-6.068292359045147,392.94964599609375,2.4549142007387337,2.015310721116579,-5.1463033672828224,101.66999816894533,-0.1571282129355533,0.5850933030769481,1.3456922629862644,Moderate
2022-05-28,43.0,46,167,260.0,166.0,1543.0,164.46666666666667,5152.0,2.36,169.36,119.43000030517578,1.7291301132133174,2.7295079355379888,3.98419442661464,6.920325486235601,2.029998779296875,196603,-0.855118575366146,2.2085714285714286,2.66,-0.8011634861453202,67.05870771534529,5.150670597374866,67.91382629071144,242.4244968880863,-0.05108850471199,-100,29.86,30.465714285714288,31.659,33.33898876404494,12.955442523559949,-0.9299999999999996,1.0500000000000045,-1.193285714285711,10.112359550561797,-1.2183262868829556,1,Elevated,83.38703349709225,1851.300048828125,0.2111088211823153,0.9211444136342408,-6.068292359045147,392.94964599609375,2.4549142007387337,2.015310721116579,-5.1463033672828224,101.66999816894533,-0.1571282129355533,0.5850933030769481,1.3456922629862644,Moderate
2022-05-29,113.0,55,168,322.0,163.71428571428572,1642.0,164.0,5265.0,2.46,170.46,119.43000030517578,1.7291301132133174,2.7295079355379888,3.98419442661464,6.920325486235601,2.029998779296875,180336,-0.8040624529958129,2.245714285714286,2.658333333333333,-0.8034753188226619,65.85221467796177,5.150670597374866,66.65627713095758,242.26694772833247,0.051056122370333,-100,32.29,30.625714285714285,31.69833333333333,33.327333333333335,25.255280611851667,2.43,3.3599999999999994,-1.0726190476190496,40.0,-0.3650510032081769,1,Elevated,83.57552366514147,1851.300048828125,0.2111088211823153,0.9211444136342408,-6.068292359045147,392.94964599609375,2.4549142007387337,2.015310721116579,-5.1463033672828224,101.66999816894533,-0.1571282129355533,0.5850933030769481,1.3456922629862644,Moderate
2022-05-30,9.0,62,219,324.0,173.57142857142858,1650.0,165.4,5246.0,2.57,221.57,119.43000030517578,1.7291301132133174,2.7295079355379888,3.98419442661464,6.920325486235601,2.029998779296875,279851,-0.7848829474151637,2.2985714285714285,2.659,-0.8023432869361166,66.38913808041627,5.150670597374866,67.17402102783144,293.8946916252063,0.0191795055806491,100,32.14,30.89428571428571,31.772666666666662,33.382444444444445,31.99589752790325,-0.1499999999999985,-2.5799999999999983,-0.8783809523809545,39.56043956043956,-0.4488277608176108,1,Elevated,104.12307244451624,1851.300048828125,0.2111088211823153,0.9211444136342408,-6.068292359045147,392.94964599609375,2.4549142007387337,2.015310721116579,-5.1463033672828224,101.66999816894533,-0.1571282129355533,0.5850933030769481,1.3456922629862644,Moderate
2022-05-31,10.0,66,229,319.0,187.7142857142857,1561.0,166.26666666666668,5231.0,2.71,231.71,122.83999633789062,2.855225675292128,2.7644081891698997,3.965275231796048,8.55425270635839,3.409996032714844,318704,-0.7685839770969233,2.377142857142857,2.6526666666666667,-0.8046967814896927,67.40836446749317,6.475059135097867,68.1769484445901,306.362007579688,0.0162989703182404,100,31.39,31.19857142857143,31.67833333333333,33.388111111111115,11.681494851591204,-0.75,-0.6000000000000014,-0.4797619047619044,33.15217391304348,-0.7230268287212859,1,Elevated,108.90941334295718,1842.699951171875,-0.4645436952099624,0.909238601454422,-7.070455974381051,390.7447509765625,-0.561113883673825,2.01627669027528,-5.717316983442844,101.75,0.0786877471186331,0.5799505511250254,0.9624937809608268,Moderate
2022-06-01,2.0,42,140,310.0,182.28571428571428,1558.0,165.6,5191.0,2.63,142.63,116.29000091552734,-5.332135800742366,2.77202426383741,3.997045178910656,8.428905282542987,-6.549995422363281,332175,-0.6135233132760725,2.44,2.646333333333333,-0.799645424135057,67.9218433467636,8.947050592834074,68.53536666003967,220.1124172528737,0.1550606638208508,100,31.41,31.52142857142857,31.67633333333333,33.411,13.175303319104255,0.0199999999999995,0.7699999999999996,-0.1549047619047598,35.483870967741936,-0.7307908671533877,1,Elevated,74.33789356914156,1843.300048828125,0.03256621653831,0.884790689287176,-5.747297906123016,387.5842590332031,-0.8088379781073352,1.9904444783389703,-7.965590834329072,102.5500030517578,0.7862437855113535,0.5955907606960316,1.574885084888722,Moderate
2022-06-02,68.0,58,225,282.0,188.57142857142856,1609.0,168.66666666666666,5245.0,2.63,227.63,117.61000061035156,1.1350930298668294,2.7724956172540662,3.96833865466975,10.12172027125784,1.3199996948242188,320687,-0.659880344304712,2.51,2.645666666666666,-0.7945856844302558,68.03297007364523,4.91976067424668,68.69285041794994,301.2426110921966,-0.0463570310286395,-100,31.77,31.37857142857143,31.73233333333333,33.41877777777778,23.4317851551432,0.3599999999999994,0.3399999999999998,-0.3537619047618996,40.42553191489361,-0.6034189268793927,1,Elevated,106.75847435328868,1866.5,1.2586095891780724,0.923674281255912,-4.394818761574415,394.96527099609375,1.904363190936076,2.029115066651985,-6.143302113813542,101.7699966430664,-0.7606108098287767,0.603630364012101,1.374636180703348,Moderate
2022-06-03,9.0,51,201,254.0,192.7142857142857,1616.0,170.2,5154.0,2.61,203.61,119.72000122070312,1.7940656401678856,2.778100882683367,3.942987603281276,10.5141689256238,2.1100006103515625,289929,-0.76248191225489,2.567142857142857,2.6476666666666664,-0.7933832995306446,67.79996469236028,5.623583415413633,68.56244660461516,277.7960300200288,-0.102601567950178,-100,31.22,31.44,31.738666666666667,33.39011111111111,22.51300783975089,-0.5500000000000007,-0.91,-0.2986666666666657,27.368421052631582,-0.7914722832211455,1,Elevated,97.40592268708848,1845.4000244140625,-1.130456768600996,0.940263158663073,-5.115944200266864,388.4832153320313,-1.641171044662959,2.03251893194611,-6.2822421672037,102.13999938964844,0.3635676120534059,0.6058787881970618,1.5510017202168047,Moderate
2022-06-04,14.0,43,155,225.0,191.0,1607.0,168.66666666666666,5092.0,2.54,157.54,119.72000122070312,1.7940656401678856,2.778100882683367,3.942987603281276,10.5141689256238,2.1100006103515625,196997,-0.8410679337036955,2.5928571428571425,2.6546666666666665,-0.7953744918694655,66.76863260522804,5.623583415413633,67.60970053893173,230.77328395434532,-0.0785860214488054,-100,29.9,31.445714285714285,31.74566666666667,33.349,12.092930107244026,-1.3200000000000005,-0.7699999999999996,-0.2999523809523836,10.416666666666668,-1.246785689943375,1,Elevated,78.7873734739518,1845.4000244140625,-1.130456768600996,0.940263158663073,-5.115944200266864,388.4832153320313,-1.641171044662959,2.03251893194611,-6.2822421672037,102.13999938964844,0.3635676120534059,0.6058787881970618,1.5510017202168047,Moderate
2022-06-05,22.0,45,161,134.0,190.0,1619.0,169.73333333333332,5041.0,2.32,163.32,119.72000122070312,1.7940656401678856,2.778100882683367,3.942987603281276,10.5141689256238,2.1100006103515625,175808,-0.8049411664975407,2.5728571428571425,2.657666666666666,-0.7952882223455617,65.62845877144439,5.623583415413633,66.43339993794193,235.3769833533556,0.0361267672061548,-100,30.02,31.12142857142857,31.782333333333334,33.343333333333334,13.980633836030776,0.120000000000001,1.4400000000000013,-0.6609047619047637,12.371134020618555,-1.1986048730254089,1,Elevated,80.86411335375384,1845.4000244140625,-1.130456768600996,0.940263158663073,-5.115944200266864,388.4832153320313,-1.641171044662959,2.03251893194611,-6.2822421672037,102.13999938964844,0.3635676120534059,0.6058787881970618,1.5510017202168047,Moderate
2022-06-06,52.0,86,260,177.0,195.8571428571429,1576.0,174.36666666666667,5040.0,2.51,262.51,119.51000213623048,-0.175408521827125,2.75655124625914,3.91481885449986,12.058134483224592,-0.2099990844726562,289140,-0.6782985701103111,2.564285714285714,2.6626666666666665,-0.7885784461164849,66.24855701933406,4.137773216408725,66.92685558944437,333.5746288058531,0.1266425963872295,100,31.23,30.99142857142857,31.76833333333333,33.345,18.533212981936146,1.2100000000000009,1.09,-0.7769047619047598,29.59183673469388,-0.7631695628851755,1,Elevated,120.04448040445236,1839.199951171875,-0.3359744857571511,0.9352352130119752,-4.7540159931706345,389.66607666015625,0.3044819650995789,1.97616366183596,-3.344764699666236,102.44000244140624,0.2937174990704116,0.597680287578511,1.205296587621052,Moderate
2022-06-07,45.0,67,221,212.0,194.7142857142857,1616.0,177.8,5039.0,2.57,223.57,120.56999969482422,0.8869530078206012,2.6242783109644203,3.8872881023659023,17.836200209569753,1.05999755859375,322255,-0.7810391232383844,2.544285714285714,2.683666666666667,-0.7861900442123891,67.28461557242197,5.294851339741997,68.06565469566036,296.93050603540235,-0.1027405531280732,100,31.27,30.974285714285717,31.792333333333332,33.275888888888886,12.513702765640367,0.0399999999999991,-1.1700000000000017,-0.818047619047622,31.313131313131315,-0.7309471861826411,1,Elevated,105.15907147502888,1847.5,0.4512858334319025,0.8769981371596464,-2.4138998706178416,393.40374755859375,0.9591984322764756,1.981833164304916,-2.980110968432204,102.31999969482422,-0.1171444198770577,0.5912786141573817,0.5601962602695076,Moderate
2022-06-08,11.0,67,211,221.0,204.8571428571429,1614.0,179.2,5026.0,2.72,213.72,123.58000183105467,2.4964768548138894,2.621347970855853,3.868078691550283,17.706452372164772,3.0100021362304688,333623,-0.779568337468823,2.557142857142857,2.7060000000000004,-0.78848549813274,67.53294284168906,6.8884700628862205,68.31251117915788,288.9209812420441,0.0014707857695613,100,32.35,31.108571428571427,31.779333333333334,33.288000000000004,18.30735392884781,1.0800000000000018,1.0400000000000027,-0.6707619047619069,46.0,-0.3426317617660567,1,Elevated,101.90589026098608,1851.9000244140625,0.2381609967016196,0.8737987620489743,-2.603344870328061,389.1266174316406,-1.0872113327583643,1.9198014472740312,-1.1728213305290611,102.54000091552734,0.2150129215786611,0.5843486647724937,0.2346020103715096,Moderate
2022-06-09,43.0,47,158,196.0,195.28571428571428,1653.0,179.9,5053.0,2.59,160.59,123.06999969482422,-0.4126898597458295,2.62722667646565,3.842249245541232,16.8533992132857,-0.5100021362304688,334696,-0.7813694958920729,2.551428571428571,2.7246666666666663,-0.7878397419046209,67.5273477702349,4.72525645754005,68.30871726612698,233.623973723667,-0.0018011584232499,100,30.97,30.994285714285716,31.821,33.28322222222222,17.70900579211625,-1.3800000000000026,-2.4600000000000044,-0.8267142857142886,21.782178217821784,-0.8438297299839839,1,Elevated,79.78784603624142,1848.800048828125,-0.1673943271812583,0.8630492868735714,-1.9672291800019612,379.8721008300781,-2.3782789937746407,1.9661893563929225,-3.79371672092721,103.22000122070312,0.6631561333181324,0.5853956602409316,0.2622673923892149,Moderate
2022-06-10,0.0,42,147,187.0,187.57142857142856,1166.0,181.1,5025.0,2.5,149.5,122.01000213623048,-0.8612964664192924,2.6215504968026546,3.818530468202166,13.402738441456252,-1.05999755859375,317367,-0.8023561216402286,2.5357142857142856,2.709,-0.7878760549362712,67.31385079892925,4.823120807367572,68.11620692056948,222.43932772793704,-0.0209866257481556,-100,29.63,30.767142857142854,31.52133333333333,33.26077777777778,19.60493312874077,-1.34,0.0400000000000027,-0.7541904761904767,6.862745098039216,-1.314050352136225,1,Elevated,75.35248970706093,1871.5,1.2278207795517693,0.8940906567403629,-0.9106767414910456,368.85748291015625,-2.8995595875172864,1.964890102873,-8.88478579139873,104.1500015258789,0.9009884655855284,0.5965099844480811,0.5114830778310875,Moderate
2022-06-11,17.0,64,207,190.0,195.0,1147.0,178.4,5013.0,2.61,209.61,122.01000213623048,-0.8612964664192924,2.6215504968026546,3.818530468202166,13.402738441456252,-1.05999755859375,199262,-0.9835474330442752,2.545714285714286,2.6886666666666668,-0.7936568335943904,66.19336535644439,4.823120807367572,67.17691278948867,281.6100335968562,-0.1811913114040466,-100,29.97,30.77714285714286,31.406,33.228,15.405956557020232,0.3399999999999998,1.6799999999999995,-0.628857142857143,12.62135922330097,-1.1700294436316174,1,Elevated,99.20863088084478,1871.5,1.2278207795517693,0.8940906567403629,-0.9106767414910456,368.85748291015625,-2.8995595875172864,1.964890102873,-8.88478579139873,104.1500015258789,0.9009884655855284,0.5965099844480811,0.5114830778310875,Moderate
2022-06-12,16.0,74,210,184.0,202.0,841.0,179.6,4848.0,2.72,212.72,122.01000213623048,-0.8612964664192924,2.6215504968026546,3.818530468202166,13.402738441456252,-1.05999755859375,182600,-0.8017536727438989,2.6028571428571428,2.648333333333333,-0.7914779240308362,65.10156737123354,4.823120807367572,65.90332104397744,283.446441851345,0.1817937603003764,-100,29.3,30.674285714285716,31.125,33.14455555555556,12.208968801501886,-0.6699999999999982,-1.009999999999998,-0.4507142857142874,4.807692307692308,-1.3787079258472283,1,Elevated,100.19791253174252,1871.5,1.2278207795517693,0.8940906567403629,-0.9106767414910456,368.85748291015625,-2.8995595875172864,1.964890102873,-8.88478579139873,104.1500015258789,0.9009884655855284,0.5965099844480811,0.5114830778310875,Moderate
2022-06-13,7.0,51,170,139.0,189.14285714285717,846.0,179.8,4611.0,2.46,172.46,122.2699966430664,0.2130927811521799,2.612427518895382,3.792676986931688,11.825499120393722,0.2599945068359375,294546,-0.7108790410823771,2.595714285714286,2.6043333333333334,-0.785410489617537,65.80717239643718,4.008070212086935,66.51805143751956,242.9861216496065,0.0908746316615217,100,28.19,30.24,30.927333333333333,33.037444444444446,14.854373158307611,-1.1099999999999994,-0.4400000000000013,-0.6873333333333314,1.9047619047619049,-1.7363989299545133,1,Elevated,83.89083837233869,1828.0,-2.3243387656959658,0.9617686601914008,-4.258107513170851,354.8526916503906,-3.7968028055911263,1.9710166562651488,-8.980571485646793,105.08000183105467,0.8929431507926466,0.6038733536286804,2.059054744981781,Moderate
2022-06-14,7.0,48,151,101.0,179.14285714285714,830.0,179.3,4283.0,2.28,153.28,121.16999816894533,-0.8996470960347169,2.5967021902645,3.770045241675044,12.632455945885336,-1.0999984741210938,329028,-0.7819253551360393,2.5542857142857143,2.551,-0.7837000397912458,66.93013062574651,4.75959488088775,67.71205598088255,225.75165086177032,-0.0710463140536622,100,28.19,29.800000000000004,30.77733333333333,32.94011111111111,12.155231570268311,0.0,1.1099999999999994,-0.977333333333327,2.358490566037736,-1.6926046547742477,1,Elevated,76.75824914853162,1809.5,-1.0120350109409149,0.8710250717482807,-2.809112012916981,353.78338623046875,-0.3013378354123852,1.9637399099281383,-9.797814937268845,105.5199966430664,0.4187236432667163,0.5936463153430587,1.7158268902553342,Moderate
2022-06-15,0.0,55,178,90.0,174.42857142857142,817.0,180.06666666666666,4235.0,2.2,180.2,118.51000213623048,-2.195259612867251,2.588275010626589,3.756254329223754,12.898924224130482,-2.659996032714844,337623,-0.677019334586641,2.48,2.499,-0.7814339856359942,67.14466053332065,6.073427045906888,67.82167986790729,254.09510691381416,0.1049060205493983,100,28.51,29.25142857142857,30.673,32.82211111111111,12.72453010274699,0.3200000000000003,0.3200000000000003,-1.4215714285714292,3.738317757009345,-1.5588672268621455,1,Elevated,88.07370679194422,1815.300048828125,0.3205332317283815,0.8700577535307465,-2.862799582734843,358.8269348144531,1.425603569947964,1.9848602859865567,-8.92936768249285,105.16000366210938,-0.3411609101682922,0.5953252335236228,1.633326008957359,Moderate
2022-06-16,53.0,86,219,100.0,183.14285714285717,853.0,182.26666666666668,4194.0,2.38,221.38,119.80999755859376,1.0969499611255706,2.4500864541652203,3.732865220387878,8.779733269050794,1.2999954223632812,332616,-0.6847343301069488,2.45,2.451,-0.7786714883920354,67.08020374511389,4.42500974219587,67.76493807522084,293.56994781741673,-0.0077149955203078,-100,30.16,29.13571428571429,30.633333333333333,32.75888888888888,22.43857497760154,1.6499999999999986,1.3299999999999983,-1.4976190476190432,18.51851851851852,-0.9412102316399458,1,Elevated,103.87499151192252,1845.699951171875,1.674648902443132,0.927982484832418,-1.1408703175214252,346.9512023925781,-3.3095989374420487,1.955284904006485,-14.545766684904182,103.62999725341795,-1.4549318708731551,0.6358983746367217,1.0137449582335425,Moderate
2022-06-17,1.0,44,167,101.0,186.0,845.0,182.83333333333331,4120.0,2.4,169.4,113.12000274658205,-5.583836865316638,2.6740631426543118,3.767740315091978,2.0018044996916284,-6.689994812011719,320317,-0.7112371351798057,2.435714285714286,2.433666666666667,-0.7774654666385113,66.90515234870927,8.458080457940113,67.61638948388907,245.4744699418292,-0.0265028050728568,-100,30.43,29.25,30.601333333333333,32.71344444444445,20.732514025364285,0.2699999999999996,-1.379999999999999,-1.3513333333333328,21.100917431192663,-0.8256705642074377,1,Elevated,84.66651007995387,1835.5999755859373,-0.5472165494464498,0.929239388172305,-2.0490941522978923,347.6991577148437,0.2155794005346267,1.8718473237002624,-11.205535377328346,104.6999969482422,1.032519273553234,0.6302948223963674,0.915659709149086,Moderate
2022-06-18,33.0,68,213,117.0,186.8571428571429,809.0,181.3,4124.0,2.45,215.45,113.12000274658205,-5.583836865316638,2.6740631426543118,3.767740315091978,2.0018044996916284,-6.689994812011719,196661,-0.8366829990287736,2.412857142857143,2.420333333333333,-0.7814140181894401,65.82905968994383,8.458080457940113,66.6657426889726,290.5738231469128,-0.1254458638489679,-100,31.03,29.40142857142857,30.50433333333333,32.67666666666667,17.527229319244842,0.6000000000000014,0.3300000000000018,-1.1029047619047605,28.63636363636364,-0.5953890072429432,1,Elevated,102.89638072097055,1835.5999755859373,-0.5472165494464498,0.929239388172305,-2.0490941522978923,347.6991577148437,0.2155794005346267,1.8718473237002624,-11.205535377328346,104.6999969482422,1.032519273553234,0.6302948223963674,0.915659709149086,Moderate
2022-06-19,3.0,62,195,104.0,184.7142857142857,795.0,183.0,3811.0,2.37,197.37,113.12000274658205,-5.583836865316638,2.6740631426543118,3.767740315091978,2.0018044996916284,-6.689994812011719,185582,-0.664548696949692,2.3628571428571425,2.4266666666666667,-0.7810001825714967,64.74446878278789,8.458080457940113,65.40901747973759,271.23709793767773,0.1721343020790816,-100,30.39,29.557142857142857,30.47833333333333,32.55533333333334,17.66067151039541,-0.6400000000000006,-1.240000000000002,-0.9211904761904784,19.81981981981982,-0.8270001173488198,1,Elevated,95.41303567912357,1835.5999755859373,-0.5472165494464498,0.929239388172305,-2.0490941522978923,347.6991577148437,0.2155794005346267,1.8718473237002624,-11.205535377328346,104.6999969482422,1.032519273553234,0.6302948223963674,0.915659709149086,Moderate
2022-06-20,2.0,64,228,99.0,193.0,797.0,186.5,3774.0,2.44,230.44,113.12000274658205,-5.583836865316638,2.6740631426543118,3.767740315091978,2.0018044996916284,-6.689994812011719,290595,-0.662242225169042,2.36,2.4376666666666664,-0.7766685652494478,65.42941508262238,8.458080457940113,66.09165730779142,304.98973776573155,0.00230647178065,100,29.9,29.801428571428573,30.497333333333337,32.49766666666667,10.911532358903248,-0.490000000000002,0.1499999999999985,-0.6959047619047638,13.839285714285715,-0.9918543315502552,1,Elevated,108.77756364473431,1835.5999755859373,-0.5472165494464498,0.929239388172305,-2.0490941522978923,347.6991577148437,0.2155794005346267,1.8718473237002624,-11.205535377328346,104.6999969482422,1.032519273553234,0.6302948223963674,0.915659709149086,Moderate
2022-06-21,11.0,59,208,103.0,201.14285714285717,757.0,187.3,3755.0,2.53,210.53,114.6500015258789,1.3525448569202014,2.6742077497217784,3.745888100135944,2.0108569699295087,1.529998779296875,321009,-0.6385424534035672,2.395714285714285,2.4486666666666665,-0.7710657182283196,66.50520255567213,4.227838303634931,67.1437450090757,281.9015833127106,0.0236997717654747,100,27.88,29.75714285714286,30.387666666666668,32.41188888888889,12.818498858827372,-2.02,-1.5299999999999976,-0.6305238095238082,1.7699115044247788,-1.714956618595428,1,Elevated,99.33188432326912,1834.5999755859373,-0.0544781005284544,0.9253736151864502,-2.4771410161322005,356.4520568847656,2.5173771565763614,1.9442615575374156,-8.423642404225918,104.44000244140624,-0.2483233184471522,0.6320352076127363,0.7524587610852951,Moderate
2022-06-22,4.0,54,200,107.0,204.28571428571428,754.0,188.96666666666667,3635.0,2.55,202.55,111.73999786376952,-2.538162776607133,2.490719197172587,3.7352969417045694,5.474792607798151,-2.910003662109375,331658,-0.7680469812158843,2.4457142857142853,2.460333333333333,-0.7701144945431168,66.6784384883322,5.576361234559535,67.4464854695481,275.57284670410763,-0.1295045278123171,100,28.23,29.717142857142854,30.32,32.308,12.247522639061586,0.3500000000000014,2.370000000000001,-0.6028571428571468,4.385964912280701,-1.5560079647506833,1,Elevated,96.73984158773344,1834.300048828125,-0.0163483463318292,0.8971185141428205,-1.2277167119459365,355.8057861328125,-0.1813065009643177,1.8639989945432196,-5.566157060083643,104.1999969482422,-0.2298022669031563,0.6337502528093452,0.5306275101462088,Moderate
2022-06-23,81.0,75,298,135.0,215.57142857142856,820.0,194.56666666666663,3609.0,2.63,300.63,110.0500030517578,-1.5124349779137458,2.4251669666012328,3.7170848264794936,7.40777282364371,-1.6899948120117188,326185,-0.7251209336034116,2.481428571428572,2.476,-0.7663191526488374,66.61764392871362,4.67837922687935,67.34276486231703,372.6511440891964,0.0429260476124727,-100,30.72,29.797142857142852,30.368666666666662,32.25422222222222,26.414630238062365,2.4899999999999984,2.139999999999997,-0.5715238095238107,27.82608695652174,-0.5894221039903282,1,Elevated,135.59190466321516,1825.699951171875,-0.4688490120111077,0.8853008080202585,-0.7717850455874475,359.2936096191406,0.9802604741864008,1.874599155176684,-4.860271870669875,104.43000030517578,0.2207325946927296,0.6332705264728254,0.4907641890075309,Moderate
2022-06-24,1.0,33,124,135.0,209.42857142857144,810.0,192.76666666666668,3602.0,2.56,126.56,113.12000274658205,2.7896407175748594,2.3121965793282016,3.705293219991426,5.218119708753144,3.0699996948242188,310965,-0.8031565504294774,2.5042857142857144,2.4883333333333337,-0.7601840892290799,66.36276690447154,5.623649267778376,67.16592345490102,199.3495727226794,-0.0780356168260658,-100,29.09,29.60571428571428,30.366666666666667,32.17944444444444,27.09017808413033,-1.629999999999999,-4.119999999999997,-0.7609523809523857,6.896551724137931,-1.1900796978780894,1,Elevated,66.30664439809155,1826.5,0.0438214848837326,0.875175550749764,-1.4088295330827003,370.7169494628906,3.179388538487782,1.9489687633929256,-0.2507925025013957,104.19000244140624,-0.2298169712421582,0.6347208819294461,0.3273991066739201,Moderate
2022-06-25,16.0,43,144,118.0,199.57142857142856,730.0,191.53333333333333,3603.0,2.4,146.4,113.12000274658205,2.7896407175748594,2.3121965793282016,3.705293219991426,5.218119708753144,3.0699996948242188,199185,-0.9484483511886178,2.4971428571428573,2.497,-0.7639696611594462,65.38912274287775,5.623649267778376,66.33757109406636,218.36122036184477,-0.1452918007591404,-100,28.05,29.18,30.209333333333333,32.11555555555556,15.326459003795703,-1.0399999999999991,0.5899999999999999,-1.0293333333333337,2.564102564102564,-1.5480481792224423,1,Elevated,74.07697392592462,1826.5,0.0438214848837326,0.875175550749764,-1.4088295330827003,370.7169494628906,3.179388538487782,1.9489687633929256,-0.2507925025013957,104.19000244140624,-0.2298169712421582,0.6347208819294461,0.3273991066739201,Moderate
2022-06-26,10.0,74,247,125.0,207.0,703.0,194.03333333333333,3603.0,2.49,249.49,113.12000274658205,2.7896407175748594,2.3121965793282016,3.705293219991426,5.218119708753144,3.0699996948242188,179577,-0.841847198223485,2.5142857142857147,2.506333333333333,-0.7652302320784238,64.36742356897635,5.623649267778376,65.20927076719984,320.3229200349782,0.1066011529651328,-100,28.65,28.93142857142857,30.138,32.03766666666667,12.633005764825668,0.5999999999999979,1.639999999999997,-1.2065714285714255,6.779661016949152,-1.2910836015656253,1,Elevated,115.08731386055132,1826.5,0.0438214848837326,0.875175550749764,-1.4088295330827003,370.7169494628906,3.179388538487782,1.9489687633929256,-0.2507925025013957,104.19000244140624,-0.2298169712421582,0.6347208819294461,0.3273991066739201,Moderate
2022-06-27,8.0,49,178,131.0,199.8571428571429,668.0,194.4,3609.0,2.42,180.42,115.08999633789062,1.741507729381775,2.328678111268262,3.68660298782998,7.110283486865576,1.9699935913085935,291360,-0.7183462372353466,2.511428571428571,2.5083333333333333,-0.7606711541407305,65.10892312950891,4.781214189336595,65.82726936674426,251.0284835560809,0.1235009609881383,100,27.28,28.557142857142857,30.052000000000003,31.96988888888889,11.717504804940695,-1.3699999999999974,-1.9699999999999955,-1.4948571428571462,1.680672268907563,-1.758319130671499,1,Elevated,87.24593954908349,1820.9000244140625,-0.3065959806152429,0.8293370127942771,-0.1590099976105374,369.3009033203125,-0.3819750201952576,1.9501895797580784,-0.5279692165094607,103.94000244140624,-0.2399462464170665,0.6101516484468158,-0.8679027620009383,Moderate
2022-06-28,9.0,61,226,129.0,202.42857142857144,564.0,196.33333333333331,3615.0,2.44,228.44,117.9800033569336,2.511084465202562,2.271379312629679,3.672816543316764,5.76423140229978,2.8900070190429688,326481,-0.9263478065890076,2.498571428571428,2.5076666666666667,-0.7647473325938369,66.2525479094622,5.358886918062219,67.1788957160512,300.9777826341134,-0.208001569353661,100,27.76,28.54,29.901,31.904111111111117,11.440007846768305,0.4800000000000004,1.8499999999999976,-1.3610000000000009,2.5,-1.536314835312104,1,Elevated,106.95533391043512,1817.5,-0.1867221905912486,0.8127932175698201,0.5588124072982481,361.7550659179688,-2.043276183323839,1.9307415967585069,-4.835644259378402,104.51000213623048,0.5483929973405077,0.6170780944376844,-0.0478150569344304,Moderate
2022-06-29,1.0,36,118,126.0,190.7142857142857,556.0,192.96666666666667,3488.0,2.32,120.32,116.26000213623048,-1.4578752091568226,2.251967268156598,3.6559156438757263,1.7682110558771005,-1.720001220703125,327645,-0.800071893467815,2.4657142857142853,2.4993333333333334,-0.7652536307955919,66.6265490913917,3.8866635829011305,67.42662098485951,191.63328456776063,0.1262759131211925,100,26.26,28.25857142857143,29.705,31.761777777777777,13.431379565605964,-1.5,-1.9800000000000004,-1.4464285714285694,0.8264462809917356,-2.074055265735451,1,Elevated,63.167989630132354,1813.699951171875,-0.209081090955987,0.811597113022118,0.0110257056451512,361.46044921875,-0.0814409325467613,1.9301503318583813,-4.525733913417362,105.11000061035156,0.5741062691195786,0.6219543985131435,0.883000429395997,Moderate
2022-06-30,45.0,65,255,90.0,184.57142857142856,591.0,193.83333333333331,3460.0,2.19,257.19,114.80999755859376,-1.2472084560411711,2.231337297546216,3.638154860794239,2.573034258523798,-1.4500045776367188,338286,-0.6955442165320463,2.402857142857143,2.482,-0.7628189721100961,66.77978362176252,3.735849179439767,67.47532783829456,328.4011770177343,0.1045276769357687,100,28.2,27.898571428571422,29.598666666666663,31.66344444444444,20.622638384678844,1.9399999999999975,3.4399999999999977,-1.7000952380952403,7.377049180327869,-1.3228131551278248,1,Elevated,117.86540523943482,1804.0999755859373,-0.529303404332937,0.8157900253905287,-0.775490923143507,358.5238037109375,-0.812438958165318,1.888365523653681,-7.210121175454032,104.69000244140624,-0.3995796465669055,0.607795070162728,1.286766469815093,Moderate
2022-07-01,8.0,71,266,97.0,204.8571428571429,597.0,198.03333333333333,3467.0,2.42,268.42,111.62999725341795,-2.7697938966968927,2.2419501523690326,3.631346560864792,2.309592731161003,-3.180000305175781,306788,-0.6260279684105801,2.382857142857143,2.475,-0.7632357939479131,66.58112337140382,5.242703322182026,67.2071513398144,340.86985466199644,0.0695162481214662,-100,28.75,27.85,29.51,31.58588888888889,20.04758124060733,0.5500000000000007,-1.389999999999997,-1.66,10.569105691056912,-1.090833674358833,1,Elevated,122.9065115968357,1798.9000244140625,-0.2882296570169917,0.8170328982918723,-0.9361748869123664,362.3157958984375,1.0576681794209009,1.759469309801358,-2.289871024444312,105.13999938964844,0.4298375563550616,0.6076732171254706,1.2811885775298126,Moderate
2022-07-02,11.0,87,291,92.0,225.8571428571429,540.0,200.2333333333333,3395.0,2.64,293.64,111.62999725341795,-2.7697938966968927,2.2419501523690326,3.631346560864792,2.309592731161003,-3.180000305175781,191453,-0.9519699261219916,2.4171428571428573,2.4753333333333334,-0.7729721133418224,65.56983181293462,5.242703322182026,66.52180173905661,365.4045050612386,-0.3259419577114116,-100,28.62,27.93142857142857,29.405000000000005,31.49655555555556,14.42970978855706,-0.129999999999999,-0.6799999999999997,-1.4735714285714323,9.67741935483871,-1.1230933367294142,1,Elevated,132.85744167668412,1798.9000244140625,-0.2882296570169917,0.8170328982918723,-0.9361748869123664,362.3157958984375,1.0576681794209009,1.759469309801358,-2.289871024444312,105.13999938964844,0.4298375563550616,0.6076732171254706,1.2811885775298126,Moderate
2022-07-03,11.0,61,212,93.0,220.8571428571429,542.0,200.6,3363.0,2.58,214.58,111.62999725341795,-2.7697938966968927,2.2419501523690326,3.631346560864792,2.309592731161003,-3.180000305175781,173303,-1.0356325871516814,2.43,2.474333333333333,-0.782077135838382,64.6572013186527,5.242703322182026,65.69283390580438,285.51553722798644,-0.0836626610296896,-100,27.67,27.79142857142857,29.28666666666667,31.41377777777778,11.01831330514845,-0.9499999999999992,-0.8200000000000003,-1.495238095238097,3.2,-1.460561947138393,1,Elevated,101.06764811003367,1798.9000244140625,-0.2882296570169917,0.8170328982918723,-0.9361748869123664,362.3157958984375,1.0576681794209009,1.759469309801358,-2.289871024444312,105.13999938964844,0.4298375563550616,0.6076732171254706,1.2811885775298126,Moderate
2022-07-04,3.0,47,164,88.0,218.8571428571429,531.0,200.9,3334.0,2.55,166.55,111.62999725341795,-2.7697938966968927,2.2419501523690326,3.631346560864792,2.309592731161003,-3.180000305175781,265866,-0.9588844862557476,2.448571428571429,2.4746666666666663,-0.7860043542567838,65.19612016617127,5.242703322182026,66.15500465242701,237.94770797460905,0.0767481008959336,100,27.29,27.792857142857144,29.199666666666666,31.34255555555556,12.28374050447967,-0.3800000000000025,0.5699999999999967,-1.406809523809521,3.1746031746031744,-1.565938056664053,1,Elevated,81.94808225935822,1798.9000244140625,-0.2882296570169917,0.8170328982918723,-0.9361748869123664,362.3157958984375,1.0576681794209009,1.759469309801358,-2.289871024444312,105.13999938964844,0.4298375563550616,0.6076732171254706,1.2811885775298126,Moderate
2022-07-05,2.0,56,203,81.0,215.57142857142856,511.0,202.3,3332.0,2.51,205.51,102.7699966430664,-7.936935257857202,2.625647627275731,3.7122822614135313,-8.273834520449586,-8.860000610351562,308228,-0.9065550902645368,2.4585714285714286,2.481,-0.7893914850490169,66.23234305002916,11.389966337177892,67.13889814029369,284.0388644774716,0.0523293959912108,100,30.64,28.204285714285717,29.22033333333333,31.287333333333336,10.861646979956054,3.3500000000000014,3.730000000000004,-1.016047619047615,33.85826771653544,-0.253997207524593,1,Elevated,100.1877661629299,1761.800048828125,-2.0623700640629905,0.8525542638903618,-4.312399763709207,363.0000305175781,0.1888503418527198,1.7569078156829023,-1.5020892368281968,106.5,1.2935139987127142,0.6127678512669994,3.679905309945642,Moderate
2022-07-06,2.0,64,214,82.0,229.28571428571428,461.0,200.76666666666668,3272.0,2.66,216.66,100.69000244140624,-2.023931370635579,2.641543843062135,3.698215395422123,-10.53753912818426,-2.079994201660156,314064,-0.8958441504324508,2.507142857142857,2.486,-0.7966430043930883,66.42738019817351,5.71922912651614,67.32322434860596,289.70245347512207,0.010710939832086,100,28.03,28.45714285714286,29.11366666666667,31.19988888888889,11.553554699160433,-2.6099999999999994,-5.960000000000001,-0.6565238095238115,6.25,-1.2561822895907218,1,Elevated,102.41633652032766,1734.9000244140625,-1.5268488857152265,0.8882530061125625,-5.804105851885466,364.22601318359375,0.3377362432360087,1.7581844144092813,-1.2125447514541143,107.0999984741211,0.5633788489399993,0.6157441429965976,3.8293716818328822,Moderate
2022-07-07,15.0,72,282,52.0,233.14285714285717,431.0,202.8,3283.0,2.64,284.64,104.6500015258789,3.932862239006374,2.748135417414498,3.717838755430982,-7.732319506832486,3.959999084472656,323366,-0.8111812568936166,2.571428571428572,2.488333333333333,-0.7976477421815961,66.43607407843304,7.45422960710412,67.24725533532666,359.3414849424308,0.0846628935388341,100,29.47,28.638571428571428,29.053666666666665,31.14022222222222,13.223314467694172,1.4399999999999975,4.049999999999997,-0.4150952380952368,19.379844961240316,-0.6681506345327515,1,Elevated,130.28714290990698,1737.9000244140625,0.1729206269976968,0.8855956235296354,-5.947614542155744,369.6810607910156,1.4977095017845832,1.7455739238805734,-1.5745444889845972,107.12999725341795,0.0280100651020243,0.5756864233874172,4.94709574037937,Moderate
2022-07-08,2.0,44,165,46.0,218.7142857142857,422.0,201.26666666666668,3280.0,2.48,167.48,107.0199966430664,2.264687131037846,2.785205200796385,3.711188395299084,-5.759071025122986,2.3699951171875,308097,-0.9015033590015632,2.5800000000000005,2.4803333333333333,-0.801712242899354,66.23632611488254,5.625799434346529,67.13782947388411,240.24362890823065,-0.0903221021079466,-100,27.57,28.47,28.894333333333336,31.069888888888894,14.651610510539737,-1.8999999999999984,-3.3399999999999963,-0.4243333333333368,3.8461538461538463,-1.3942248823369214,1,Elevated,82.66988566851543,1740.5999755859375,0.155357105353926,0.8622027780321382,-6.675245382537054,369.3769836425781,-0.0822539157907753,1.7402366612772058,-0.8989937728148378,107.01000213623048,-0.1120088866460533,0.5736481127966723,5.055960627351053,Moderate
2022-07-09,8.0,48,182,43.0,203.14285714285717,387.0,202.06666666666663,3183.0,2.28,184.28,107.0199966430664,2.264687131037846,2.785205200796385,3.711188395299084,-5.759071025122986,2.3699951171875,192384,-0.9905233074945752,2.5285714285714285,2.47,-0.8086840366194376,65.12269561308837,5.625799434346529,66.11321892058294,256.01901835492947,-0.0890199484930118,-100,27.44,28.30142857142857,28.776666666666667,30.96555555555555,13.64509974246506,-0.129999999999999,1.7699999999999996,-0.4752380952380974,3.816793893129771,-1.4314829020712785,1,Elevated,89.1849635578552,1740.5999755859375,0.155357105353926,0.8622027780321382,-6.675245382537054,369.3769836425781,-0.0822539157907753,1.7402366612772058,-0.8989937728148378,107.01000213623048,-0.1120088866460533,0.5736481127966723,5.055960627351053,Moderate
2022-07-10,10.0,48,189,42.0,199.8571428571429,397.0,203.46666666666667,3174.0,2.22,191.22,107.0199966430664,2.264687131037846,2.785205200796385,3.711188395299084,-5.759071025122986,2.3699951171875,168052,-1.0099843716731844,2.4771428571428573,2.460666666666667,-0.8156049782872027,63.95426471214256,5.625799434346529,64.96424908381574,261.81004851816226,-0.0194610641786092,-100,27.29,28.247142857142855,28.698666666666668,30.86844444444444,11.097305320893042,-0.1500000000000021,-0.0200000000000031,-0.4515238095238096,3.4090909090909087,-1.4707567550243608,1,Elevated,91.73116959050176,1740.5999755859375,0.155357105353926,0.8622027780321382,-6.675245382537054,369.3769836425781,-0.0822539157907753,1.7402366612772058,-0.8989937728148378,107.01000213623048,-0.1120088866460533,0.5736481127966723,5.055960627351053,Moderate
2022-07-11,130.0,75,271,169.0,215.14285714285717,510.0,205.6,3216.0,2.63,273.63,107.0999984741211,0.0747540960232884,2.783486445615644,3.688929094523924,-6.077348398984617,0.0800018310546875,281055,-0.8166519654067242,2.4885714285714284,2.4613333333333336,-0.8100417960326176,64.59431741067291,3.465975381537394,65.41096937607963,342.506944757617,0.1933324062664602,100,30.69,28.732857142857146,28.722666666666665,30.78711111111111,39.0666620313323,3.400000000000002,3.5500000000000043,0.0101904761904769,36.84210526315789,-0.0420224675385256,1,Elevated,123.92058402783088,1730.0,-0.6089840132491808,0.8525833027875207,-6.294006838106414,365.1573791503906,-1.1423571795341037,1.7434559905387188,-2.88905120744718,108.0199966430664,0.9438318724170668,0.5909771793639025,5.839701378643425,Moderate
2022-07-12,14.0,82,262,181.0,223.57142857142856,508.0,207.33333333333331,3226.0,2.78,264.78,99.48999786376952,-7.105509541338028,2.9921387111983866,3.678627096233937,-15.255539547979824,-7.610000610351562,311225,-0.7119418370765371,2.527142857142857,2.463333333333333,-0.8070480681770389,65.60084337681265,11.623202207334398,66.31278521388919,342.7159874212236,0.1047101283301871,100,33.41,29.12857142857143,28.85966666666667,30.77311111111111,35.22355064165094,2.7199999999999958,-0.6800000000000068,0.2689047619047606,67.91044776119402,1.1510399413649488,1,Elevated,123.8238379257116,1723.300048828125,-0.3872804145592434,0.8514973088550525,-6.717547577455408,361.9261474609375,-0.8848874140161778,1.703797126846358,-5.6339336020603366,108.06999969482422,0.0462905511125377,0.5864407401802694,6.1278579510607,Moderate
2022-07-13,44.0,88,334,223.0,240.7142857142857,545.0,212.8,3235.0,3.02,337.02,99.56999969482422,0.0804119336339947,2.9646864388581298,3.6717412733749337,-16.62898816009706,0.0800018310546875,321009,-0.8009989572338568,2.5785714285714287,2.482,-0.8100520653820883,65.80792362281423,4.70799718850183,66.60892258004809,408.33691976854993,-0.0890571201573197,100,29.26,29.304285714285715,28.895333333333333,30.715,18.845285600786603,-4.149999999999995,-6.86999999999999,0.4089523809523818,18.14814814814815,-0.6433273892386421,1,Elevated,150.01298339141033,1734.199951171875,0.6325017138577804,0.8623967408601784,-6.325290043090237,360.025390625,-0.5251780920699112,1.6302208006767942,-8.378746668070814,107.95999908447266,-0.1017864445842398,0.5853643164533775,6.186683415765604,Moderate
2022-07-14,111.0,89,345,319.0,249.7142857142857,649.0,219.26666666666668,3303.0,3.31,348.31,99.0999984741211,-0.4720309552512347,2.893873530912371,3.595904992532701,-19.32595129559346,-0.470001220703125,318518,-0.7861158993724613,2.674285714285714,2.5163333333333333,-0.810191750189969,65.72567998507563,5.298499615722951,66.51179588444809,420.12029550017104,0.0148830578613955,-100,31.31,29.56714285714286,28.999333333333333,30.697,26.374415289306977,2.049999999999997,6.199999999999992,0.567809523809526,48.52941176470589,0.2724117403721224,1,Elevated,154.7457590231788,1704.5,-1.7126024684642305,0.9040012467626078,-7.499861878434744,359.15106201171875,-0.2428519310161525,1.6293526408815138,-8.085505662170444,108.54000091552734,0.5372377139433615,0.588015485319432,6.6732195729998445,Moderate
2022-07-15,11.0,59,236,328.0,259.85714285714283,660.0,221.2,3290.0,3.42,239.42,101.16000366210938,2.0787136424893493,2.7970214340051003,3.572454681476915,-13.010574541493336,2.060005187988281,303217,-0.7874306591735817,2.8085714285714287,2.557,-0.8138721276762003,65.45644358164704,6.176792530643783,66.24387424082062,311.8406667714644,-0.0013147598011203,-100,30.97,30.052857142857142,29.081333333333337,30.67888888888889,31.1065737990056,-0.3399999999999998,-2.389999999999997,0.9715238095238056,39.78102189781022,0.1298835720491172,1,Elevated,111.48749186042164,1702.4000244140625,-0.1232018530910816,0.9027357210645022,-7.643900650012969,366.0126647949219,1.9105060541291683,1.6732628490540375,-5.565652818845068,108.05999755859376,-0.4422363671317431,0.5897963906319683,5.372983269493425,Moderate
2022-07-16,4.0,99,309,324.0,278.0,611.0,224.2,3291.0,3.66,312.66,101.16000366210938,2.0787136424893493,2.7970214340051003,3.572454681476915,-13.010574541493336,2.060005187988281,192534,-0.9882440471338244,3.005714285714286,2.5996666666666663,-0.8239891182437629,64.36026344256999,6.176792530643783,65.3485074897038,384.18530002034765,-0.2008133879602426,-100,30.33,30.465714285714284,29.087,30.65377777777778,14.804066939801215,-0.6400000000000006,-0.3000000000000007,1.378714285714285,30.434782608695656,-0.1450413532957496,1,Elevated,140.6044185101983,1702.4000244140625,-0.1232018530910816,0.9027357210645022,-7.643900650012969,366.0126647949219,1.9105060541291683,1.6732628490540375,-5.565652818845068,108.05999755859376,-0.4422363671317431,0.5897963906319683,5.372983269493425,Moderate
2022-07-17,67.0,78,273,381.0,290.0,677.0,227.7333333333333,3341.0,3.92,276.92,101.16000366210938,2.0787136424893493,2.7970214340051003,3.572454681476915,-13.010574541493336,2.060005187988281,175227,-0.971863861423505,3.248571428571428,2.650333333333333,-0.8326766757852195,63.22489432748962,6.176792530643783,64.19675818891312,347.29355071955695,0.0163801857103192,-100,31.66,31.09,29.128,30.657,25.281900928551597,1.3300000000000018,1.9700000000000024,1.962,57.55395683453237,0.4490573056991071,1,Elevated,126.07806865004017,1702.4000244140625,-0.1232018530910816,0.9027357210645022,-7.643900650012969,366.0126647949219,1.9105060541291683,1.6732628490540375,-5.565652818845068,108.05999755859376,-0.4422363671317431,0.5897963906319683,5.372983269493425,Moderate
2022-07-18,70.0,58,226,321.0,283.57142857142856,714.0,228.16666666666663,3403.0,3.72,229.72,106.2699966430664,5.05139659546201,2.9590337419875183,3.589520421361112,-9.642040564947552,5.109992980957031,288314,-0.8205049751876045,3.4042857142857144,2.6926666666666668,-0.8321374083238472,63.942104235163896,8.974634393944282,64.7626092103515,303.4572436042958,0.1513588862359005,100,31.35,31.184285714285718,29.13866666666667,30.63288888888889,13.3567944311795,-0.3099999999999987,-1.6400000000000006,2.045619047619045,49.642857142857146,0.3239070350462223,1,Elevated,108.43037559964802,1709.199951171875,0.3994317822071824,0.8657425202919677,-8.427540789077149,362.9905395507813,-0.8256887082948139,1.6298312805782744,-8.095580496146649,107.37000274658205,-0.6385293610964404,0.5834967442344288,5.50261008964783,Moderate
2022-07-19,28.0,62,236,335.0,279.85714285714283,739.0,229.53333333333333,3420.0,3.67,239.67,107.3499984741211,1.0162810437287728,2.9434722430975486,3.3122272437798084,-10.332444554338082,1.0800018310546875,317036,-0.7889095793755128,3.531428571428571,2.736,-0.8362827710713745,64.97076790360262,4.99299774226013,65.75967748297813,310.42267522523827,0.0315953958120917,100,29.83,30.67285714285714,29.12,30.62633333333334,19.057976979060463,-1.5200000000000031,-1.2100000000000044,1.5528571428571425,23.404255319148938,-0.3594451525508014,1,Elevated,111.01713459349968,1710.0,0.0468083811713482,0.8528904395036981,-7.337163900659083,372.7981872558594,2.701901740253509,1.6952374221791906,-4.037504699595862,106.68000030517578,-0.6426398656567134,0.6012513756728453,4.4448804999576375,Moderate
2022-07-20,37.0,85,300,328.0,275.0,774.0,231.9333333333333,3142.0,3.62,303.62,106.91999816894533,-0.4005592093971444,2.943377486753522,3.307902993385111,-10.53468642142078,-0.4300003051757812,319010,-0.6982557838607505,3.617142857142857,2.7753333333333337,-0.8374832230277648,65.19312308593778,4.397405338292744,65.89137886979853,373.9087842080913,0.0906537955147622,100,29.71,30.737142857142857,29.113666666666667,30.54188888888889,12.753268977573809,-0.1199999999999974,1.4000000000000057,1.6234761904761896,22.53521126760564,-0.3962039040273966,1,Elevated,136.3852379092768,1699.5,-0.6140350877193002,0.8553625774438378,-7.595691326702303,375.1741333007813,0.6373276818782525,1.6992184617181458,-3.719067228942796,107.08000183105467,0.3749545601187121,0.6021181124276225,4.529479967849892,Moderate
2022-07-21,49.0,80,313,266.0,270.42857142857144,812.0,235.4333333333333,3148.0,3.45,316.45,103.86000061035156,-2.861950627569798,2.969497371323897,3.305897510986379,-13.85916822324582,-3.05999755859375,318453,-0.7591272297997311,3.6371428571428575,2.806,-0.8415027155743037,65.17312168364855,7.217364821218277,65.93224891344828,389.59961373466655,-0.0608714459389806,-100,31.21,30.722857142857144,29.224666666666668,30.52422222222222,14.404357229694902,1.5,1.6199999999999974,1.4981904761904763,46.15384615384615,0.3285813787680943,1,Elevated,142.65339571117698,1712.699951171875,0.7766961560385477,0.866674455341476,-7.296349057002704,378.9945983886719,1.018317828651516,1.7005376712108895,-3.66268731788727,106.91000366210938,-0.1587580930503929,0.602801176942469,4.485930395792748,Moderate
2022-07-22,1.0,63,238,256.0,270.7142857142857,809.0,236.7,3129.0,3.44,241.44,103.1999969482422,-0.6354743483831582,2.9168286550671163,3.2618934139511166,-16.49134534782889,-0.660003662109375,296637,-0.7648989836155028,3.64,2.835666666666667,-0.8413977823209575,64.89907273624192,5.201437538233163,65.66397171985743,312.3054092580906,-0.0057717538157716,-100,29.84,30.56142857142857,29.27833333333333,30.516555555555552,19.72885876907886,-1.370000000000001,-2.870000000000001,1.2830952380952425,24.305555555555557,-0.3239693417450857,1,Elevated,111.78936935926475,1727.0999755859375,0.8407791688327837,0.8851317437530635,-6.739027333163494,375.478271484375,-0.927803963235052,1.697626379478075,-3.5074305729453914,106.7300033569336,-0.1683661949396953,0.6053927503594353,4.086212603857864,Moderate
2022-07-23,53.0,71,248,305.0,262.0,781.0,235.03333333333333,3146.0,3.41,251.41,103.1999969482422,-0.6354743483831582,2.9168286550671163,3.2618934139511166,-16.49134534782889,-0.660003662109375,185351,-0.8939792502412975,3.6042857142857145,2.8616666666666664,-0.8470263928755538,63.79700799054456,5.201437538233163,64.69098724078586,321.302424779019,-0.1290802666257947,-100,30.63,30.60428571428572,29.27533333333333,30.51711111111111,21.34540133312897,0.7899999999999991,2.16,1.3289523809523835,36.55172413793103,0.0540563496306542,1,Elevated,115.58277246345044,1727.0999755859375,0.8407791688327837,0.8851317437530635,-6.739027333163494,375.478271484375,-0.927803963235052,1.697626379478075,-3.5074305729453914,106.7300033569336,-0.1683661949396953,0.6053927503594353,4.086212603857864,Moderate
2022-07-24,42.0,77,270,280.0,261.57142857142856,822.0,239.9,3160.0,3.36,273.36,103.1999969482422,-0.6354743483831582,2.9168286550671163,3.2618934139511166,-16.49134534782889,-0.660003662109375,171097,-0.888618251475064,3.5242857142857145,2.888333333333333,-0.84987511624374,62.70250246026639,5.201437538233163,63.59112071174145,342.1525582499746,0.0053609987662335,-100,29.9,30.352857142857143,29.302333333333333,30.48911111111111,12.72680499383117,-0.7300000000000004,-1.5199999999999996,1.05052380952381,26.02739726027397,-0.2833040816114082,1,Elevated,124.14279915764156,1727.0999755859375,0.8407791688327837,0.8851317437530635,-6.739027333163494,375.478271484375,-0.927803963235052,1.697626379478075,-3.5074305729453914,106.7300033569336,-0.1683661949396953,0.6053927503594353,4.086212603857864,Moderate
2022-07-25,25.0,65,248,235.0,264.7142857142857,831.0,243.36666666666667,3106.0,3.3,251.3,105.1500015258789,1.889539375291549,2.950844120035012,3.1918945965840164,-14.560817594362074,1.9500045776367188,276623,-0.7409298494570457,3.4642857142857144,2.918333333333333,-0.8429578328526877,63.30847608721237,6.296465254762769,64.04940593666942,321.6458711914322,0.1476884020180183,100,30.06,30.16857142857143,29.36933333333333,30.460333333333335,14.738442010090091,0.1600000000000001,0.8900000000000006,0.7992380952380991,29.25170068027211,-0.1936714692338281,1,Elevated,115.848467289239,1719.0,-0.4689928608903826,0.8861261467855853,-7.020772684985577,375.9344787597656,0.1215003130772718,1.6426548589750216,-1.0365652180584497,106.4800033569336,-0.2342359150537376,0.6005656989211757,3.158304686763169,Moderate
2022-07-26,1.0,65,238,208.0,265.0,822.0,243.06666666666663,3095.0,3.26,241.26,104.4000015258789,-0.7132667514183622,2.95030874392215,3.186013503982675,-14.433243424329332,-0.75,312752,-0.7098046664120786,3.4057142857142857,2.9440000000000004,-0.8385564151256407,64.35060705351485,5.106899837773446,65.06041171992693,311.4273115577004,0.031125183044967,100,29.34,30.09857142857143,29.392333333333333,30.43777777777777,15.355625915224836,-0.7199999999999989,-0.879999999999999,0.7062380952380956,18.91891891891892,-0.5308115764795952,1,Elevated,111.55884227909476,1717.699951171875,-0.0756282040794031,0.8426366880375976,-8.218009555336625,371.4867858886719,-1.1831032061137337,1.5671133516447733,0.7128235430582386,107.19000244140624,0.6667910049670489,0.591319013156309,2.918867855006191,Moderate
2022-07-27,74.0,84,320,245.0,267.85714285714283,888.0,247.8,3099.0,3.34,323.34,106.62000274658205,2.126437919785684,2.9861671586410696,3.056965231268724,-12.79953735679753,2.220001220703125,313890,-0.7361445857080591,3.3657142857142857,2.974666666666667,-0.8391496934080644,64.52691049388125,6.392558814106506,65.26305507958931,394.9956138936958,-0.0263399192959804,100,32.48,30.494285714285716,29.56566666666667,30.42555555555555,25.531699596479903,3.139999999999997,3.859999999999996,0.928619047619044,63.758389261744966,1.0009351861534124,1,Elevated,144.94563454156042,1719.0999755859375,0.0815057608348546,0.7510694995244346,-5.95733175131633,381.1329040527344,2.596624841173556,1.458964379366839,7.405949854886717,106.4499969482422,-0.6903680159617287,0.5885390442446655,1.3037638878139246,Moderate
2022-07-28,98.0,97,371,294.0,276.1428571428572,977.0,252.63333333333333,3183.0,3.53,374.53,107.13999938964844,0.4877102135350197,2.9890891153210064,3.0548248060985834,-11.578772791376204,0.5199966430664062,315221,-0.7288532761026953,3.377142857142857,3.011,-0.8325665423918541,64.43879790007186,4.634676607993646,65.16765117617456,444.33232778416817,0.0072913096053637,100,31.55,30.54285714285714,29.692,30.430444444444444,16.73645654802682,-0.9299999999999962,-4.069999999999993,0.8508571428571408,57.333333333333336,0.5448763872319468,1,Elevated,164.69940087843236,1750.300048828125,1.814907433266244,0.820076947800623,-3.271619296594364,385.9132385253906,1.2542434467937902,1.466366196936982,9.081786637089628,106.3499984741211,-0.0939393865550974,0.5847398331864813,0.7865825032787432,Moderate
2022-07-29,7.0,73,281,300.0,282.2857142857143,983.0,258.06666666666666,3189.0,3.61,284.61,110.01000213623048,2.678740678487745,3.0185104645437475,2.9738099439574466,-7.172390386280658,2.8700027465820312,294725,-0.7585278753743588,3.4014285714285712,3.0540000000000003,-0.8311817417887389,64.18118985493818,6.414490181659559,64.93971773031254,355.9642079119721,-0.0296745992716634,-100,32.19,30.878571428571423,29.889666666666667,30.455777777777776,29.14837299635832,0.639999999999997,1.5699999999999932,0.9889047619047596,61.58940397350994,0.8409372651904282,1,Elevated,129.39773961872635,1762.9000244140625,0.7198751776515966,0.8304409022153583,-2.886576488988124,391.5393676757813,1.457874099341239,1.4672315456271592,9.116493130105606,105.9000015258789,-0.4231283071919223,0.5867113248892323,0.7036875599084391,Moderate
2022-07-30,4.0,82,315,251.0,291.85714285714283,942.0,260.06666666666666,3094.0,3.59,318.59,110.01000213623048,2.678740678487745,3.0185104645437475,2.9738099439574466,-7.172390386280658,2.8700027465820312,187928,-0.973200956837399,3.427142857142857,3.1006666666666667,-0.840436966465584,63.00459719241661,6.414490181659559,63.97779814925401,388.9822883309136,-0.2146730814630402,-100,30.59,30.87285714285714,29.96933333333333,30.415444444444447,11.873365407315202,-1.599999999999998,-2.239999999999995,0.9035238095238078,36.84210526315789,0.0862887223216386,1,Elevated,142.7973557025146,1762.9000244140625,0.7198751776515966,0.8304409022153583,-2.886576488988124,391.5393676757813,1.457874099341239,1.4672315456271592,9.116493130105606,105.9000015258789,-0.4231283071919223,0.5867113248892323,0.7036875599084391,Moderate
2022-07-31,31.0,103,358,240.0,304.42857142857144,965.0,263.1333333333333,3120.0,3.71,361.71,110.01000213623048,2.678740678487745,3.0185104645437475,2.9738099439574466,-7.172390386280658,2.8700027465820312,168705,-0.8681479858496125,3.4771428571428573,3.143666666666667,-0.8485076337135518,61.924059777586905,6.414490181659559,62.79220776343652,430.9166979450961,0.1050529709877865,-100,31.96,31.167142857142856,30.07633333333333,30.42088888888889,17.125264854938933,1.370000000000001,2.969999999999999,1.0908095238095257,60.78431372549019,0.7595107476962849,1,Elevated,159.80823762535113,1762.9000244140625,0.7198751776515966,0.8304409022153583,-2.886576488988124,391.5393676757813,1.457874099341239,1.4672315456271592,9.116493130105606,105.9000015258789,-0.4231283071919223,0.5867113248892323,0.7036875599084391,Moderate
2022-08-01,2.0,64,224,217.0,301.0,956.0,260.9,3105.0,3.64,227.64,100.02999877929688,-9.071905429630744,3.412726823691522,3.123438839082106,-16.509472650329837,-9.980003356933594,280319,-0.7227597153134416,3.525714285714286,3.177,-0.8408672933532667,62.61946064450215,14.13557951835525,63.34222035981559,305.11779987817084,0.1453882705361708,100,34.62,31.81857142857143,30.276333333333334,30.471222222222227,17.226941352680853,2.6599999999999966,1.2899999999999956,1.5422380952380976,81.81818181818183,2.000525512415661,1,Elevated,109.37867587930522,1769.0,0.346019371572992,0.7657613137196406,-4.155602383972356,390.3798828125,-0.2961349378899136,1.3057429207979905,12.517230123555525,105.4499969482422,-0.4249334949506633,0.5238936243514678,1.756247942739564,Moderate
2022-08-02,0.0,77,289,216.0,308.2857142857143,945.0,263.46666666666664,3103.0,3.71,292.71,100.54000091552734,0.5098491876978972,3.281088543216385,3.070579936925137,-11.12093487058795,0.5100021362304688,295956,-0.9159980568482337,3.59,3.2146666666666666,-0.8368794756764851,63.5792540697689,4.903031217973077,64.49525212661713,362.1082833445902,-0.193238341534792,100,29.86,31.892857142857142,30.34933333333333,30.45822222222222,12.066191707673958,-4.759999999999998,-7.419999999999995,1.5435238095238084,24.193548387096776,-0.2884431857478322,1,Elevated,131.94426291251267,1771.0999755859375,0.1187097561298866,0.763153570655415,-3.513837484085336,387.804443359375,-0.6597264783651746,1.3197579590012565,11.534478802914606,106.23999786376952,0.7491711127455947,0.5080592919876029,1.4708700672538155,Moderate
2022-08-03,82.0,106,407,224.0,320.7142857142857,1024.0,271.56666666666666,3162.0,3.86,410.86,96.77999877929688,-3.739807143417062,3.3220453794603837,3.086925071164906,-15.586570003270694,-3.7600021362304688,314090,-0.9048462326759016,3.664285714285714,3.2583333333333333,-0.835078200557157,63.95662011984564,8.620509523204515,64.86146635252155,484.3419758757261,0.0111518241723319,100,34.6,32.19571428571428,30.593000000000004,30.512777777777774,27.95575912086166,4.740000000000002,9.5,1.6027142857142778,81.41025641025641,1.9300722793839808,1,Elevated,180.7644970797861,1758.0,-0.7396519545207259,0.7714460026442709,-4.1752957922869705,393.8772888183594,1.565955615768111,1.2771936956126828,10.499373256721768,106.51000213623048,0.2541455928935177,0.5061667258596966,1.9819988954764112,Moderate
2022-08-04,66.0,74,294,192.0,309.7142857142857,1088.0,274.6,3218.0,3.67,297.67,94.12000274658205,-2.7484976919465165,3.3266955148493094,3.0942327877286484,-15.768744812998236,-2.659996032714844,312105,-0.9335124140206432,3.684285714285714,3.297,-0.8359767780156938,63.98695871009422,7.652067688095649,64.92047112411487,370.24253881221057,-0.0286661813447414,-100,31.93,32.25,30.636000000000003,30.54622222222222,15.243330906723706,-2.6700000000000017,-7.410000000000004,1.6139999999999972,59.87261146496815,0.6539645599350907,1,Elevated,135.11292130006126,1788.5,1.7349260523321863,0.8439172198235185,-2.496867884694498,393.6111145019531,-0.0675779802396747,1.275757352297466,10.625270819803069,105.69000244140624,-0.7698804604054033,0.5262798463737334,1.429947732056247,Moderate
2022-08-05,10.0,86,318,195.0,315.0,1096.0,278.06666666666666,3133.0,3.74,321.74,94.91999816894533,0.8499738621101205,3.330240589994116,3.016433334137805,-13.748300284641225,0.7999954223632812,294544,-0.9794320482984326,3.7028571428571433,3.333,-0.8387630412778931,63.83420934675858,5.555044480568359,64.81364139505702,392.1086858756254,-0.0459196342777894,-100,31.5,32.151428571428575,30.751666666666665,30.544555555555554,22.12959817138895,-0.4299999999999997,2.240000000000002,1.3997619047619096,55.69620253164557,0.4517120600684448,1,Elevated,143.88074607123875,1772.9000244140625,-0.8722379416235659,0.8534727574708176,-2.892037474390108,392.9458923339844,-0.1690049247746627,1.2732757428728951,9.36623469326825,106.62000274658205,0.8799321446617991,0.547062501609154,2.0971008666153423,Moderate
2022-08-06,5.0,103,352,196.0,320.2857142857143,1086.0,280.4,3133.0,3.83,355.83,94.91999816894533,0.8499738621101205,3.330240589994116,3.016433334137805,-13.748300284641225,0.7999954223632812,188203,-1.2344280689237868,3.737142857142857,3.372666666666667,-0.8528712683455655,62.776521734231125,5.555044480568359,64.01094980315492,425.39599428372327,-0.2549960206253542,-100,30.93,32.2,30.80033333333333,30.548777777777776,13.174980103126767,-0.5700000000000003,-0.1400000000000005,1.399666666666672,40.25157232704403,0.1801998143780851,1,Elevated,157.35620775285832,1772.9000244140625,-0.8722379416235659,0.8534727574708176,-2.892037474390108,392.9458923339844,-0.1690049247746627,1.2732757428728951,9.36623469326825,106.62000274658205,0.8799321446617991,0.547062501609154,2.0971008666153423,Moderate
2022-08-07,29.0,82,303,194.0,312.42857142857144,1113.0,285.0,3149.0,3.73,306.73,94.91999816894533,0.8499738621101205,3.330240589994116,3.016433334137805,-13.748300284641225,0.7999954223632812,168120,-1.1436371579408502,3.74,3.414333333333333,-0.8609423949768752,61.68116324900399,5.555044480568359,62.82480040694484,375.1098448875133,0.0907909109829365,-100,30.96,32.05714285714286,30.91333333333333,30.529,16.253954554914685,0.0300000000000011,0.6000000000000014,1.143809523809523,40.625,0.2049334954981232,1,Elevated,137.47897787361632,1772.9000244140625,-0.8722379416235659,0.8534727574708176,-2.892037474390108,392.9458923339844,-0.1690049247746627,1.2732757428728951,9.36623469326825,106.62000274658205,0.8799321446617991,0.547062501609154,2.0971008666153423,Moderate
2022-08-08,160.0,88,339,352.0,328.85714285714283,1265.0,290.2333333333333,3305.0,4.2,343.2,96.6500015258789,1.8225910138076615,3.302499094755782,3.0168981547753404,-14.559760272990951,1.7300033569335938,274936,-0.9210305474897686,3.82,3.478333333333333,-0.8586259696433814,62.327155331077975,6.581066135862539,63.24818587856775,413.0292520144303,0.2226066104510815,100,35.1,32.12571428571429,31.168666666666663,30.58877777777777,42.013033052255416,4.140000000000001,4.109999999999999,0.9570476190476248,84.472049689441,2.0927231958779933,1,Elevated,152.56206363005856,1786.800048828125,0.7840275380816442,0.8681748827590337,-2.1735533080687097,392.4897766113281,-0.1160759614885043,1.1534036429913697,5.873167434071425,106.44000244140624,-0.1688241423174696,0.5460196958871227,2.1595162177535654,Moderate
2022-08-09,2.0,85,294,354.0,329.57142857142856,1257.0,293.7333333333333,2820.0,4.23,298.23,96.30999755859376,-0.3517888897230037,3.276194645938737,2.999745526291574,-16.31766389509738,-0.3400039672851562,301906,-0.8724792662362689,3.8942857142857146,3.545333333333333,-0.8540424661288176,63.37459965894321,5.259749925171478,64.24707892517948,367.736828850351,0.0485512812534997,100,32.64,32.52285714285714,31.347,30.522333333333336,42.1427564062675,-2.460000000000001,-6.600000000000001,1.1758571428571436,66.0493827160494,1.0634960362019197,1,Elevated,134.2453157551045,1794.0,0.402952259632916,0.8711550925094804,-1.477292770245231,390.9311218261719,-0.3971198431238942,1.153668989776542,5.857071648454215,106.37000274658205,-0.0657644618739627,0.5435010307174013,2.3378874813339,Moderate
2022-08-10,110.0,99,352,382.0,321.7142857142857,1237.0,296.43333333333334,2894.0,4.22,356.22,97.4000015258789,1.1317661664584922,3.241412516226197,2.9595423309422246,-17.443635569997817,1.0900039672851562,307146,-0.84583445203237,3.945714285714285,3.5983333333333336,-0.8550152156830059,63.57876890273371,6.11754223968447,64.42460335476608,426.7621455944506,0.0266448142038989,100,34.51,32.51,31.47433333333333,30.53433333333333,31.833224071019504,1.8699999999999972,4.329999999999998,1.035666666666664,80.3680981595092,1.975883158547796,1,Elevated,157.81993756682704,1795.5999755859375,0.0891848152696495,0.8710738125082982,-1.204953200223524,399.1422119140625,2.1003930435453237,1.1239564679657763,10.334933638378295,105.1999969482422,-1.099939614674339,0.5766645853970546,0.6602189244167223,Moderate
2022-08-11,1.0,69,270,317.0,318.2857142857143,1224.0,296.7,2573.0,4.06,274.06,99.5999984741211,2.2587237307770014,3.2777096706955997,2.949833105680624,-14.329952998441897,2.1999969482421875,299437,-0.8892656358252742,4.001428571428571,3.641,-0.8609260089746305,63.48652456385049,6.96942870131679,64.37579019967576,345.40521890099257,-0.0434311837929042,-100,32.93,32.652857142857144,31.45833333333333,30.481,33.61715591896453,-1.5799999999999983,-3.449999999999996,1.1945238095238118,69.8170731707317,1.3037724738977048,1,Elevated,125.28692952046188,1789.699951171875,-0.3285823398464504,0.8721617085405741,-1.3232618760613102,399.1422119140625,0.0,1.123015329357839,10.424864677935508,105.08999633789062,-0.1045633208579643,0.5675615470155161,-0.0190317499236813,Moderate
2022-08-12,0.0,76,280,307.0,312.85714285714283,1180.0,294.9,2571.0,3.98,283.98,98.1500015258789,-1.4558202514620922,3.279656275185552,2.936039943519367,-14.510927956611395,-1.4499969482421875,289335,-0.8747144885949222,4.035714285714286,3.673,-0.8633831933533326,63.238666811069066,6.186569322308784,64.11338129966398,354.27995062197283,0.014551147230352,-100,30.6,32.52428571428572,31.503,30.44188888888889,11.072755736151755,-2.3299999999999983,-0.75,1.021285714285721,35.15151515151515,0.086024133126588,1,Elevated,128.8893039888563,1798.5999755859375,0.4972914263217554,0.8724699501373165,-0.30486115372923,405.89935302734375,1.6929156855842953,1.1277238955811033,13.214059659649037,105.62999725341795,0.5138461645684211,0.5698317389874015,0.8978840291247625,Moderate
2022-08-13,17.0,72,251,319.0,298.42857142857144,1086.0,291.76666666666665,2565.0,3.84,254.84,98.1500015258789,-1.4558202514620922,3.279656275185552,2.936039943519367,-14.510927956611395,-1.4499969482421875,182264,-1.0761869212049768,4.0371428571428565,3.6906666666666665,-0.8730522274144163,62.17244182377731,6.186569322308784,63.24862874498229,324.27519806729106,-0.2014724326100546,-100,30.77,32.50142857142857,31.485000000000003,30.42055555555556,15.807362163050277,0.1699999999999981,2.4999999999999964,1.016428571428566,37.95180722891566,0.1917203816690862,1,Elevated,117.06035347791996,1798.5999755859375,0.4972914263217554,0.8724699501373165,-0.30486115372923,405.89935302734375,1.6929156855842953,1.1277238955811033,13.214059659649037,105.62999725341795,0.5138461645684211,0.5698317389874015,0.8978840291247625,Moderate
2022-08-14,1.0,72,224,291.0,287.1428571428572,1076.0,291.3666666666667,2553.0,3.7,227.7,98.1500015258789,-1.4558202514620922,3.279656275185552,2.936039943519367,-14.510927956611395,-1.4499969482421875,164253,-1.19766966358349,4.032857142857143,3.7,-0.8867268608947467,61.08501034188312,6.186569322308784,62.28268000546661,296.1692493277754,-0.1214827423785132,-100,30.5,32.43571428571429,31.46933333333333,30.407888888888888,15.207413711892563,-0.2699999999999996,-0.4399999999999977,0.9663809523809554,31.736526946107784,0.0506644155310213,1,Elevated,106.01116373001685,1798.5999755859375,0.4972914263217554,0.8724699501373165,-0.30486115372923,405.89935302734375,1.6929156855842953,1.1277238955811033,13.214059659649037,105.62999725341795,0.5138461645684211,0.5698317389874015,0.8978840291247625,Moderate
2022-08-15,53.0,85,315,184.0,283.7142857142857,1125.0,291.56666666666666,2589.0,3.46,318.46,95.0999984741211,-3.107491598921297,3.288397754767715,2.9525428295407217,-14.807846623673326,-3.0500030517578125,253971,-0.8503763557694872,3.927142857142857,3.693333333333333,-0.8821312711826022,61.56577174737758,7.876674016056344,62.416148103147066,388.7528221192034,0.3472933078140028,100,32.96,32.13,31.557,30.42577777777778,24.536466539070016,2.460000000000001,2.7300000000000004,0.573000000000004,70.83333333333334,1.3808393495617313,1,Elevated,143.01789922705194,1781.4000244140625,-0.9562966421297614,0.8882913980615856,-0.9728167081269667,407.5719299316406,0.4120669057051218,1.1212904156547454,12.490797957340249,106.5500030517578,0.8709702000016639,0.5859329552171478,1.3410725416536318,Moderate
2022-08-16,52.0,66,244,234.0,276.57142857142856,1110.0,290.6,2632.0,3.47,247.47,92.33999633789062,-2.9022104947578176,3.0114701091462184,2.917068808425115,-10.148876759625214,-2.7600021362304688,297133,-0.8297788911353029,3.818571428571429,3.6783333333333337,-0.8773951055063287,62.51971969239784,6.928568279866557,63.34949858353314,317.7480668633997,0.0205974646341843,100,30.64,31.84428571428572,31.523,30.417444444444445,10.402987323170924,-2.3200000000000003,-4.780000000000001,0.3212857142857181,36.3905325443787,0.1214458305960266,1,Elevated,114.42932702865323,1773.199951171875,-0.4603162192548304,0.8061810120076394,0.6470599402771393,408.3702392578125,0.1958695551741662,1.1212457542504777,12.498679042958738,106.5,-0.0469291884801936,0.5365551419211367,0.0,Moderate
2022-08-17,73.0,66,249,197.0,261.85714285714283,1113.0,291.3666666666667,2636.0,3.22,252.22,93.6500015258789,1.418675806737868,3.0095453876609795,2.9208347800479832,-6.991757617270967,1.3100051879882812,295322,-0.8224183092433924,3.6757142857142857,3.661666666666667,-0.8774588833081883,62.57455921792327,5.127396956125945,63.396977527166655,320.7443744832926,0.0073605818919104,-100,30.31,31.24428571428572,31.488333333333333,30.377111111111116,16.736802909459552,-0.3300000000000018,1.9899999999999984,-0.2440476190476168,28.823529411764703,-0.0374152270572717,1,Elevated,115.61835428788372,1760.300048828125,-0.7274928208307663,0.7653079617666748,1.4640627158121644,405.4716491699219,-0.7097946444771908,1.139395556229532,11.32418731595033,106.56999969482422,0.0657274129804763,0.5261737202715039,-0.4948634797832807,Moderate
2022-08-18,51.0,95,357,247.0,274.2857142857143,1136.0,295.4,2670.0,3.46,360.46,96.58999633789062,3.1393430476339024,2.975294029694977,2.9306862819110946,-7.701868199204109,2.9399948120117188,299839,-0.8810814571239983,3.5900000000000003,3.6546666666666665,-0.8805312792331379,62.439987967857526,6.884823897249291,63.32106942498152,430.6658933222308,-0.0586631478806058,100,32.01,31.112857142857145,31.561,30.386444444444447,17.093315739403028,1.6999999999999993,2.030000000000001,-0.4481428571428552,60.81871345029239,0.9019598847746436,1,Elevated,159.60214344389604,1755.300048828125,-0.2840424848779999,0.7673483691913502,1.001209745648568,406.650146484375,0.2906485118912005,1.1191292741129115,10.000264989030194,107.4800033569336,0.8539022846160149,0.5495965784843452,0.3267115770456685,Moderate
2022-08-19,0.0,55,217,247.0,265.2857142857143,1099.0,292.6333333333333,2670.0,3.35,220.35,96.72000122070312,0.1345945623165034,2.9390789780188022,2.8970061063946293,-9.624365301295867,0.1300048828125,276332,-0.882359496941688,3.5,3.6456666666666666,-0.886668069669169,62.10602089160554,4.0361100704648925,62.98838038854723,287.3744904590121,-0.0012780398176897,-100,29.25,30.92,31.545666666666666,30.38555555555556,21.306390199088447,-2.759999999999998,-4.459999999999997,-0.6256666666666675,13.953488372093023,-0.6306616836480584,1,Elevated,102.3521201058954,1747.5999755859375,-0.4386756126012914,0.7718150325604641,0.4021601802932206,401.1855163574219,-1.3438160970054125,1.1579579311602952,8.61140085155463,108.16999816894533,0.6419750562532966,0.5608391223092346,1.0840071110718164,Moderate
2022-08-20,13.0,73,287,243.0,270.42857142857144,1063.0,291.76666666666665,2632.0,3.37,290.37,96.72000122070312,0.1345945623165034,2.9390789780188022,2.8970061063946293,-9.624365301295867,0.1300048828125,181337,-1.0654029045484046,3.432857142857143,3.643,-0.8968772588274583,61.03305051746977,4.0361100704648925,62.098453422018174,356.50456349248304,-0.1830434076067165,-100,29.1,30.68142857142857,31.47533333333333,30.36255555555556,13.715217038033582,-0.1499999999999985,2.6099999999999994,-0.7939047619047592,13.294797687861273,-0.6999951504767928,1,Elevated,130.1821347125896,1747.5999755859375,-0.4386756126012914,0.7718150325604641,0.4021601802932206,401.1855163574219,-1.3438160970054125,1.1579579311602952,8.61140085155463,108.16999816894533,0.6419750562532966,0.5608391223092346,1.0840071110718164,Moderate
2022-08-21,1.0,64,244,243.0,273.2857142857143,1063.0,291.96666666666664,2626.0,3.36,247.36,96.72000122070312,0.1345945623165034,2.9390789780188022,2.8970061063946293,-9.624365301295867,0.1300048828125,166046,-1.0734857628715115,3.384285714285714,3.640333333333333,-0.9071634848026584,60.011140061149824,4.0361100704648925,61.08462582402134,312.48073589448626,-0.0080828583231069,-100,28.63,30.414285714285715,31.435,30.344444444444445,12.540414291615535,-0.4700000000000024,-0.3200000000000038,-1.0207142857142877,10.919540229885058,-0.9457100240400668,1,Elevated,112.77536919299024,1747.5999755859375,-0.4386756126012914,0.7718150325604641,0.4021601802932206,401.1855163574219,-1.3438160970054125,1.1579579311602952,8.61140085155463,108.16999816894533,0.6419750562532966,0.5608391223092346,1.0840071110718164,Moderate
2022-08-22,1.0,63,229,191.0,261.0,1011.0,291.3333333333333,2612.0,3.13,232.13,96.4800033569336,-0.2481367460096306,2.938273532314825,2.8198700573141804,-9.915961968714347,-0.2399978637695312,273308,-0.8727720577694763,3.3371428571428576,3.631,-0.9064565783869312,60.69942775330727,4.1780064751958905,61.57219981107674,297.88020628627265,0.2007137051020352,100,28.29,29.74714285714285,31.357000000000003,30.33366666666667,13.303568525510176,-0.3399999999999998,0.1300000000000025,-1.6098571428571482,9.714285714285714,-1.1215112228679658,1,Elevated,106.8376425522937,1734.0,-0.7782087305979513,0.7771421675335544,0.2312138728323809,392.8319091796875,-2.0822304986434337,1.209399857051941,7.578795228974156,109.0500030517578,0.8135387794294457,0.5540415416395527,0.9535330871143,Moderate
2022-08-23,3.0,58,223,142.0,258.0,972.0,289.76666666666665,2604.0,3.0,226.0,100.22000122070312,3.8764487288968974,2.7391165121886045,2.8186056480369195,0.7337454745281802,3.7399978637695312,301581,-0.9140621829119896,3.27,3.619,-0.9073047094348288,61.72050090522778,6.68893978853832,62.63456308813977,295.3235028766781,-0.0412901251425134,100,29.71,29.61428571428571,31.350666666666665,30.33988888888889,11.906450625712566,1.4200000000000017,1.7600000000000016,-1.736380952380955,21.306818181818183,-0.3462621498268343,1,Elevated,105.60248853304329,1746.800048828125,0.7381804399149372,0.7844032007934161,1.3636627014535607,391.8815307617188,-0.2419300458441187,1.194180721634303,8.276656304312557,108.62000274658205,-0.3943148034316834,0.5594935077717293,0.5089322229212101,Moderate
2022-08-24,80.0,90,344,149.0,271.57142857142856,1027.0,292.96666666666664,2588.0,3.15,347.15,101.22000122070312,0.99780481722187,2.7444517188988056,2.8057927809555485,1.6571271778005991,1.0,301566,-0.8259929415851006,3.26,3.614,-0.9101401458390972,61.91568673359258,3.907969253900736,62.74167967517768,413.7996489290784,0.088069241326889,-15,31.3,29.755714285714287,31.392,30.323555555555554,18.840346206634443,1.59,0.1699999999999981,-1.6362857142857123,50.84745762711864,0.5413928438103578,1,Elevated,152.9715236365958,1747.800048828125,0.0572475367556224,0.776617837591076,0.7842289262584679,393.135986328125,0.3201109182073169,1.1846505087306936,9.19673905377767,108.68000030517578,0.0552361969035519,0.5590643595640751,0.6669148080853171,Moderate
2022-08-25,213.0,80,309,311.0,264.7142857142857,1239.0,295.3333333333333,2764.0,3.39,312.39,99.33999633789062,-1.857345248112852,2.7658399965232565,2.8081710481075337,0.2421774646466756,-1.8800048828125,304847,-0.8033782565691902,3.25,3.618333333333333,-0.9132592655110008,61.8538279366065,4.647402991100776,62.65720619317569,379.6946091842764,0.0226146850159104,100,33.65,29.99,31.535666666666664,30.35533333333333,39.11307342507956,2.349999999999998,0.759999999999998,-1.545666666666662,75.84269662921348,1.7937195195475422,1,Elevated,139.34640243507545,1757.699951171875,0.5664207613672811,0.7089002929385598,3.121147032670879,398.6860961914063,1.411753198967891,1.196936893839182,11.007912369307585,108.47000122070312,-0.1932269818577192,0.5517852288736892,-0.0644920713412378,Moderate
2022-08-26,0.0,56,216,311.0,264.57142857142856,1165.0,291.8666666666667,2721.0,3.4,219.4,100.98999786376952,1.6609639487670913,2.756287261720442,2.760555043226878,-0.1680563386570188,1.6500015258789062,291620,-0.7315274130135346,3.2571428571428567,3.620333333333333,-0.9131053597545168,61.67955906767798,4.434056844353235,62.41108648069152,286.24514332504475,0.0718508435556555,-100,30.96,30.234285714285715,31.485,30.367555555555555,53.05925421777828,-2.6899999999999977,-5.039999999999996,-1.2507142857142846,42.17877094972067,0.3224879153307667,1,Elevated,102.0158400338796,1736.0999755859375,-1.2288772933933712,0.7487892352757127,1.9795553740945104,385.1908874511719,-3.384920836004124,1.3414624772154005,5.239770232266583,108.8000030517578,0.3042332694209504,0.5480047438992967,0.6848098370193068,Moderate
2022-08-27,46.0,58,214,344.0,254.14285714285717,1113.0,286.6333333333333,2654.0,3.37,217.37,100.98999786376952,1.6609639487670913,2.756287261720442,2.760555043226878,-0.1680563386570188,1.6500015258789062,182611,-0.8282734714584741,3.257142857142857,3.615,-0.916419366266376,60.64184938161547,4.434056844353235,61.470122853073946,283.27417969742714,-0.0967460584449394,-100,30.28,30.40285714285714,31.442666666666664,30.345222222222223,19.9837302922247,-0.6799999999999997,2.009999999999998,-1.0398095238095235,30.0,-0.0357253936758304,1,Elevated,101.0156473083561,1736.0999755859375,-1.2288772933933712,0.7487892352757127,1.9795553740945104,385.1908874511719,-3.384920836004124,1.3414624772154005,5.239770232266583,108.8000030517578,0.3042332694209504,0.5480047438992967,0.6848098370193068,Moderate
2022-08-28,1.0,83,300,344.0,262.1428571428572,1107.0,287.26666666666665,2646.0,3.46,303.46,100.98999786376952,1.6609639487670913,2.756287261720442,2.760555043226878,-0.1680563386570188,1.6500015258789062,168732,-0.8817418612962932,3.271428571428572,3.61,-0.9205264991304404,59.65591953864684,4.434056844353235,60.53766139994313,368.4317182442964,-0.0534683898378191,-100,30.58,30.68142857142857,31.389,30.327888888888893,20.16734194918909,0.2999999999999971,0.9799999999999968,-0.7075714285714305,35.635359116022094,0.1388428627338404,1,Elevated,135.2651550177299,1736.0999755859375,-1.2288772933933712,0.7487892352757127,1.9795553740945104,385.1908874511719,-3.384920836004124,1.3414624772154005,5.239770232266583,108.8000030517578,0.3042332694209504,0.5480047438992967,0.6848098370193068,Moderate
2022-08-29,6.0,64,249,349.0,265.0,1109.0,285.06666666666666,2642.0,3.49,252.49,105.08999633789062,4.0598064767283,2.6993763439093943,2.793606704911661,-1.1103795449802225,4.099998474121094,272842,-0.7093110875040357,3.3228571428571425,3.606666666666667,-0.9117301701526618,60.32039491970642,6.870220775135717,61.02970600721046,320.3899267823461,0.1724307737922574,100,30.44,30.98857142857143,31.384,30.31733333333333,12.16215386896129,-0.139999999999997,-0.4399999999999942,-0.395428571428571,32.967032967032964,0.0676850305269402,1,Elevated,115.95002951149638,1736.5999755859375,0.0288001847261742,0.7461864540063825,1.6030906387094257,382.6439514160156,-0.6612139897725688,1.3375447905459237,5.4143041550219095,108.83999633789062,0.0367585340175002,0.5335214869518793,1.3690915094582978,Moderate
2022-08-30,5.0,74,274,351.0,272.2857142857143,1083.0,282.26666666666665,2645.0,3.58,277.58,99.30999755859376,-5.500046608349607,2.8713772275075966,2.8492789229568167,-7.489521220128892,-5.779998779296875,303346,-0.8488565871735441,3.4057142857142857,3.602333333333333,-0.911087123530126,61.3739977388086,9.120375957870094,62.22285432598214,348.9232302838522,-0.1395454996695083,100,31.43,31.23428571428571,31.366333333333333,30.317555555555558,11.79772749834754,0.9899999999999984,1.1299999999999957,-0.132047619047622,56.830601092896174,0.61377845288152,1,Elevated,127.12472124834446,1723.199951171875,-0.7716241277465952,0.7613306628723513,0.7719269691154995,378.4433898925781,-1.0977728794334451,1.2691014541473642,1.5142784567362622,108.7699966430664,-0.064314311998781,0.5179762313735873,1.9591266703335557,Moderate
2022-08-31,90.0,93,339,361.0,271.57142857142856,1171.0,286.1,2667.0,3.6,342.6,96.48999786376952,-2.8395929555434685,2.910970281073078,2.8600952614696395,-9.754957429661792,-2.8199996948242188,308667,-0.7210872337129013,3.47,3.601,-0.9110313741434414,61.595828627734775,6.726058979582726,62.31691586144768,411.6429748410304,0.1277693534606427,100,33.49,31.547142857142852,31.328666666666667,30.336666666666662,27.838846767303213,2.0600000000000023,1.0700000000000038,0.2184761904761885,74.45652173913044,1.7167127466670489,1,Elevated,152.19380676412263,1712.800048828125,-0.6035226693615781,0.7610271212554836,0.7825859857678807,375.5637817382813,-0.7609085615458255,1.2727585262516126,0.1038580229590691,108.6999969482422,-0.0643557019257112,0.5151424165056626,1.512882974865315,Moderate
2022-09-01,58.0,82,317,206.0,272.7142857142857,1229.0,287.03333333333336,2716.0,3.31,320.31,92.36000061035156,-4.280233542184286,2.965033113030424,2.863639183502472,-11.072597662640316,-4.129997253417969,309472,-0.6590504351671678,3.4585714285714286,3.587666666666667,-0.9024664534207392,61.701595041405085,8.352526421478741,62.36064547657225,391.023171898051,0.0620367985457335,100,32.67,31.407142857142865,31.42233333333333,30.352777777777774,19.61018399272867,-0.8200000000000003,-2.8800000000000026,-0.0151904761904688,68.10810810810811,1.2518871189914456,1,Elevated,143.93713966390592,1696.5999755859375,-0.9458239596192964,0.7676043092032389,-0.9400348014794724,376.7422180175781,0.3137779350933511,1.259972391109162,-0.5943040826096091,109.69000244140624,0.910768648535898,0.5366599502666645,2.6003167936305527,Moderate
2022-09-02,3.0,65,252,209.0,277.85714285714283,1150.0,281.8666666666667,2705.0,3.36,255.36,93.0199966430664,0.7145907626172843,2.9707429666665486,2.850635533168238,-9.86434167268566,0.6599960327148438,285559,-0.7657243519200804,3.4528571428571437,3.571,-0.8978290573955452,61.478332127197646,4.671767896552399,62.24405647911773,322.27582437567014,-0.1066739167529126,-100,30.04,31.275714285714287,31.27033333333333,30.354333333333333,22.03336958376456,-2.6300000000000026,-1.8100000000000025,0.0053809523809569,26.881720430107524,-0.1698495565065685,1,Elevated,116.46151845444452,1709.800048828125,0.7780309697121623,0.7652354208989368,-1.00167488867825,372.769775390625,-1.0544192917523731,1.2633527297828082,-0.7213456275492414,109.52999877929688,-0.1458689566488424,0.5363064127650937,2.623437959614172,Moderate
2022-09-03,5.0,68,244,168.0,282.1428571428572,1089.0,280.2,2688.0,3.33,247.33,93.0199966430664,0.7145907626172843,2.9707429666665486,2.850635533168238,-9.86434167268566,0.6599960327148438,182528,-0.8939985285828935,3.447142857142857,3.5596666666666668,-0.8965119278809535,60.464356499485405,4.671767896552399,61.358355028068296,313.3601229246207,-0.1282741766628131,-100,28.94,31.08428571428572,31.170666666666666,30.34233333333333,11.341370883314063,-1.099999999999998,1.5300000000000047,-0.0863809523809493,12.834224598930485,-0.7554281928968072,1,Elevated,113.07237816423464,1709.800048828125,0.7780309697121623,0.7652354208989368,-1.00167488867825,372.769775390625,-1.0544192917523731,1.2633527297828082,-0.7213456275492414,109.52999877929688,-0.1458689566488424,0.5363064127650937,2.623437959614172,Moderate
2022-09-04,1.0,70,259,168.0,276.2857142857143,1080.0,278.2333333333333,2637.0,3.27,262.27,93.0199966430664,0.7145907626172843,2.9707429666665486,2.850635533168238,-9.86434167268566,0.6599960327148438,167925,-0.883598866946894,3.4199999999999995,3.544,-0.893317488502569,59.47352803451634,4.671767896552399,60.35712690146324,327.2988947980156,0.0103996616359994,-100,28.92,30.847142857142853,31.084666666666667,30.316666666666663,11.45199830818,-0.0199999999999995,1.0799999999999983,-0.2375238095238145,12.5,-0.7509375192113541,1,Elevated,118.84813253891362,1709.800048828125,0.7780309697121623,0.7652354208989368,-1.00167488867825,372.769775390625,-1.0544192917523731,1.2633527297828082,-0.7213456275492414,109.52999877929688,-0.1458689566488424,0.5363064127650937,2.623437959614172,Moderate
2022-09-05,402.0,67,249,564.0,276.2857142857143,1477.0,274.8,2994.0,4.07,253.07,93.0199966430664,0.7145907626172843,2.9707429666665486,2.850635533168238,-9.86434167268566,0.6599960327148438,256923,-0.890127772390942,3.502857142857143,3.552,-0.8818408119514741,60.01128091609552,4.671767896552399,60.90140868848646,318.6431765850389,-0.0065289054440479,100,36.15,31.662857142857145,31.258666666666667,30.37088888888889,98.23264452722024,7.229999999999997,7.2499999999999964,0.4041904761904753,92.06349206349206,2.9536172818015047,1,Elevated,115.27698889631829,1709.800048828125,0.7780309697121623,0.7652354208989368,-1.00167488867825,372.769775390625,-1.0544192917523731,1.2633527297828082,-0.7213456275492414,109.52999877929688,-0.1458689566488424,0.5363064127650937,2.623437959614172,Moderate
2022-09-06,3.0,79,286,562.0,278.0,1451.0,274.2333333333333,2986.0,4.09,290.09,92.83000183105467,-0.2042515790886989,2.941937404885817,2.850325927330976,-11.71659487973673,-0.1899948120117187,292807,-0.7336064410785343,3.575714285714286,3.564,-0.8681731213893968,60.98699095022624,4.317848471948189,61.72059739130477,356.1284458632529,0.1565213313124076,100,32.07,31.754285714285714,31.295666666666666,30.367777777777786,90.78260665656204,-4.079999999999998,-11.309999999999995,0.4586190476190488,62.63157894736842,0.8712992688245335,1,Elevated,130.10725886704023,1700.4000244140625,-0.5497733153362105,0.7669708975895232,-1.0820230125618058,371.3631896972656,-0.3773336215055045,1.264757098295782,-1.2159802627258354,110.20999908447266,0.6208347601153408,0.5413027247334238,3.503001136312589,Moderate
2022-09-07,123.0,97,373,595.0,282.85714285714283,1414.0,275.3666666666667,3066.0,4.19,377.19,88.0,-5.203061225663896,3.0712678809472016,2.890183027185185,-15.708813492510954,-4.830001831054688,307844,-0.6703745680327438,3.66,3.5636666666666668,-0.8598179220741627,61.24450509206278,9.845210455862194,61.91487966009552,448.95009011595766,0.0632318730457905,100,36.62,32.20142857142857,31.34633333333333,30.43055555555556,35.316159365228955,4.549999999999997,8.629999999999995,0.8550952380952381,92.14659685863874,3.0030485971408942,1,Elevated,167.19706011436398,1715.300048828125,0.8762658315767169,0.784650910623576,-0.139716039586113,378.0347900390625,1.796516328728104,1.2881064520979122,1.762647932342043,109.83999633789062,-0.3357252061116811,0.5370716935220694,2.472239794875408,Moderate
2022-09-08,70.0,104,400,607.0,294.7142857142857,1482.0,278.9,3136.0,4.34,404.34,89.1500015258789,1.3068199157714844,3.0504767645956545,2.8881319764260245,-16.385294288752185,1.1500015258789062,318893,-0.5409122000141287,3.807142857142857,3.567333333333333,-0.8487656865334247,61.3774330344287,5.995826109242357,61.918345234442825,472.25417134368513,0.1294623680186151,100,33.51,32.32142857142857,31.375333333333334,30.473666666666663,22.747311840093072,-3.1099999999999994,-7.659999999999997,0.9460952380952355,74.47916666666666,1.456578701636984,1,Elevated,176.5179994905855,1708.0,-0.4255843654357938,0.7882504703282407,-0.6456852855317052,380.5056457519531,0.6536053765409555,1.2024950858949757,-0.1645773151862206,109.70999908447266,-0.1183514728260504,0.5185079300222132,3.062472738083355,Moderate
2022-09-09,1.0,53,201,605.0,287.42857142857144,1373.0,273.8666666666667,3120.0,4.26,205.26,92.83999633789062,4.139085528720465,3.16398813522307,2.919659879063576,-13.347025511687129,3.689994812011719,296053,-0.3849306530945144,3.935714285714286,3.5686666666666667,-0.8334022265688295,61.290627261504405,8.637776215112249,61.67555791459892,275.5733341297112,0.1559815469196142,-100,32.8,32.715714285714284,31.31833333333333,30.505111111111116,25.37990773459807,-0.7100000000000009,2.3999999999999986,1.3973809523809528,69.68911917098445,1.0937509368996583,1,Elevated,97.89422206896468,1716.199951171875,0.4800908180254692,0.715502925263497,-1.9482429700599655,386.41693115234375,1.5535342159533003,1.214428796952731,0.1305196548524234,109.0,-0.6471598672842749,0.5352794585166405,2.491773919981521,Moderate
2022-09-10,3.0,101,283,603.0,293.0,1375.0,274.3,3107.0,4.38,287.38,92.83999633789062,4.139085528720465,3.16398813522307,2.919659879063576,-13.347025511687129,3.689994812011719,188812,-0.466214447665229,4.085714285714286,3.579333333333333,-0.819300520296828,60.42495624106353,8.637776215112249,60.89117068872877,356.908946903841,-0.0812837945707146,-100,32.94,33.287142857142854,31.318666666666665,30.54555555555556,12.006418972853574,0.1400000000000005,0.8500000000000014,1.9684761904761885,71.64948453608247,1.1349465462014852,1,Elevated,130.58534462379066,1716.199951171875,0.4800908180254692,0.715502925263497,-1.9482429700599655,386.41693115234375,1.5535342159533003,1.214428796952731,0.1305196548524234,109.0,-0.6471598672842749,0.5352794585166405,2.491773919981521,Moderate
2022-09-11,0.0,66,234,602.0,289.42857142857144,1375.0,272.76666666666665,3100.0,4.35,238.35,92.83999633789062,4.139085528720465,3.16398813522307,2.919659879063576,-13.347025511687129,3.689994812011719,168716,-0.6562163615411868,4.24,3.591666666666667,-0.8120172493950368,59.48107942466076,8.637776215112249,60.13729578620194,307.1250720013141,-0.1900019138759577,-100,31.89,33.71142857142857,31.361666666666668,30.58666666666667,11.850009569379791,-1.0499999999999972,-1.1899999999999975,2.349761904761902,59.48717948717949,0.6208272931715737,1,Elevated,110.82256964328528,1716.199951171875,0.4800908180254692,0.715502925263497,-1.9482429700599655,386.41693115234375,1.5535342159533003,1.214428796952731,0.1305196548524234,109.0,-0.6471598672842749,0.5352794585166405,2.491773919981521,Moderate
2022-09-12,1.0,52,194,201.0,281.57142857142856,1359.0,270.8666666666667,3094.0,3.47,197.47,94.0,1.249465432858865,3.126144394180713,2.9127491220922344,-14.55322409357337,1.160003662109375,272884,-0.6236704030062653,4.154285714285714,3.579333333333333,-0.7969333654550799,60.19020582350687,5.830932236396915,60.81387622651314,264.11480846291005,0.0325459585349214,100,29.84,32.809999999999995,31.330666666666666,30.605000000000004,19.1627297926746,-2.0500000000000007,-1.0000000000000036,1.4793333333333294,22.193877551020407,-0.366846259702881,1,Elevated,93.4831481398614,1728.0999755859375,0.6933938208037338,0.7145193367252074,-1.9740228229727097,390.5699462890625,1.074749784988449,1.2006304678169692,-0.2475923155501158,108.33000183105467,-0.6146772192158867,0.542622596383419,2.2946178188505195,Moderate
2022-09-13,2.0,61,244,200.0,275.57142857142856,1360.0,271.53333333333336,3096.0,3.38,247.38,93.16999816894533,-0.8829806713347765,2.6744598955395333,2.8645535570876546,-6.857943311073367,-0.8300018310546875,310205,-0.6340550546777179,4.052857142857143,3.5686666666666667,-0.7781462118248874,61.33232032543127,4.243234897981647,61.966375380108985,313.5896102780906,-0.0103846516714526,100,28.86,32.35142857142857,31.276,30.608888888888885,11.151923258357266,-0.9800000000000004,1.0700000000000005,1.0754285714285707,11.6751269035533,-0.8401194177825644,1,Elevated,113.04256903521446,1705.0,-1.3367268047154046,0.746555807583068,-3.617863199547766,373.5870361328125,-4.348237829769131,1.439177957335929,-4.301668046699303,109.81999969482422,1.3754249409994923,0.5832253037006258,4.144146868706833,Moderate
2022-09-14,63.0,78,296,140.0,264.57142857142856,1370.0,270.9,3106.0,3.15,299.15,94.0999984741211,0.9981757255049128,2.6804192881174784,2.8657460637928924,-6.405413151743522,0.9300003051757812,312264,-0.6740514638761645,3.904285714285714,3.558333333333333,-0.7722687154284433,61.788479067077,4.319136328796743,62.46253053095316,365.9316668597498,-0.0399964091984466,100,31.2,31.577142857142857,31.21733333333333,30.620444444444445,24.699982045992236,2.34,3.3200000000000003,0.359809523809524,47.474747474747474,0.2783539448742425,1,Elevated,133.8801606377093,1696.5,-0.4985337243401777,0.7482519541367265,-4.212070273517865,375.0125732421875,0.3815809895684419,1.438676671090363,-3.298536243261496,109.66000366210938,-0.1456893399740089,0.5736459757203713,3.2191320285277936,Moderate
2022-09-15,72.0,79,300,142.0,250.28571428571428,1390.0,272.76666666666665,3177.0,3.01,303.01,90.83999633789062,-3.464401901267855,2.6682701505379267,2.8825250171344146,-6.1376343421456365,-3.2600021362304688,306734,-0.602644565793586,3.7142857142857135,3.543,-0.7646975712503862,61.863609530057815,6.746435486020346,62.46625409585141,372.22268958187175,0.0714068980825785,-100,31.42,31.27857142857143,31.243333333333336,30.631444444444444,13.557034490412894,0.2200000000000024,-2.119999999999997,0.0352380952380926,55.27638190954774,0.378443975819591,1,Elevated,136.39582501357842,1665.4000244140625,-1.833184532032861,0.803067027352514,-5.267347871782569,370.7550048828125,-1.1353134969758538,1.4150467451632185,-5.870428326780209,109.73999786376952,0.0729474730883916,0.5729996059790895,3.0325750284069697,Moderate
2022-09-16,0.0,41,138,141.0,241.28571428571428,1317.0,269.06666666666666,3144.0,2.92,140.92,91.3499984741211,0.5614290585541859,2.6263434892886117,2.8222340005952318,-2.943055877207279,0.5100021362304688,289593,-0.6626667201822511,3.5228571428571422,3.533,-0.7593725182816814,61.81877853095177,3.4820781355635253,62.48144525113402,206.8835233866975,-0.060022154388665,-100,28.97,30.731428571428573,31.198666666666664,30.608555555555554,25.600110771943324,-2.450000000000003,-2.6700000000000053,-0.4672380952380912,13.5,-0.7837900263660114,1,Elevated,70.25712030445222,1671.699951171875,0.3782830950797455,0.726205732646933,-6.530614975013982,367.9265441894531,-0.7628921136893063,1.418633870456751,-6.5253671367993205,109.76000213623048,0.018228788819341,0.5492596976046203,3.850884284992429,Moderate
2022-09-17,64.0,68,216,202.0,231.7142857142857,1330.0,264.3666666666667,3205.0,2.9,218.9,91.3499984741211,0.5614290585541859,2.6263434892886117,2.8222340005952318,-2.943055877207279,0.5100021362304688,181683,-0.7838756051365237,3.3114285714285714,3.514333333333333,-0.7561323232154322,60.89417536628545,3.4820781355635253,61.678050971421975,284.06012910698547,-0.1212088849542725,-100,30.26,30.34857142857143,31.14033333333333,30.60711111111112,23.60604442477136,1.2900000000000027,3.7400000000000055,-0.791761904761902,29.601990049751244,-0.1660221480559985,1,Elevated,101.2884414485098,1671.699951171875,0.3782830950797455,0.726205732646933,-6.530614975013982,367.9265441894531,-0.7628921136893063,1.418633870456751,-6.5253671367993205,109.76000213623048,0.018228788819341,0.5492596976046203,3.850884284992429,Moderate
2022-09-18,200.0,58,192,402.0,225.7142857142857,1530.0,263.53333333333336,3403.0,3.24,195.24,91.3499984741211,0.5614290585541859,2.6263434892886117,2.8222340005952318,-2.943055877207279,0.5100021362304688,168258,-0.8599289686677651,3.1528571428571426,3.510666666666667,-0.7553846389396348,60.04846662176002,3.4820781355635253,60.90839559042779,259.6304737259913,-0.0760533635312414,-100,32.67,30.460000000000004,31.25433333333333,30.637888888888888,40.980266817656215,2.41,1.1199999999999974,-0.7943333333333271,68.06930693069307,0.967399762873114,1,Elevated,91.67051037231096,1671.699951171875,0.3782830950797455,0.726205732646933,-6.530614975013982,367.9265441894531,-0.7628921136893063,1.418633870456751,-6.5253671367993205,109.76000213623048,0.018228788819341,0.5492596976046203,3.850884284992429,Moderate
2022-09-19,49.0,77,243,450.0,232.7142857142857,1566.0,262.06666666666666,3441.0,3.45,246.45,92.0,0.7115506696620866,2.6248000813827224,2.8033255749040524,-3.076272887983089,0.6500015258789062,274533,-0.7490642686537243,3.15,3.5133333333333336,-0.7448400177431455,60.7777509283906,3.643978039843118,61.52681519704432,311.62079323688744,0.1108647000140408,100,31.94,30.76,31.349,30.683,42.85432350007021,-0.7300000000000004,-3.140000000000001,-0.5889999999999951,61.08374384236453,0.6031004393574346,1,Elevated,112.3429542553461,1666.199951171875,-0.3290064102798196,0.7161441427737996,-6.0183920002737645,370.77978515625,0.7754920137884147,1.4301202870866838,-5.6410074797001,109.73999786376952,-0.0182254665375358,0.5310065168438799,2.926275592585758,Moderate
2022-09-20,15.0,92,267,463.0,236.0,1580.0,262.8333333333333,3452.0,3.58,270.58,90.62000274658205,-1.499997014584753,2.612234172064499,2.755765255101885,-6.239005363783967,-1.3799972534179688,302363,-0.8093303291153784,3.1785714285714284,3.5206666666666666,-0.7360348366179411,61.8444689079923,4.736131723027649,62.65379923710768,337.96993096013534,-0.060266060461654,100,31.38,31.12,31.440666666666665,30.718,18.40133030230827,-0.5600000000000023,0.1699999999999981,-0.3206666666666642,52.94117647058824,0.3199664103940454,1,Elevated,122.6572125366326,1659.699951171875,-0.3901092420167451,0.6919492176909114,-7.113280399763178,366.5237731933594,-1.147854368893686,1.440812777731068,-6.615714590620325,110.22000122070312,0.4374005524671709,0.532054059976462,3.5512952767712718,Moderate
2022-09-21,117.0,161,404,517.0,251.42857142857144,1696.0,268.6666666666667,3488.0,4.02,408.02,89.83000183105469,-0.8717732195799743,2.6151281266056605,2.7567890597549294,-6.728269018589394,-0.7900009155273438,307640,-0.80404511209863,3.302857142857143,3.550333333333333,-0.7337439384289127,62.113126241088565,4.159728248044575,62.91717135318719,475.09689960123177,0.0052852170167483,100,34.2,31.548571428571428,31.637666666666668,30.75666666666667,34.82642608508374,2.820000000000004,3.380000000000006,-0.0890952380952398,81.46341463414633,1.6386904154666877,1,Elevated,177.45532556985526,1664.5999755859375,0.2952355581262056,0.6887520142678233,-7.212933356413743,360.1301574707031,-1.7443931854546624,1.4673485529034695,-7.878872424274386,110.63999938964844,0.3810544041859653,0.5329927001138314,4.014286483793117,Moderate
2022-09-22,77.0,109,317,522.0,253.8571428571429,1770.0,271.8,3564.0,4.13,321.13,90.45999908447266,0.7013216526509991,2.6087502911658387,2.725687576481846,-7.125259068463475,0.6299972534179688,295229,-0.8408656793006172,3.462857142857142,3.588,-0.7313040549752005,62.06342009580641,4.022597850663185,62.90428577510703,388.05688362577024,-0.0368205672019871,-100,32.64,31.722857142857148,31.735333333333333,30.796111111111117,19.28410283600994,-1.5600000000000025,-4.380000000000006,-0.0124761904761854,66.74757281553399,0.87680944348175,1,Elevated,142.6418962952867,1670.800048828125,0.372466258147397,0.6954285566707076,-6.950319027326113,357.1051330566406,-0.8399808656148422,1.4007545425174148,-10.531854963632036,111.3499984741211,0.641720072658547,0.4869722501345457,5.846009224605475,Moderate
2022-09-23,5.0,100,240,527.0,268.42857142857144,1695.0,268.3333333333333,3553.0,4.39,244.39,86.1500015258789,-4.764534161192091,2.6930644411593256,2.7533983294649857,-13.504013207125576,-4.30999755859375,287850,-0.8249970992380685,3.672857142857143,3.629333333333333,-0.7312708602302994,61.95608862718388,8.807999923063974,62.78108572642195,315.9790856494859,0.0158685800625486,-100,35.01,32.58571428571429,31.859,30.87344444444444,27.079342900312746,2.369999999999997,3.93,0.7267142857142908,85.99033816425121,1.9432774579153984,1,Elevated,113.83541711450998,1645.300048828125,-1.526214942229942,0.7341359181067457,-8.068386114063342,351.1219482421875,-1.6754687235213006,1.419158231834443,-12.030865751231046,113.19000244140624,1.6524508239780469,0.5516036040129805,7.707685208658765,Moderate
2022-09-24,4.0,101,268,467.0,275.85714285714283,1486.0,266.96666666666664,3547.0,4.41,272.41,86.1500015258789,-4.764534161192091,2.6930644411593256,2.7533983294649857,-13.504013207125576,-4.30999755859375,186240,-0.9236538903478212,3.888571428571428,3.6633333333333336,-0.7352800480229204,61.02795626360032,8.807999923063974,61.95161015394815,343.1696100770121,-0.0986567911097526,-100,33.1,32.99142857142857,31.840666666666667,30.92288888888889,10.893283955548767,-1.9099999999999968,-4.279999999999994,1.1507619047619038,73.07692307692307,1.0230281787287712,1,Elevated,124.87752200001523,1645.300048828125,-1.526214942229942,0.7341359181067457,-8.068386114063342,351.1219482421875,-1.6754687235213006,1.419158231834443,-12.030865751231046,113.19000244140624,1.6524508239780469,0.5516036040129805,7.707685208658765,Moderate
2022-09-25,1.0,77,231,268.0,281.42857142857144,1487.0,267.46666666666664,3540.0,4.09,235.09,86.1500015258789,-4.764534161192091,2.6930644411593256,2.7533983294649857,-13.504013207125576,-4.30999755859375,169405,-0.8340006156885371,4.01,3.686333333333333,-0.7386958214454205,60.071590308678914,8.807999923063974,60.90559092436745,304.80359084743145,0.089653274659284,-100,32.33,32.94285714285714,31.886333333333333,30.979000000000003,14.248266373296424,-0.7700000000000031,1.1399999999999937,1.05652380952381,63.1578947368421,0.6441529674466665,1,Elevated,109.74031815409909,1645.300048828125,-1.526214942229942,0.7341359181067457,-8.068386114063342,351.1219482421875,-1.6754687235213006,1.419158231834443,-12.030865751231046,113.19000244140624,1.6524508239780469,0.5516036040129805,7.707685208658765,Moderate
2022-09-26,97.0,80,275,316.0,286.0,1538.0,269.5,3628.0,4.22,279.22,84.05999755859375,-2.4260057228871146,2.7113588651531804,2.756605795980117,-14.355582015523549,-2.090003967285156,280770,-0.8192163885666287,4.119999999999999,3.7146666666666666,-0.7383939186823589,60.83971145394857,6.57292278959265,61.6589278425152,347.4518506321079,0.0147842271219084,100,34.25,33.27285714285714,32.01866666666667,31.05111111111111,30.57392113560954,1.9200000000000017,2.690000000000005,1.2541904761904732,81.9047619047619,1.5254754610856271,1,Elevated,126.64895468434013,1623.300048828125,-1.3371421228407288,0.7437187150264154,-9.746465536379445,347.6483154296875,-0.9892952661859966,1.3651422834945246,-14.35110382985314,114.0999984741211,0.8039544244960339,0.558896598780829,8.018556698797097,Moderate
2022-09-27,171.0,76,238,472.0,281.85714285714283,1708.0,267.43333333333334,3798.0,4.47,242.47,86.2699966430664,2.629073457838471,2.7218866259369445,2.7630109803558214,-9.28496527101158,2.209999084472656,294045,-0.8310580664914605,4.247142857142856,3.748333333333333,-0.7367044588555312,61.8203201100797,6.279456610876574,62.65137817657116,311.4008347874477,-0.0118416779248318,100,34.82,33.76428571428571,32.16,31.14622222222222,27.35920838962416,0.5700000000000003,-1.3500000000000014,1.604285714285716,85.30805687203792,1.7737470182639197,1,Elevated,112.03005827966489,1626.699951171875,0.2094438638256868,0.7407781321668351,-8.684184973729936,346.7608947753906,-0.2552639017393332,1.35506779839863,-14.920319749804513,114.11000061035156,0.0087661142543549,0.548409236971554,7.095257946563738,Moderate
2022-09-28,56.0,84,292,411.0,265.85714285714283,1758.0,268.8666666666667,3809.0,4.03,296.03,89.31999969482422,3.5354157533781905,2.7621620793351025,2.774490703866676,-3.270518478272011,3.0500030517578125,301157,-0.9194918681730074,4.248571428571428,3.766333333333333,-0.7437104848778302,62.041892764938765,6.624629680540494,62.96138463311177,365.6160143136522,-0.0884338016815469,100,34.62,33.824285714285715,32.29933333333334,31.21755555555556,37.84216900840773,-0.2000000000000028,-0.7700000000000031,1.524952380952378,84.19811320754717,1.6364786932530628,1,Elevated,133.65412879883854,1660.4000244140625,2.071683423726056,0.8569749536620876,-6.3613765995913285,353.5838623046875,1.96762888552251,1.4245414277760426,-13.415859356621052,112.5999984741211,-1.3232864149976042,0.6159951780732525,5.727698097766276,Moderate
2022-09-29,145.0,83,295,479.0,262.7142857142857,1898.0,269.56666666666666,3946.0,4.07,299.07,88.48999786376953,-0.9292452237914416,2.751665058090405,2.774583916325569,-5.5098810229954776,-0.8300018310546875,313620,-0.8639622261110622,4.24,3.7826666666666666,-0.7442140061757475,62.12228963783376,4.231898384181394,62.98625186394482,366.2881502481262,0.0555296420619452,100,34.22,34.05,32.39233333333333,31.278333333333336,28.477648210309727,-0.3999999999999986,-0.1999999999999957,1.657666666666664,80.51643192488262,1.4101130166610545,1,Elevated,133.91800972646152,1658.5,-0.1144317264589855,0.8516329321391451,-5.78310776596841,346.1979675292969,-2.0888664791568257,1.454511245935224,-14.618452797370562,112.25,-0.3108334625790743,0.6223689852013107,5.329830460205631,Moderate
2022-09-30,109.0,73,226,583.0,260.7142857142857,1917.0,265.8,4044.0,4.19,230.19,87.95999908447266,-0.5989363680546256,2.681226002224557,2.7727902992003126,-8.934669821529507,-0.529998779296875,292636,-0.8277503621929674,4.211428571428572,3.802333333333333,-0.7477694437917498,61.99684265813941,4.173629352432133,62.82459302033237,297.18822237276447,0.0362118639180948,-100,32.55,33.69857142857143,32.361,31.322,18.58105931959048,-1.6700000000000017,-1.2700000000000031,1.3375714285714295,63.55140186915887,0.5929709331379001,1,Elevated,106.31037034503936,1662.4000244140625,0.2351537180622642,0.8550268901361039,-5.292543828964424,340.8445129394531,-1.5463564468762292,1.4580844065822816,-16.182370549680936,112.12000274658205,-0.1158104707509766,0.6109764311775272,4.31708154514967,Moderate
2022-10-01,12.0,84,218,591.0,253.57142857142856,1871.0,262.5,4045.0,4.12,222.12,87.95999908447266,-0.5989363680546256,2.681226002224557,2.7727902992003126,-8.934669821529507,-0.529998779296875,186851,-0.8595433243866784,4.17,3.829333333333333,-0.7544525400990667,61.03729964166501,4.173629352432133,61.896842966051686,288.19047231848384,-0.0317929621937109,-100,32.97,33.68,32.371,31.380888888888887,30.25896481096856,0.4200000000000017,2.0900000000000034,1.3089999999999975,71.62790697674419,0.77857429510696,1,Elevated,102.8968203341832,1662.4000244140625,0.2351537180622642,0.8550268901361039,-5.292543828964424,340.8445129394531,-1.5463564468762292,1.4580844065822816,-16.182370549680936,112.12000274658205,-0.1158104707509766,0.6109764311775272,4.31708154514967,Moderate
2022-10-02,4.0,77,220,594.0,252.0,1872.0,261.43333333333334,4046.0,4.12,224.12,87.95999908447266,-0.5989363680546256,2.681226002224557,2.7727902992003126,-8.934669821529507,-0.529998779296875,166360,-0.9797403407836688,4.174285714285714,3.854666666666666,-0.7615864063945197,60.10453471542292,4.173629352432133,61.08427505620659,289.3779044086388,-0.1201970163969904,-100,30.89,33.47428571428571,32.39933333333333,31.42088888888889,12.200985081984951,-2.0799999999999983,-2.5,1.0749523809523822,38.88888888888889,-0.2661457470703169,1,Elevated,103.5343067522142,1662.4000244140625,0.2351537180622642,0.8550268901361039,-5.292543828964424,340.8445129394531,-1.5463564468762292,1.4580844065822816,-16.182370549680936,112.12000274658205,-0.1158104707509766,0.6109764311775272,4.31708154514967,Moderate
2022-10-03,0.0,85,240,497.0,247.0,1867.0,261.3,4044.0,3.92,243.92,88.86000061035156,1.0231941055554028,2.690814769596787,2.77574801388457,-8.126551396971148,0.9000015258789062,272481,-0.783070226268636,4.131428571428572,3.874333333333333,-0.7578887963173777,60.80844165600342,4.526664014849304,61.59151188227205,310.03817589712133,0.1966701145150328,100,31.15,33.03142857142857,32.473,31.42655555555556,13.783350572575166,0.259999999999998,2.3399999999999963,0.5584285714285713,43.77880184331797,-0.1387487969060818,1,Elevated,111.69696798239411,1692.9000244140625,1.8346967969246952,0.9286581326459722,-3.13000411627582,349.8432006835937,2.64011518523084,1.563392350699441,-12.797649361819564,111.75,-0.3300060092027657,0.6093613548388934,3.309606999773873,Moderate
2022-10-04,0.0,69,182,326.0,239.0,1866.0,258.7333333333333,4042.0,3.51,185.51,91.8000030517578,3.3085780117176444,2.768003187134981,2.799996633240318,-4.850746416189312,2.94000244140625,296725,-0.7659420501850355,3.994285714285714,3.882333333333333,-0.7539669024253157,61.816337045226334,6.561655840471557,62.582279095411366,254.6539349358829,0.0171281760836005,100,31.53,32.56142857142857,32.56,31.465444444444447,14.185640880418005,0.3800000000000025,0.1200000000000045,0.0014285714285691,54.58715596330275,0.0329354178748969,1,Elevated,89.34511815527088,1721.0999755859375,1.6657777048373124,0.9733938005701605,-0.7439460446402868,360.68365478515625,3.0986607944302635,1.6593381515950851,-8.183717677533709,110.06999969482422,-1.5033559777859362,0.661740282898562,0.935347652014551,Moderate
2022-10-05,119.0,86,309,389.0,241.42857142857144,1583.0,260.7333333333333,4146.0,3.66,312.66,93.37000274658205,1.710239262126212,2.687000971952845,2.787272156150492,-6.8349614754405374,1.5699996948242188,298542,-0.7430193044543185,3.941428571428572,3.868666666666667,-0.7490632868274284,62.142017155506366,5.08073638162311,62.88503645996069,380.6257728415839,0.0229227457307169,100,33.88,32.455714285714286,32.48433333333334,31.514444444444443,35.41461372865359,2.3500000000000014,1.9699999999999989,-0.0286190476190526,78.53881278538812,1.2040058969108076,1,Elevated,139.6733018446414,1711.4000244140625,-0.563590221920296,0.9674124867525558,-2.026564198793745,359.8438720703125,-0.2328308210539753,1.6593444479045656,-8.175342846378374,111.06999969482422,0.9085127671232484,0.6753301695901058,2.255567010026871,Moderate
2022-10-06,44.0,72,244,288.0,234.14285714285717,1624.0,259.3333333333333,4188.0,3.38,247.38,94.41999816894533,1.1245532735102204,2.6890489780855327,2.783259650251902,-6.718042847016847,1.0499954223632812,296360,-0.8806482594791234,3.842857142857143,3.845,-0.7539646807741147,62.16982035673235,4.485406536297438,63.05046861621148,314.9158751525089,-0.1376289550248048,-100,31.94,32.13,32.48,31.562999999999995,28.488144775124027,-1.9400000000000013,-4.290000000000003,-0.3499999999999943,58.409090909090914,0.1963907168990186,1,Elevated,113.35625633776128,1711.699951171875,0.0175252280900872,0.9672684056962098,-2.065459242918244,356.1318359375,-1.031568527610549,1.6611039836030728,-9.41255740443462,112.26000213623048,1.0713986176968504,0.6992814774578711,3.29407602226901,Moderate
2022-10-07,17.0,59,218,196.0,233.0,1518.0,254.16666666666663,4197.0,3.15,221.15,97.91999816894533,3.706841842696784,2.7614443288821007,2.79525984192423,-1.4294324756318644,3.5,279201,-0.851800270638123,3.6942857142857135,3.810333333333333,-0.7600122041942939,61.94568101175168,6.611229419142072,62.7974812823898,290.5587107015319,0.0288479888410003,-100,31.06,31.91714285714286,32.294666666666664,31.60322222222222,17.844239944205,-0.8800000000000026,1.0599999999999987,-0.3775238095238045,41.6289592760181,-0.2905624185926481,1,Elevated,103.6639880241348,1700.5,-0.6543174324569634,0.9654638861989778,-3.254250029064365,346.1979675292969,-2.7893794953918416,1.6873402067560437,-13.165276934290237,112.8000030517578,0.4810269955919377,0.7000195461056935,3.9918888008901865,Moderate
2022-10-08,98.0,128,363,282.0,253.7142857142857,1546.0,252.9333333333333,4285.0,3.56,366.56,97.91999816894533,3.706841842696784,2.7614443288821007,2.79525984192423,-1.4294324756318644,3.5,186860,-0.9404975056680104,3.614285714285714,3.7843333333333335,-0.7733317143827567,60.91248650922631,6.611229419142072,61.85298401489432,435.0242134340364,-0.0886972350298874,-100,34.46,32.13,32.32633333333333,31.68288888888889,30.74348617514944,3.400000000000002,4.280000000000005,-0.1963333333333281,82.43243243243244,1.5124564171619976,1,Elevated,161.6390885706357,1700.5,-0.6543174324569634,0.9654638861989778,-3.254250029064365,346.1979675292969,-2.7893794953918416,1.6873402067560437,-13.165276934290237,112.8000030517578,0.4810269955919377,0.7000195461056935,3.9918888008901865,Moderate
2022-10-09,32.0,74,228,310.0,254.8571428571429,1577.0,253.83333333333331,4187.0,3.61,231.61,97.91999816894533,3.706841842696784,2.7614443288821007,2.79525984192423,-1.4294324756318644,3.5,169905,-0.9724283014820588,3.541428571428572,3.7626666666666666,-0.7929149693290082,59.9253437486697,6.611229419142072,60.897772050151765,299.11900146929383,-0.0319307958140484,-100,32.67,32.38428571428572,32.322,31.70488888888889,23.85965397907024,-1.7899999999999991,-5.190000000000001,0.0622857142857142,66.3677130044843,0.5256621829157962,1,Elevated,107.4680461776872,1700.5,-0.6543174324569634,0.9654638861989778,-3.254250029064365,346.1979675292969,-2.7893794953918416,1.6873402067560437,-13.165276934290237,112.8000030517578,0.4810269955919377,0.7000195461056935,3.9918888008901865,Moderate
2022-10-10,19.0,86,289,329.0,261.85714285714283,1593.0,254.03333333333333,4192.0,3.69,292.69,96.19000244140624,-1.7667440358344666,2.760800634940658,2.7467275169287686,-4.75294140399749,-1.7299957275390625,267480,-0.9392392291672648,3.5085714285714285,3.7396666666666665,-0.8086824620457428,60.54094246357178,5.002838811174874,61.480181692739045,359.1730205039139,0.0331890723147941,100,31.12,32.38,32.26133333333333,31.67944444444444,13.565945361573972,-1.5500000000000007,0.2399999999999984,0.1186666666666695,42.85714285714285,-0.3060509281068498,1,Elevated,131.37317186301777,1667.300048828125,-1.9523640794986807,1.0028005350089837,-3.962901199545976,343.5545959472656,-0.7635433566800298,1.5958065006998323,-10.809261812867833,113.13999938964844,0.3014151850107893,0.6999959544444843,3.988967110438435,Moderate
2022-10-11,4.0,82,277,333.0,275.42857142857144,1597.0,255.46666666666667,4152.0,3.8,280.8,94.29000091552734,-1.975258839437377,2.663512721017344,2.749654327510482,-10.27690151176578,-1.9000015258789065,302348,-0.7849250971432005,3.55,3.721333333333333,-0.8129727532324764,61.58664958044007,5.666461711631299,62.37157467758327,348.8380363892146,0.1543141320240643,100,31.25,32.34,32.24,31.701555555555554,14.87157066012032,0.129999999999999,1.6799999999999995,0.0999999999999943,46.22222222222222,-0.2494366846792543,1,Elevated,127.06089962016918,1678.699951171875,0.6837343015591246,1.0134456876988518,-3.3341025698521487,341.3788146972656,-0.6333145519421213,1.595637999251815,-10.784212468547816,113.22000122070312,0.0707104750629961,0.6998627008600842,4.024260409946079,Moderate
2022-10-12,218.0,110,324,432.0,277.57142857142856,1814.0,259.8,4259.0,4.08,328.08,92.4499969482422,-1.9514306389004976,2.499571017450119,2.747367799485514,-6.907663658237528,-1.840003967285156,307663,-0.7403643521493365,3.61,3.7416666666666663,-0.8168625515372455,61.85880481135453,5.141768022174369,62.599169163503866,395.8209371856782,0.0445607449938639,100,35.89,32.62714285714286,32.44166666666667,31.752444444444446,55.822803724969326,4.640000000000001,4.510000000000002,0.1854761904761872,91.5929203539823,2.221168202661393,1,Elevated,145.80854104157052,1670.300048828125,-0.5003814015653085,1.0085190490992555,-3.069864429126468,340.2528076171875,-0.3298409366956911,1.5896641411080252,-10.0914914344867,113.31999969482422,0.0883222690716722,0.6989257304735103,4.183141667907608,Moderate
2022-10-13,9.0,78,269,397.0,281.1428571428572,1821.0,260.6333333333333,4257.0,4.05,273.05,94.56999969482422,2.2931344689701927,2.4888675320445595,2.760400367528836,-1.989841653490432,2.1200027465820312,304307,-0.7372568821292346,3.7057142857142855,3.764,-0.8203026124522962,61.81265134081387,4.980986166363795,62.54990822294311,340.5808943893069,0.0031074700201019,-100,32.98,32.77571428571429,32.579,31.77477777777778,52.11553735010052,-2.910000000000004,-7.550000000000004,0.196714285714286,71.80616740088107,0.646112357299566,1,Elevated,123.72237611113415,1670.0,-0.017963768146656,1.0040738054299811,-2.498835100886887,349.232421875,2.639100708880937,1.6775199543475374,-7.011155266731961,112.36000061035156,-0.8471576836021621,0.721043990807012,3.367068780923788,Moderate
2022-10-14,156.0,66,250,536.0,285.7142857142857,1914.0,259.1,4409.0,4.37,254.37,91.62999725341795,-3.108810881773916,2.4284539990843697,2.7744711799610333,-0.7903890776412292,-2.94000244140625,277926,-0.7737639100485877,3.88,3.804666666666667,-0.8236263606580435,61.54394705606903,5.6163037886224085,62.317710966117616,322.30401475474,-0.0365070279193531,-100,34.8,33.309999999999995,32.699,31.82444444444444,42.78253513959677,1.8200000000000005,4.730000000000004,0.6109999999999971,85.52631578947368,1.577840716160731,1,Elevated,116.45806370867248,1641.699951171875,-1.6946137022829322,1.035178296541713,-3.235885017333106,341.2738342285156,-2.2788799515678915,1.714991470696188,-9.41449672821314,113.30999755859376,0.8454938973671222,0.7186480089874462,3.300205156911362,Moderate
2022-10-15,91.0,108,324,529.0,280.1428571428572,1933.0,259.9,4433.0,4.27,328.27,91.62999725341795,-3.108810881773916,2.4284539990843697,2.7744711799610333,-0.7903890776412292,-2.94000244140625,186218,-0.9328673502505412,3.981428571428572,3.8466666666666662,-0.8346337868066088,60.60087624296664,5.6163037886224085,61.53374359321718,395.4200473818396,-0.1591034402019536,-100,34.42,33.30428571428571,32.799,31.85511111111111,24.795517201009773,-0.3799999999999954,-2.199999999999996,0.5052857142857121,81.6593886462882,1.34606286760564,1,Elevated,145.8612702340924,1641.699951171875,-1.6946137022829322,1.035178296541713,-3.235885017333106,341.2738342285156,-2.2788799515678915,1.714991470696188,-9.41449672821314,113.30999755859376,0.8454938973671222,0.7186480089874462,3.300205156911362,Moderate
2022-10-16,1.0,71,215,498.0,278.2857142857143,1934.0,262.46666666666664,4364.0,4.19,219.19,91.62999725341795,-3.108810881773916,2.4284539990843697,2.7744711799610333,-0.7903890776412292,-2.94000244140625,168106,-0.9168568870361024,4.064285714285714,3.889,-0.8431067923684038,59.65020708807127,5.6163037886224085,60.567063975107374,285.3733677637298,0.0160104632144389,-100,33.08,33.362857142857145,32.936,31.874333333333333,28.880052316072184,-1.3400000000000034,-0.960000000000008,0.4268571428571448,71.30434782608695,0.6315549578132973,1,Elevated,102.03593431047044,1641.699951171875,-1.6946137022829322,1.035178296541713,-3.235885017333106,341.2738342285156,-2.2788799515678915,1.714991470696188,-9.41449672821314,113.30999755859376,0.8454938973671222,0.7186480089874462,3.300205156911362,Moderate
2022-10-17,19.0,95,309,498.0,281.1428571428572,1889.0,265.56666666666666,4355.0,4.23,313.23,91.62000274658205,-0.0109074616779669,2.4247246842620447,2.75896784584033,-1.5050461696492934,-0.0099945068359375,285152,-0.8203698121171663,4.141428571428572,3.933333333333333,-0.8443232659344252,60.45988044232209,2.5861367629049408,61.28025025443925,377.09638701734417,0.096487074918936,100,30.96,33.34,32.95933333333333,31.886888888888887,14.48243537459468,-2.119999999999997,-0.779999999999994,0.3806666666666629,37.66233766233766,-0.4880575360521536,1,Elevated,138.58250475604984,1657.0,0.931963774330602,1.0400730458625274,-3.0880832448398565,350.0435791015625,2.569709128996589,1.7872173942034004,-6.096576973078827,112.04000091552734,-1.120816053684648,0.751928037423978,2.291611580575404,Moderate
2022-10-18,1.0,76,264,495.0,279.2857142857143,1690.0,267.96666666666664,4319.0,4.2,268.2,90.02999877929688,-1.7354332237721648,2.4447265292512204,2.7631291081400877,-3.0162695211981783,-1.5900039672851562,293855,-0.7395333876781897,4.198571428571428,3.965333333333333,-0.8403100799014394,61.44271147648536,4.481786705143204,62.18224486416354,334.8640315693067,0.0808364244389766,100,30.77,33.27142857142857,32.896,31.898666666666664,14.304182122194886,-0.1900000000000012,1.929999999999996,0.3754285714285714,35.12931034482759,-0.5975749263991331,1,Elevated,121.50916365489,1649.0,-0.4828002414001164,1.0391442024132969,-3.0228195528151924,354.1564025878906,1.1749461301030717,1.804117029189907,-4.633412138505689,112.12999725341795,0.0803251848939812,0.7449226676570591,1.742127016509354,Moderate
2022-10-19,95.0,90,305,372.0,276.57142857142856,1736.0,270.03333333333336,4365.0,3.88,308.88,92.41000366210938,2.64356871607534,2.291921191585719,2.779895966090669,5.0113677978515625,2.3800048828125,310483,-0.7381531428798388,4.17,3.9796666666666662,-0.8399463757089765,61.72403010414501,5.436626687446215,62.462183247024846,376.77880993447104,0.0013802447983508,100,34.09,33.01428571428571,32.967666666666666,31.93066666666667,32.00690122399176,3.320000000000004,3.510000000000005,0.0466190476190462,78.96995708154506,1.135713190454804,1,Elevated,138.21908732438345,1627.5,-1.3038204972710687,1.0449444999690545,-5.118640840015665,351.64678955078125,-0.7086171586257239,1.7689179721386266,-6.980310062350236,112.9800033569336,0.7580541552985043,0.75160973827885,2.858710054380964,Moderate
2022-10-20,194.0,68,223,557.0,270.0,1915.0,268.56666666666666,4558.0,4.19,227.19,92.37999725341795,-0.0324709528214284,2.282411509050332,2.779537556858619,3.623102268373435,-0.0300064086914062,308763,-0.788995455210037,4.19,4.0,-0.8392685465787985,61.77411186261571,2.677192688709104,62.56310731782575,292.4303000065349,-0.0508423123301982,-100,33.65,33.11,33.04333333333334,31.973000000000003,33.154211561651,-0.4400000000000048,-3.7600000000000087,0.0666666666666628,75.42735042735043,0.8841957093195937,1,Elevated,104.4594985390488,1630.800048828125,0.2027679771505308,1.0459358132864156,-4.519903464395492,348.6980895996094,-0.83854027359066,1.764311481506995,-8.35928625697152,112.87999725341795,-0.08851664059496,0.7513350300224014,2.8894341403690404,Moderate
2022-10-21,2.0,28,93,403.0,247.57142857142856,1800.0,258.2,4507.0,3.65,96.65,93.5,1.2123866420017615,2.165300368029308,2.783093529374985,0.7109044465138714,1.1200027465820312,294577,-0.7465270387590287,4.087142857142857,3.9876666666666662,-0.8373512774674784,61.671890298412144,3.4487774546824568,62.41841733717117,162.51719479185363,0.0424684164510082,-100,29.76,32.39,32.89533333333333,31.96333333333333,54.01234208225505,-3.889999999999997,-3.449999999999992,-0.5053333333333327,18.72340425531915,-1.1561466569933836,1,Elevated,52.52319444930722,1651.0,1.23865284320972,1.070542238888689,-3.799088277991991,357.17193603515625,2.430138474597588,1.802493955420448,-7.568248893746777,112.01000213623048,-0.7707256718250455,0.7558842505877614,2.761469849752718,Moderate
2022-10-22,59.0,93,239,371.0,235.42857142857144,1782.0,255.6,4524.0,3.48,242.48,93.5,1.2123866420017615,2.165300368029308,2.783093529374985,0.7109044465138714,1.1200027465820312,179243,-0.7896813217285089,3.974285714285714,3.966,-0.8356451322150746,60.764267979977305,3.4487774546824568,61.55394930170581,307.4827267563883,-0.0431542829694802,-100,31.87,32.02571428571429,32.86966666666667,31.98522222222222,23.3157714148474,2.1099999999999994,5.9999999999999964,-0.8439523809523806,55.932203389830505,-0.060865530803956,1,Elevated,110.68230084221416,1651.0,1.23865284320972,1.070542238888689,-3.799088277991991,357.17193603515625,2.430138474597588,1.802493955420448,-7.568248893746777,112.01000213623048,-0.7707256718250455,0.7558842505877614,2.761469849752718,Moderate
2022-10-23,4.0,63,203,374.0,233.7142857142857,1781.0,254.36666666666667,4503.0,3.46,206.46,93.5,1.2123866420017615,2.165300368029308,2.783093529374985,0.7109044465138714,1.1200027465820312,163132,-0.7900671595416763,3.87,3.935000000000001,-0.8344808008918617,59.788315362329,3.4487774546824568,60.57838252187068,270.4871599765532,-0.0003858378131673,-100,30.28,31.625714285714285,32.712,31.987666666666662,21.20192918906584,-1.59,-3.6999999999999993,-1.0862857142857187,26.37130801687764,-0.9031982540901166,1,Elevated,96.07918748624712,1651.0,1.23865284320972,1.070542238888689,-3.799088277991991,357.17193603515625,2.430138474597588,1.802493955420448,-7.568248893746777,112.01000213623048,-0.7707256718250455,0.7558842505877614,2.761469849752718,Moderate
2022-10-24,66.0,75,233,421.0,222.8571428571429,1843.0,253.2,4568.0,3.44,236.44,93.26000213623048,-0.2566822072401442,2.1538731764738666,2.775349644349739,-0.787231769967589,-0.2399978637695312,269540,-0.7880023849854304,3.757142857142857,3.9026666666666663,-0.8299590840464487,60.440160749924246,2.48927856071077,61.22816313490968,300.15744169562043,0.0020647745562458,100,31.05,31.638571428571428,32.64366666666667,32.00666666666667,22.61032387278123,0.7699999999999996,2.3599999999999994,-1.0050952380952405,40.33613445378151,-0.5109620542190851,1,Elevated,107.81734405126625,1648.699951171875,-0.1393124668761403,1.0593689261056425,-4.594642991482056,361.54248046875,1.223652810495035,1.806457690003248,-7.432078708592993,111.98999786376952,-0.0178593626278145,0.7443663882830471,3.378561774994493,Moderate
2022-10-25,47.0,78,246,467.0,220.28571428571428,1889.0,253.7,4541.0,3.52,249.52,93.5199966430664,0.278784581686109,2.147958068871086,2.7723021497516878,0.3756557700971941,0.2599945068359375,299032,-0.735631959181104,3.66,3.883666666666667,-0.8266801288295343,61.45452764137453,2.464308227566915,62.19015960055564,314.17446782812254,0.0523704258043263,100,30.24,31.562857142857144,32.574,31.98177777777778,14.861852129021631,-0.8100000000000023,-1.5800000000000018,-1.011142857142854,25.10460251046025,-0.926087660033127,1,Elevated,113.23175521113792,1652.800048828125,0.2486867093879352,1.0375100078143082,-3.061580713892964,367.3158264160156,1.5968651705272174,1.6605911590654605,-1.6786475734579365,110.9499969482422,-0.9286551793602604,0.7283666197664337,1.0289539761046074,Moderate
2022-10-26,112.0,124,314,484.0,221.57142857142856,1904.0,255.0,4555.0,3.66,317.66,95.69000244140624,2.320365564834237,2.181705233194278,2.725799738189209,1.6896960606459954,2.170005798339844,307233,-0.7068301957192267,3.628571428571429,3.865,-0.8229339224012874,61.661607887376135,4.671040404093114,62.36843808309536,384.6994784871885,0.0288017634618773,100,33.69,31.505714285714287,32.55533333333333,32.00555555555555,24.54400881730939,3.4499999999999997,4.260000000000002,-1.0496190476190428,76.66666666666667,0.8918152427023057,1,Elevated,141.40610377825635,1664.0,0.6776349734389342,1.0440698219820927,-1.9157088122605412,364.5484313964844,-0.7534102318795699,1.66350766038306,-2.7903442690560776,109.6999969482422,-1.1266336497360308,0.7582423898449198,0.0364702578854903,Moderate
2022-10-27,98.0,71,255,388.0,226.14285714285717,1831.0,255.56666666666663,4646.0,3.5,258.5,96.95999908447266,1.327198882499836,2.086681773816821,2.7256442278776323,6.737123506498088,1.2699966430664062,300956,-0.7079136692160344,3.53,3.8326666666666656,-0.8188291091587734,61.71568836124975,4.087593006966466,62.42360203046578,325.01119503743223,-0.0010834734968077,-100,31.1,31.141428571428573,32.431333333333335,31.99344444444444,14.40541736748404,-2.5899999999999963,-6.039999999999996,-1.2899047619047614,41.90871369294606,-0.4724521822399655,1,Elevated,117.51975760887976,1660.699951171875,-0.1983202420748231,0.9895238003963558,-0.2822188767435118,362.6017150878906,-0.5340075943096045,1.6539611069859077,-2.199104445669975,110.58999633789062,0.8113030213376948,0.7724084849845149,0.7745566709198126,Moderate
2022-10-28,6.0,53,150,392.0,234.28571428571428,1781.0,250.83333333333331,4648.0,3.63,153.63,95.7699966430664,-1.22731276056377,2.102635292062361,2.716218171309392,4.838531190777706,-1.19000244140625,289776,-0.7512368188577653,3.527142857142857,3.8193333333333337,-0.813220607514932,61.62662890919426,3.813801171703902,62.37786572805202,219.82166689975597,-0.0433231496417308,-100,31.03,31.322857142857146,32.31166666666667,31.99833333333333,29.916615748208656,-0.0700000000000002,2.519999999999996,-0.9888095238095254,39.66942148760331,-0.5128948575085648,1,Elevated,75.45309361429196,1639.5999755859375,-1.2705471311086791,1.0130301023213362,-1.9201995886543588,371.228271484375,2.3790721437689344,1.7066184335421686,0.8973876299671835,110.66999816894533,0.0723409292918919,0.7724465910094577,0.8290780020078659,Moderate
2022-10-29,5.0,108,267,338.0,238.28571428571428,1641.0,249.9,4622.0,3.58,270.58,95.7699966430664,-1.22731276056377,2.102635292062361,2.716218171309392,4.838531190777706,-1.19000244140625,173789,-1.0385685697116254,3.541428571428572,3.803,-0.8190408189682841,60.53241291408224,3.813801171703902,61.570981483793865,335.96478265549774,-0.2873317508538601,-100,30.33,31.10285714285714,32.182,31.980222222222224,12.136658754269298,-0.7000000000000028,-0.6300000000000026,-1.0791428571428625,27.36625514403292,-0.8703021343136431,1,Elevated,122.07171676544031,1639.5999755859375,-1.2705471311086791,1.0130301023213362,-1.9201995886543588,371.228271484375,2.3790721437689344,1.7066184335421686,0.8973876299671835,110.66999816894533,0.0723409292918919,0.7724465910094577,0.8290780020078659,Moderate
2022-10-30,1.0,90,216,335.0,240.14285714285717,1533.0,249.56666666666663,4621.0,3.67,219.67,95.7699966430664,-1.22731276056377,2.102635292062361,2.716218171309392,4.838531190777706,-1.19000244140625,161693,-1.1737181913401504,3.571428571428572,3.7856666666666663,-0.8305730799398567,59.507747961046405,3.813801171703902,60.68146615238656,284.16526732409045,-0.135149621628525,-100,29.87,31.044285714285717,32.092666666666666,31.927444444444443,12.375748108142623,-0.4599999999999973,0.2400000000000055,-1.0483809523809526,20.49180327868853,-1.0897853953753658,1,Elevated,101.52981369915886,1639.5999755859375,-1.2705471311086791,1.0130301023213362,-1.9201995886543588,371.228271484375,2.3790721437689344,1.7066184335421686,0.8973876299671835,110.66999816894533,0.0723409292918919,0.7724465910094577,0.8290780020078659,Moderate
2022-10-31,7.0,66,196,276.0,234.8571428571429,1528.0,248.83333333333331,4628.0,3.5,199.5,94.83000183105467,-0.9815128380082028,2.1105554585695288,2.713766493595433,3.076088946798583,-0.9399948120117188,275391,-0.8447665699929109,3.58,3.765,-0.8300805214600645,60.20059778838954,3.39967719125759,61.04536435838246,263.94504154964005,0.3289516213472395,100,28.95,30.74428571428572,31.958666666666662,31.91733333333334,14.544758106736197,-0.9200000000000016,-0.4600000000000044,-1.2143809523809497,11.020408163265309,-1.5605057620564615,1,Elevated,93.36894374817956,1635.9000244140625,-0.2256618216008865,1.0122579879324003,-1.818504840100488,368.54681396484375,-0.7223203956986612,1.7063838619572842,-0.6022364974577199,111.52999877929688,0.7770855919223107,0.78427673219637,1.6311289870348356,Moderate
2022-11-01,6.0,90,307,235.0,243.57142857142856,1530.0,251.7333333333333,4552.0,3.49,310.49,94.6500015258789,-0.1898136683540996,2.089270477604284,2.695886043983771,4.447140429433372,-0.1800003051757812,284588,-0.734461591202399,3.575714285714286,3.744,-0.8219045631406889,61.12576437283865,2.7237981889017204,61.86022596404105,375.07402415294274,0.1103049787905119,100,29.14,30.58714285714285,31.90033333333333,31.856666666666666,10.851524893952558,0.1900000000000012,1.110000000000003,-1.3131904761904778,12.601626016260164,-1.4282695103817844,1,Elevated,137.65756446836892,1645.0,0.5562672198869079,1.0162320162857752,-0.885699319415878,366.93408203125,-0.4375921517931203,1.6948851782745176,0.1119460367647651,111.4800033569336,-0.0448268832695109,0.7811452215657059,1.143170134527094,Moderate
2022-11-02,114.0,90,324,237.0,245.0,1644.0,254.53333333333333,4600.0,3.4,327.4,96.16000366210938,1.5953535255016416,2.0955485679561634,2.6947707393550324,7.046645554966879,1.5100021362304688,290806,-0.6995893322394939,3.5385714285714287,3.726666666666667,-0.8191218666730509,61.269162532834855,4.3955666489544925,61.968751865074346,393.7643185140288,0.034872258962905,100,33.24,30.52285714285714,31.97,31.871222222222222,32.67436129481453,4.100000000000001,3.91,-1.447142857142861,72.46963562753037,0.7175240184639311,1,Elevated,145.11197703259668,1645.699951171875,0.0425502232142882,1.0145349482873658,-1.1354093891182249,357.72540283203125,-2.509627655256752,1.7277561368561862,-0.6677459770548344,111.3499984741211,-0.1166172218314831,0.7789525955135044,0.641720072658547,Moderate
2022-11-03,243.0,91,347,382.0,258.1428571428572,1887.0,260.03333333333336,4833.0,3.82,350.82,94.66999816894533,-1.5495064854611496,2.118939898066201,2.6834662272154093,4.6539897491501225,-1.4900054931640625,299914,-0.7490702322740549,3.584285714285714,3.737,-0.8185594727426848,61.29411733404783,4.133845358442363,62.04318756632188,416.99703292476426,-0.0494809000345609,100,35.23,31.11285714285714,32.093333333333334,31.912666666666667,40.247404500172806,1.9899999999999949,-2.1100000000000065,-0.9804761904761924,89.11290322580645,1.7102011259839736,1,Elevated,154.39017565664133,1627.300048828125,-1.1180593601310962,1.0303632258503148,-2.60354313674519,354.0419616699219,-1.0296839790935763,1.7312498792097242,-0.8577785932393445,112.93000030517578,1.41895092295119,0.8124042192776768,1.41895092295119,Moderate
2022-11-04,30.0,58,212,406.0,267.0,1798.0,256.8,4858.0,3.93,215.93,98.56999969482422,4.119574945928561,2.023689348055073,2.718453223816027,14.416712651147702,3.900001525878906,279981,-0.6687659912443598,3.627142857142857,3.746,-0.8160843623023528,61.148872409208025,7.584935559098405,61.81763840045238,285.3325739595508,0.0803042410296951,-100,33.55,31.472857142857144,32.08233333333333,31.94177777777778,54.10152120514848,-1.6799999999999995,-3.6699999999999946,-0.6094761904761867,74.69879518072288,0.8270731767024042,1,Elevated,101.76950190372986,1672.5,2.7776039953065323,1.1183200523493004,1.653190929596593,359.13775634765625,1.439319411094342,1.7215629348293109,2.282912858509145,110.87999725341795,-1.815286501565572,0.8231935552298332,-2.0408208659453586,Moderate
2022-11-05,5.0,76,251,406.0,264.7142857142857,1759.0,257.03333333333336,4834.0,3.82,254.82,98.56999969482422,4.119574945928561,2.023689348055073,2.718453223816027,14.416712651147702,3.900001525878906,169144,-0.8944601421015376,3.661428571428572,3.7606666666666655,-0.8165447583897666,60.15337225520662,7.584935559098405,61.04783239730816,323.45276795640655,-0.2256941508571778,-100,32.24,31.74571428571429,32.092333333333336,31.956,17.228470754285894,-1.3099999999999952,0.3700000000000045,-0.3466190476190469,60.4,0.1462491446566905,1,Elevated,117.171540703101,1672.5,2.7776039953065323,1.1183200523493004,1.653190929596593,359.13775634765625,1.439319411094342,1.7215629348293109,2.282912858509145,110.87999725341795,-1.815286501565572,0.8231935552298332,-2.0408208659453586,Moderate
2022-11-06,17.0,71,220,422.0,265.2857142857143,1759.0,257.1,4691.0,3.8,223.8,98.56999969482422,4.119574945928561,2.023689348055073,2.718453223816027,14.416712651147702,3.900001525878906,163823,-0.7688876245531084,3.68,3.782333333333333,-0.813781003520266,59.25050770382649,7.584935559098405,60.0193953283796,291.404330887478,0.1255725175484291,-100,31.86,32.03,32.119,31.92,13.227862587742148,-0.3800000000000025,0.9299999999999926,-0.0889999999999986,56.17529880478087,-0.0313681941527159,1,Elevated,104.55785328931528,1672.5,2.7776039953065323,1.1183200523493004,1.653190929596593,359.13775634765625,1.439319411094342,1.7215629348293109,2.282912858509145,110.87999725341795,-1.815286501565572,0.8231935552298332,-2.0408208659453586,Moderate
2022-11-07,303.0,65,235,718.0,270.85714285714283,1964.0,252.83333333333331,4992.0,4.41,239.41,97.91999816894533,-0.6594313968665277,1.9612660354871805,2.7164834776348084,16.48822390304079,-0.6500015258789062,275261,-0.6444107243975835,3.81,3.810666666666666,-0.8039114441445853,59.942269817977845,4.269519822657787,60.58668054237543,304.2662003650332,0.1244769001555249,100,35.47,32.96142857142857,32.15266666666667,31.951444444444444,73.92238450077764,3.61,3.990000000000002,0.8087619047619015,89.28571428571429,1.80653890639722,1,Elevated,109.5891440375382,1676.5,0.2391629297458841,1.0869703792281973,3.277271580831931,362.5730895996094,0.9565502905875434,1.7161624289724315,4.293066730806716,110.12000274658205,-0.685420748251786,0.8138121539581405,-3.488164575604058,Moderate
2022-11-08,1.0,59,211,713.0,257.1428571428572,1933.0,252.26666666666668,4883.0,4.24,215.24,95.36000061035156,-2.614376640588656,2.000854070905186,2.714841561314684,10.53669215369759,-2.55999755859375,303817,-0.558478371701556,3.917142857142857,3.8316666666666666,-0.7901131131519018,60.990168011779225,5.668899926863601,61.54864638348078,282.4575463103444,0.0859323526960275,100,32.74,33.47571428571429,32.155,31.93177777777778,72.52966176348015,-2.729999999999997,-6.339999999999996,1.3207142857142884,66.600790513834,0.418678575721856,1,Elevated,100.6732892474416,1712.0999755859375,2.123470061791677,1.147310148588384,5.249894078655393,364.5293273925781,0.5395430187963068,1.7157549685893485,5.124116613177132,109.62000274658205,-0.4540501158092458,0.8157680652867862,-3.9347978614962975,Moderate
2022-11-09,116.0,91,346,715.0,260.2857142857143,2030.0,254.16666666666663,4998.0,4.26,350.26,92.6500015258789,-2.8418614378432405,1.989904433638621,2.6011228183233186,3.728170446072721,-2.709999084472656,316281,-0.5757480530790218,4.04,3.850666666666667,-0.7779967406156271,61.3720492453931,5.204582916089134,61.947797298472125,417.41238021456127,-0.0172696813774657,100,34.78,33.69571428571429,32.277,31.952333333333332,33.28634840688733,2.039999999999999,4.769999999999996,1.4187142857142874,85.8267716535433,1.4494151224475649,1,Elevated,154.57539262613008,1710.0999755859375,-0.1168156082307914,1.090876199532291,2.993251652680118,357.0192565917969,-2.060210314078048,1.7286631243276784,0.9715924999283532,110.5500030517578,0.8483855882814861,0.802519930800548,-1.8205998669124648,Moderate
2022-11-10,103.0,78,287,575.0,251.7142857142857,2129.0,254.5,5101.0,3.9,290.9,93.66999816894533,1.1009137898195354,1.9867661140335715,2.5957496646800307,5.85376927361938,1.0199966430664062,286341,-0.5658216769542214,4.051428571428572,3.854,-0.7706932932759945,61.24679007229301,3.6730568312150447,61.81261174924723,356.38566858046227,0.0099263761248004,-100,31.88,33.21714285714286,32.297999999999995,31.96655555555555,16.249631880624,-2.900000000000002,-4.940000000000001,0.919142857142866,56.07843137254902,-0.0444880552592322,1,Elevated,130.19174508233547,1750.300048828125,2.3507440393017776,1.1642291652749357,5.535125042395239,376.6390075683594,5.495432141072154,1.9464523927352255,8.792957467748973,108.20999908447266,-2.116692811116072,0.8855605124164043,-3.599109947017676,Moderate
2022-11-11,91.0,68,222,636.0,253.14285714285717,2002.0,251.1,5175.0,4.06,226.06,95.98999786376952,2.476779908375581,2.022680605137385,2.575124349461915,9.129148320687497,2.3199996948242188,54239,-0.5382362185657912,4.069999999999999,3.853333333333333,-0.7639556888232095,59.26367764124934,5.412375345581716,59.80191385981513,291.2742892053968,0.0275854583884301,-100,32.02,32.99857142857143,32.169,31.98044444444444,14.137927291942148,0.1400000000000041,3.0400000000000063,0.829571428571434,58.59375,0.0203746500836984,1,Elevated,104.54933291019572,1766.0,0.8969862728614109,1.171435846654591,6.231952241606398,380.2842712402344,0.9678401861266116,1.918159033840144,11.571187683396044,106.29000091552734,-1.7743260190275834,0.9357464365548126,-5.199787449374115,Moderate
2022-11-12,35.0,57,191,666.0,244.57142857142856,2028.0,248.5,5209.0,4.02,195.02,95.98999786376952,2.476779908375581,2.022680605137385,2.575124349461915,9.129148320687497,2.3199996948242188,186035,-0.6572167035296527,4.098571428571428,3.852333333333333,-0.7612876828698901,58.338166744710726,5.412375345581716,58.99538344824038,259.42775879382214,-0.1189804849638614,100,32.01,32.965714285714284,32.13666666666666,31.997222222222224,22.19490242481931,-0.0100000000000051,-0.1500000000000092,0.8290476190476213,58.17120622568094,0.0066035484981403,1,Elevated,91.97202682788075,1766.0,0.8969862728614109,1.171435846654591,6.231952241606398,380.2842712402344,0.9678401861266116,1.918159033840144,11.571187683396044,106.29000091552734,-1.7743260190275834,0.9357464365548126,-5.199787449374115,Moderate
2022-11-13,44.0,62,216,693.0,244.0,1916.0,247.36666666666667,5200.0,4.05,220.05,95.98999786376952,2.476779908375581,2.022680605137385,2.575124349461915,9.129148320687497,2.3199996948242188,169449,-0.7742238775865056,4.134285714285714,3.841666666666667,-0.7613030151211541,57.4893044144566,5.412375345581716,58.26352829204311,283.7259036376248,-0.1170071740568529,-100,31.1,32.857142857142854,32.013333333333335,31.976555555555557,12.685035870284269,-0.9099999999999966,-0.8999999999999915,0.8438095238095187,41.27906976744186,-0.4531124741719201,1,Elevated,101.83765579664131,1766.0,0.8969862728614109,1.171435846654591,6.231952241606398,380.2842712402344,0.9678401861266116,1.918159033840144,11.571187683396044,106.29000091552734,-1.7743260190275834,0.9357464365548126,-5.199787449374115,Moderate
2022-11-14,32.0,71,258,422.0,247.28571428571428,1857.0,245.16666666666663,5180.0,3.54,261.54,93.13999938964844,-2.969057753460791,2.103927329005105,2.581064813696235,4.816563976928756,-2.8499984741210938,277117,-0.6389746997848469,4.01,3.817333333333333,-0.7515065934389643,58.20061406496104,5.554641480158772,58.83958876474589,325.93423024490465,0.1352491778016586,100,31.21,32.24857142857143,31.906333333333336,31.98288888888889,18.176245889008293,0.1099999999999994,1.019999999999996,0.3422380952380948,44.20849420849421,-0.4002478001318384,1,Elevated,118.60577434501268,1773.5999755859375,0.4303496934279449,1.1315850599926331,4.766964971827359,377.0492858886719,-0.8506755593682969,1.8820719596724056,7.776651125966549,106.66000366210938,0.3481068241556251,0.9400181683039012,-4.554806566345082,Moderate
2022-11-15,44.0,116,333,465.0,264.7142857142857,1900.0,249.1,5151.0,3.88,336.88,93.86000061035156,0.7730311632180964,2.023221523203528,2.5827083174002303,2.2440059805142853,0.720001220703125,306128,-0.6769658476211091,3.958571428571428,3.807,-0.7435102254584646,59.280674138030335,3.020653284473053,59.95763998565145,399.8582932701245,-0.0379911478362622,100,31.1,32.01428571428571,31.840333333333334,31.991666666666667,15.98995573918131,-0.1099999999999994,-0.2199999999999988,0.1739523809523788,41.15384615384615,-0.463173954063845,1,Elevated,147.95178931091954,1773.800048828125,0.0112806295073042,1.0954854218565686,3.0619995345852136,380.26513671875,0.8528993291947673,1.8087910837673655,5.428990660876387,106.4000015258789,-0.2437672297988413,0.905009103531522,-3.3342401918057707,Moderate
2022-11-16,92.0,105,336,441.0,263.2857142857143,1973.0,250.0,5192.0,3.87,339.87,92.86000061035156,-1.06541657095377,2.0101731286718496,2.475206053668173,-0.5462162592140829,-1.0,307286,-0.6742297710622155,3.902857142857143,3.795,-0.7386388907566328,59.45387876959135,3.130211325547028,60.12810854065357,403.12831986620057,0.0027360765588936,100,32.39,31.67285714285714,31.888,31.995888888888885,19.713680382794468,1.2899999999999991,1.3999999999999986,-0.2151428571428582,62.06896551724138,0.2046713815599489,1,Elevated,149.22570623834952,1773.0,-0.0451036647932001,1.0886199350700878,3.5993908324868595,377.36419677734375,-0.7628729697489511,1.8156598776742143,4.868868436255558,106.27999877929688,-0.1127845346438727,0.8843880049751365,-4.312596496523224,Moderate
2022-11-17,152.0,111,374,490.0,275.7142857142857,2124.0,253.66666666666663,5344.0,4.13,378.13,89.77999877929688,-3.3168229709351738,2.086682292411396,2.49904647407554,-4.914212539324669,-3.0800018310546875,312848,-0.6283440557430854,3.9357142857142855,3.792666666666667,-0.7349325796921293,59.60250421312793,5.894926517279037,60.23084826887101,444.25577478615,0.0458857153191301,100,35.15,32.14,32.034,32.06144444444444,24.82942857659565,2.759999999999998,1.4699999999999989,0.1060000000000016,88.93129770992367,1.5990703510232254,1,Elevated,165.65614026068582,1760.800048828125,-0.6880965127961103,1.098569152361797,2.8684990977907443,376.2095031738281,-0.305989177928534,1.8038361127708056,5.6377063801315686,106.69000244140624,0.3857768788281479,0.8604577429005383,-4.961695696446611,Moderate
2022-11-18,20.0,49,132,419.0,262.85714285714283,2049.0,247.9,5351.0,3.87,135.87,87.62000274658203,-2.4058766563638367,1.993783736802589,2.5107094098531397,-10.518786371495114,-2.159996032714844,293850,-0.5706069410135755,3.908571428571429,3.792333333333333,-0.7293477062965873,59.47234641802742,5.451539030315937,60.04295335904099,201.3644923893569,0.0577371147295099,-100,32.55,32.215714285714284,31.982666666666663,32.09977777777778,39.28868557364755,-2.6000000000000014,-5.359999999999999,0.2330476190476211,62.9277566539924,0.236200347092136,1,Elevated,68.53720628393458,1751.9000244140625,-0.5054534397580079,1.095375470036256,3.022641835581452,377.9176330566406,0.454036877963504,1.7135141931781623,9.162291088453456,106.93000030517578,0.22494878458863,0.8550721570214044,-5.203903003343546,Moderate
2022-11-19,29.0,76,228,413.0,268.1428571428572,1884.0,248.06666666666663,5379.0,3.94,231.94,87.62000274658203,-2.4058766563638367,1.993783736802589,2.5107094098531397,-10.518786371495114,-2.159996032714844,184521,-0.6814240807051011,3.897142857142857,3.784,-0.7257619938130893,58.50011863116538,5.451539030315937,59.18154271187048,296.5730817421864,-0.1108171396915256,-100,31.27,32.11,31.90333333333333,32.12911111111111,13.054085698457628,-1.2799999999999976,1.3200000000000038,0.206666666666667,46.02272727272727,-0.4588982199085386,1,Elevated,106.79292415450048,1751.9000244140625,-0.5054534397580079,1.095375470036256,3.022641835581452,377.9176330566406,0.454036877963504,1.7135141931781623,9.162291088453456,106.93000030517578,0.22494878458863,0.8550721570214044,-5.203903003343546,Moderate
2022-11-20,15.0,74,227,384.0,269.7142857142857,1897.0,252.53333333333333,5393.0,3.92,230.92,87.62000274658203,-2.4058766563638367,1.993783736802589,2.5107094098531397,-10.518786371495114,-2.159996032714844,165643,-0.7703923446196014,3.878571428571429,3.793,-0.7265575040084418,57.49117465512449,5.451539030315937,58.26156699974409,294.63310603006,-0.0889682639145003,-100,31.16,32.11857142857143,31.95,32.160999999999994,13.444841319572502,-0.1099999999999994,1.1699999999999982,0.168571428571429,42.26415094339623,-0.5470074651818823,1,Elevated,106.2009290120752,1751.9000244140625,-0.5054534397580079,1.095375470036256,3.022641835581452,377.9176330566406,0.454036877963504,1.7135141931781623,9.162291088453456,106.93000030517578,0.22494878458863,0.8550721570214044,-5.203903003343546,Moderate
2022-11-21,96.0,82,306,448.0,276.57142857142856,1934.0,254.76666666666668,5486.0,4.12,310.12,87.44999694824219,-0.1940262417379101,1.975859474353833,2.4999032591069725,-9.086189075094374,-0.1700057983398437,276539,-0.6001047847478967,3.9614285714285713,3.814333333333333,-0.7202382861090881,58.25254258827536,3.0785046236011806,58.85264737302326,372.05115199662447,0.1702875598717046,100,32.57,32.31285714285714,31.973333333333333,32.19277777777778,29.051437799358524,1.41,1.5199999999999996,0.3395238095238078,63.53383458646616,0.2082194457639558,1,Elevated,137.04993132404513,1737.4000244140625,-0.827672800840884,1.0403970041886352,4.2044007396993655,376.5435791015625,-0.3635855633315143,1.7064416769814128,9.602253482692614,107.83999633789062,0.8510203218158985,0.8713516034471224,-4.684464451431425,Moderate
2022-11-22,11.0,58,200,415.0,257.57142857142856,1941.0,254.66666666666663,5417.0,3.78,203.78,88.36000061035156,1.0405988494750495,1.9642762784201235,2.4415598223611514,-6.289108333436499,0.910003662109375,291519,-0.6506060716449106,3.9471428571428575,3.825,-0.7155895831791957,59.257206139021946,3.633785961238823,59.90781221066685,267.3215981719057,-0.0505012868970138,100,31.28,32.33857142857143,32.00666666666667,32.19255555555556,30.652506434485076,-1.2899999999999991,-2.6999999999999997,0.3319047619047595,46.441947565543074,-0.5036820697282786,1,Elevated,94.9470768266289,1738.300048828125,0.0518029470136571,1.0354480303200455,3.550372275560276,381.6106872558594,1.3456896984904263,1.7065698921243138,11.78511109257654,107.22000122070312,-0.5749213077167581,0.8735266432650223,-5.299417006986262,Moderate
2022-11-23,198.0,81,298,521.0,252.14285714285717,2073.0,256.8333333333333,5402.0,3.9,301.9,85.41000366210938,-3.3386112809698054,2.0224502658407864,2.460763023492884,-7.614919976767687,-2.9499969482421875,294726,-0.7425135948312287,3.951428571428572,3.840333333333333,-0.7140732901740559,59.454293509153686,6.12255354448736,60.19680710398492,368.2193606484722,-0.0919075231863181,100,35.7,32.81142857142857,32.16166666666666,32.215333333333334,49.05953761593159,4.420000000000002,5.710000000000001,0.6497619047619096,91.4179104477612,1.8908432682978384,1,Elevated,135.2483828385919,1744.9000244140625,0.3796798826754211,1.02967205743183,4.466261953250639,384.0154724121094,0.6301671406381937,1.701678478394427,12.861808577391232,106.08000183105467,-1.0632338898242,0.8866397763872595,-6.388985071714759,Moderate
2022-11-24,1.0,83,303,370.0,242.0,2027.0,258.7333333333333,5403.0,3.46,306.46,85.41000366210938,-3.3386112809698054,2.0224502658407864,2.460763023492884,-7.614919976767687,-2.9499969482421875,261352,-0.6722311563920704,3.855714285714286,3.838333333333333,-0.7119599300810879,59.15943715615742,6.12255354448736,59.831668312549496,372.4142218570368,0.0702824384391582,-100,33.57,32.58571428571429,32.272666666666666,32.24433333333333,54.15141219219579,-2.1300000000000026,-6.550000000000004,0.313047619047623,75.09293680297398,0.7191124278365976,1,Elevated,136.99935508030484,1744.9000244140625,0.3796798826754211,1.02967205743183,4.466261953250639,384.0154724121094,0.6301671406381937,1.701678478394427,12.861808577391232,106.08000183105467,-1.0632338898242,0.8866397763872595,-6.388985071714759,Moderate
2022-11-25,4.0,60,214,354.0,253.7142857142857,1919.0,255.4,5361.0,3.52,217.52,83.62999725341797,-2.0840725118491887,1.9907553167056435,2.468511360203846,-11.56815319520932,-1.7800064086914062,250736,-0.6819662038614924,3.8057142857142856,3.833666666666667,-0.7111311303524969,58.71733260798252,5.231643148075765,59.39929881184401,282.1509419599198,-0.0097350474694219,-100,30.19,32.24857142857143,32.156,32.24333333333333,11.248675237347111,-3.379999999999999,-1.2499999999999964,0.092571428571432,23.33333333333333,-1.1131725028997288,1,Elevated,100.98051702159913,1753.300048828125,0.4814043381587529,1.0308846584564963,4.988026875935625,383.9295043945313,-0.0223866025600871,1.6504955175994256,9.935240930164934,105.95999908447266,-0.1131247591540818,0.8787149764797174,-5.695978543176761,Moderate
2022-11-26,15.0,47,149,340.0,242.42857142857144,1836.0,251.86666666666667,5375.0,3.35,152.35,83.62999725341797,-2.0840725118491887,1.9907553167056435,2.468511360203846,-11.56815319520932,-1.7800064086914062,173525,-0.7373626745816917,3.721428571428571,3.8286666666666656,-0.7121127638646854,57.7201500199075,5.231643148075765,58.45751269448919,216.03915584256492,-0.0553964707201992,-100,29.84,32.044285714285714,32.114,32.23511111111111,14.176982353600996,-0.3500000000000014,3.0299999999999976,-0.0697142857142836,18.08118081180812,-1.2920689916513963,1,Elevated,74.72415979812814,1753.300048828125,0.4814043381587529,1.0308846584564963,4.988026875935625,383.9295043945313,-0.0223866025600871,1.6504955175994256,9.935240930164934,105.95999908447266,-0.1131247591540818,0.8787149764797174,-5.695978543176761,Moderate
2022-11-27,472.0,50,165,797.0,233.57142857142856,2302.0,252.36666666666667,5841.0,4.14,169.14,83.62999725341797,-2.0840725118491887,1.9907553167056435,2.468511360203846,-11.56815319520932,-1.7800064086914062,160828,-0.772334751272576,3.752857142857143,3.8456666666666655,-0.7128160282785124,56.71109649001996,5.231643148075765,57.48343124129253,231.85507438936827,-0.0349720766908843,-100,37.73,32.98285714285714,32.33733333333333,32.31611111111111,100.0,7.889999999999997,8.239999999999998,0.6455238095238087,97.61029411764706,2.8022190660762742,1,Elevated,81.2453435074888,1753.300048828125,0.4814043381587529,1.0308846584564963,4.988026875935625,383.9295043945313,-0.0223866025600871,1.6504955175994256,9.935240930164934,105.95999908447266,-0.1131247591540818,0.8787149764797174,-5.695978543176761,Moderate
2022-11-28,70.0,73,269,771.0,228.28571428571428,2367.0,252.4333333333333,5906.0,4.04,273.04,83.19000244140625,-0.5261208017004138,1.9238361488262623,2.45288694684415,-9.21095172432398,-0.4399948120117187,270808,-0.7392684124357319,3.741428571428571,3.861,-0.7028393563693159,57.470296822062,3.371052122959074,58.20956523449774,334.62061735745687,0.033066338836844,100,33.34,33.09285714285714,32.437666666666665,32.33733333333333,91.56533169418422,-4.3899999999999935,-12.27999999999999,0.6551904761904765,72.16117216117216,0.5188046421829976,1,Elevated,122.20633389608318,1740.0999755859375,-0.7528701804925042,0.9855689799509229,5.993788593574778,377.8031311035156,-1.595702653974751,1.6176555304109477,10.70380826516577,106.68000030517578,0.6795028566668249,0.8724601612800186,-5.85120236190062,Moderate
2022-11-29,2.0,65,239,762.0,233.8571428571429,2368.0,253.2,5818.0,4.07,243.07,83.02999877929688,-0.1923352054498006,1.9231690861169783,2.4524804923275423,-9.375686214553856,-0.160003662109375,294225,-0.6719456796821418,3.7828571428571434,3.874333333333333,-0.6861136059807157,58.507396136693146,3.0530729130221648,59.179341816375285,305.30241472939747,0.0673227327535901,100,31.63,33.142857142857146,32.49633333333333,32.31666666666667,24.236613663767955,-1.7100000000000044,2.679999999999989,0.6465238095238135,52.55474452554745,-0.3557624976670038,1,Elevated,110.28509752848392,1748.4000244140625,0.4769868941197019,0.9773658116969416,5.515994231385779,377.1542663574219,-0.1717467889158275,1.564621222335576,7.744946307954814,106.81999969482422,0.1312330232920322,0.8565501570244071,-4.659051390617853,Moderate
2022-11-30,107.0,70,249,671.0,226.8571428571429,2468.0,254.96666666666667,5867.0,3.82,252.82,85.43000030517578,2.890523378494048,1.9892345155022788,2.4643555323434083,-5.109406349541013,2.4000015258789062,304467,-0.5925509677869764,3.7714285714285714,3.885,-0.677706419240518,58.73492382564537,5.390698528950428,59.32747479343234,317.5381733223828,0.0793947118951654,100,34.82,33.01714285714286,32.692,32.340555555555554,33.89697355947583,3.1900000000000013,4.900000000000006,0.3251428571428576,86.36363636363636,1.2729635304434967,1,Elevated,115.14977437026664,1746.0,-0.1372697540922729,0.9712573046486672,5.882352941176472,389.0348815917969,3.150067835402925,1.6439644084313552,9.848326544160235,105.9499969482422,-0.8144567956071436,0.8636103763862445,-5.51146031976506,Moderate
2022-12-01,80.0,78,303,750.0,226.8571428571429,2542.0,254.83333333333331,5944.0,3.96,306.96,86.87999725341797,1.6972924535437972,1.950443747177844,2.471803907580565,-5.984207541979414,1.4499969482421875,302706,-0.46691133691105,3.8428571428571434,3.9006666666666665,-0.6687880774308063,58.87670215376601,4.246156954919583,59.343613490677065,370.5497704455966,0.1256396308759263,-100,32.91,32.92285714285715,32.81766666666667,32.37244444444445,17.428198154379633,-1.910000000000004,-5.100000000000005,0.1051904761904793,68.11594202898551,0.2780760547206748,1,Elevated,136.35118548010325,1801.0999755859375,3.155783252344646,1.0701535717979935,10.666665166570668,388.7485656738281,-0.0735964643574504,1.6342365891691606,10.550864454199438,104.7300033569336,-1.1514805346380277,0.8620623272111321,-7.302177159559886,Moderate
2022-12-02,19.0,66,233,765.0,229.57142857142856,2447.0,251.8,5958.0,4.02,237.02,85.56999969482422,-1.507824125238688,1.9649566875938085,2.46348334183163,-7.3717230580906845,-1.30999755859375,284332,-0.6032942432342263,3.914285714285714,3.9213333333333327,-0.6655782411306306,58.82604132496299,4.209953118641565,59.42933556819722,300.65928868683875,-0.1363829063231763,-100,32.45,33.24571428571428,32.791333333333334,32.41144444444445,23.48191453161588,-0.4599999999999937,1.45000000000001,0.4543809523809443,61.371841155234655,0.0203117611235991,1,Elevated,108.37784836109608,1795.9000244140625,-0.2887097463972421,1.076133635686106,10.123863787260534,388.3001098632813,-0.1153588334839361,1.6214196929696647,11.357108468573674,104.5500030517578,-0.1718708100889809,0.8616620655733341,-7.37951311511742,Moderate
2022-12-03,4.0,53,189,754.0,235.28571428571428,2208.0,246.53333333333333,5961.0,4.05,193.05,85.56999969482422,-1.507824125238688,1.9649566875938085,2.46348334183163,-7.3717230580906845,-1.30999755859375,177132,-0.6813580123657514,4.014285714285714,3.929,-0.6633211671336873,57.86523843925208,4.209953118641565,58.54659645161782,255.80654957025945,-0.0780637691315251,-100,30.5,33.34,32.63366666666666,32.429,13.690318845657629,-1.9500000000000028,-1.490000000000009,0.7063333333333333,27.87769784172662,-1.0300801462565814,1,Elevated,90.6133005377802,1795.9000244140625,-0.2887097463972421,1.076133635686106,10.123863787260534,388.3001098632813,-0.1153588334839361,1.6214196929696647,11.357108468573674,104.5500030517578,-0.1718708100889809,0.8616620655733341,-7.37951311511742,Moderate
2022-12-04,16.0,59,222,298.0,243.42857142857144,2194.0,246.86666666666667,5575.0,3.21,225.21,85.56999969482422,-1.507824125238688,1.9649566875938085,2.46348334183163,-7.3717230580906845,-1.30999755859375,155406,-0.7418639426482806,3.881428571428572,3.905,-0.6657577655138179,56.89040483589459,4.209953118641565,57.63226877854287,287.05222189718444,-0.0605059302825291,-100,30.55,32.31428571428571,32.53366666666667,32.36677777777778,21.102529651412645,0.0500000000000007,2.000000000000004,-0.2193809523809591,29.211469534050178,-0.9871640639155648,1,Elevated,103.2944350031652,1795.9000244140625,-0.2887097463972421,1.076133635686106,10.123863787260534,388.3001098632813,-0.1153588334839361,1.6214196929696647,11.357108468573674,104.5500030517578,-0.1718708100889809,0.8616620655733341,-7.37951311511742,Moderate
2022-12-05,7.0,82,268,235.0,243.28571428571428,2196.0,247.4333333333333,5579.0,3.11,271.11,82.68000030517578,-3.377351174424792,2.026005564986723,2.484716195727125,-11.57219218697777,-2.889999389648437,270342,-0.6110731506284374,3.7485714285714287,3.881333333333333,-0.6563115324647146,57.68230699116307,6.560575958109292,58.2933801417915,335.9639560999008,0.1307907920198432,100,32.03,32.12714285714286,32.52666666666667,32.36633333333333,13.453953960099216,1.4800000000000004,1.4299999999999995,-0.3995238095238136,58.21428571428572,-0.1827423468937542,1,Elevated,122.72690641160204,1767.4000244140625,-1.5869480267588163,1.1165317487146784,7.05027404082752,381.31488037109375,-1.7989254483206207,1.6201293868786493,6.759474051612258,105.29000091552734,0.707793249325106,0.8731526000706764,-5.999465308937346,Moderate
2022-12-06,2.0,59,195,235.0,237.0,2181.0,246.6,5458.0,3.06,198.06,79.3499984741211,-4.027578397149845,2.131715389719408,2.496229141884602,-14.915294170581506,-3.3300018310546875,294747,-0.6594964765837076,3.6042857142857145,3.856666666666667,-0.6526651608657346,58.70682326397844,7.650823203927403,59.36631974056214,265.07714294448954,-0.0484233259552702,100,31.17,32.06142857142857,32.50366666666667,32.30577777777778,11.74211662977635,-0.8599999999999994,-2.34,-0.4422380952380962,41.99288256227758,-0.6352731785266613,1,Elevated,94.1575932296834,1769.300048828125,0.1075039259825993,1.1145989864477244,7.31486026735968,375.81829833984375,-1.4414811260186733,1.6367931394745454,3.9485865817440624,105.58000183105467,0.2754306325441158,0.8769229174575723,-5.723721899264877,Moderate
2022-12-07,114.0,93,334,242.0,249.14285714285717,1992.0,249.9,5502.0,3.2,337.2,77.16999816894531,-2.7473224286031384,2.164209931273237,2.330949523091228,-17.48289035608438,-2.180000305175781,305978,-0.7086648500952424,3.5157142857142856,3.816333333333333,-0.6548069650556566,58.94719222881353,6.659821395484813,59.65585707890877,403.5156784743936,-0.0491683735115348,100,34.45,32.00857142857143,32.46966666666667,32.31622222222222,34.04584186755768,3.280000000000001,4.140000000000001,-0.4610952380952398,82.62411347517731,1.186955431098298,1,Elevated,149.4750999739757,1785.5,0.9156135604362126,1.1213767136041497,8.028796421319239,375.178955078125,-0.1701203120079597,1.614270139174142,2.1406996640552345,105.0999984741211,-0.4546347306393139,0.8674210837548929,-5.272644105479429,Moderate
2022-12-08,18.0,83,293,180.0,247.7142857142857,2009.0,252.63333333333333,5519.0,3.08,296.08,76.1500015258789,-1.3217528408298818,2.0948650059219904,2.332140155618539,-20.420107029981796,-1.0199966430664062,289891,-0.6878832412972871,3.39,3.7776666666666663,-0.6591204607088476,58.83821745249119,5.458628549750051,59.52610069378848,361.0647292435385,0.0207816087979553,-100,32.43,31.94,32.45933333333333,32.312111111111115,30.50390804398978,-2.020000000000003,-5.300000000000004,-0.5193333333333321,61.48409893992933,0.065603382863538,1,Elevated,132.5206715586577,1788.699951171875,0.1792187718776317,1.1187227458716158,7.493987450232864,378.1180419921875,0.7833826695984314,1.6111921919771894,3.7223066750614375,104.7699966430664,-0.3139884261139536,0.8492327079119937,-4.494075152528776,Moderate
2022-12-09,0.0,53,182,161.0,240.42857142857144,1893.0,247.16666666666663,5516.0,2.97,184.97,76.0999984741211,-0.0656638880575988,2.0627217114347136,2.302892389867031,-21.514027235270596,-0.0500030517578125,281843,-0.5541268041792953,3.24,3.7346666666666666,-0.65839975241219,58.56873064027024,4.279788323019371,59.12285744444954,248.3726457674689,0.1337564371179918,-100,28.87,31.428571428571427,32.26233333333333,32.266888888888886,15.368782185589955,-3.5599999999999987,-1.5399999999999956,-0.8337619047619036,8.450704225352112,-1.8543100001845012,1,Elevated,87.52448681809767,1798.0999755859375,0.5255227075901647,1.116587183332768,8.273621271386556,375.29345703125,-0.7470114216332147,1.61470417911445,3.500188061791998,104.80999755859376,0.0381797430648145,0.830592009346635,-5.22651141215068,Moderate
2022-12-10,200.0,67,198,357.0,241.7142857142857,1990.0,244.2,5716.0,3.41,201.41,76.0999984741211,-0.0656638880575988,2.0627217114347136,2.302892389867031,-21.514027235270596,-0.0500030517578125,180403,-0.6687439878509134,3.148571428571429,3.718333333333333,-0.6618304961087464,57.73973668263439,4.279788323019371,58.4084806704853,264.0982689935047,-0.1146171836716181,-100,33.42,31.845714285714283,32.31366666666667,32.28388888888889,54.97308591835809,4.550000000000001,8.11,-0.4679523809523864,73.33333333333333,0.6189832427025239,1,Elevated,93.9576114633048,1798.0999755859375,0.5255227075901647,1.116587183332768,8.273621271386556,375.29345703125,-0.7470114216332147,1.61470417911445,3.500188061791998,104.80999755859376,0.0381797430648145,0.830592009346635,-5.22651141215068,Moderate
2022-12-11,1.0,51,190,342.0,237.14285714285717,1900.0,243.13333333333333,5716.0,3.33,193.33,76.0999984741211,-0.0656638880575988,2.0627217114347136,2.302892389867031,-21.514027235270596,-0.0500030517578125,157952,-0.7223649272000515,3.165714285714286,3.694,-0.6679681197298885,58.5513194039269,4.279788323019371,59.27368433112696,256.8834726541463,-0.0536209393491381,-100,30.65,31.860000000000003,32.268,32.29288888888888,50.8681046967457,-2.770000000000003,-7.320000000000004,-0.4079999999999977,31.818181818181817,-0.9000715676653173,1,Elevated,90.89865219543314,1798.0999755859375,0.5255227075901647,1.116587183332768,8.273621271386556,375.29345703125,-0.7470114216332147,1.61470417911445,3.500188061791998,104.80999755859376,0.0381797430648145,0.830592009346635,-5.22651141215068,Moderate
2022-12-12,13.0,57,192,348.0,226.28571428571428,1878.0,243.16666666666663,5727.0,3.22,195.22,77.98999786376953,2.4835734921744512,2.1448311150920643,2.3049052349244663,-18.565312104544297,1.8899993896484373,265335,-0.6936809964393766,3.1814285714285715,3.667333333333333,-0.6691835961602126,59.17186369247796,6.484935817720945,59.86554468891734,261.5704805066383,0.0286839307606748,100,30.25,31.60571428571429,32.20933333333333,32.30833333333333,13.643419653803374,-0.3999999999999986,2.3700000000000045,-0.6036190476190448,23.34494773519164,-1.1424768932566076,1,Elevated,92.65508326487183,1780.5,-0.9788096226519438,1.103894220480076,8.59356102171871,380.7041015625,1.4417103282457375,1.578284572899313,2.5525615385475486,105.12999725341795,0.3053140943404031,0.8340702454537909,-5.005874227150664,Moderate
2022-12-13,2.0,55,184,348.0,224.7142857142857,1836.0,242.1,5666.0,3.2,187.2,80.68000030517578,3.449163373622688,2.2707724578503847,2.334083342442411,-14.921439684339544,2.69000244140625,296899,-0.6450030393627337,3.2014285714285715,3.639,-0.6648762348860869,60.16919496077345,7.212079799907027,60.81419800013619,255.2262778000432,0.0486779570766429,100,30.98,31.578571428571426,32.205333333333336,32.30588888888889,12.643389785383215,0.7300000000000004,1.129999999999999,-0.62676190476191,36.80555555555556,-0.7352527885441004,1,Elevated,89.92767151999004,1813.9000244140625,1.8758789336738249,1.136821693426972,10.880860525920898,383.5860290527344,0.7569993279311404,1.5749442350383387,4.0806797177536325,103.9800033569336,-1.093877985854308,0.8309359020605894,-6.769475033621875,Moderate
2022-12-14,45.0,75,276,279.0,216.42857142857144,1849.0,242.7,5639.0,2.96,278.96,82.69999694824219,2.5037142233833354,2.336266920867678,2.3416542440644994,-12.62546686211028,2.0199966430664062,301986,-0.5998016194950799,3.1671428571428573,3.619666666666667,-0.6635704655430945,60.363801718805945,6.102527830462041,60.96360333830103,346.0261311687631,0.0452014198676538,100,32.11,31.244285714285716,32.23533333333333,32.31355555555555,21.22600709933827,1.129999999999999,0.3999999999999986,-0.9910476190476168,58.82352941176471,-0.113025709193386,1,Elevated,126.21773179984504,1807.5,-0.3528322580032994,1.1432615338978651,9.878419452887544,381.133544921875,-0.6393570008052074,1.5779468479852023,3.86975851684872,103.7699966430664,-0.2019683661158344,0.8302231892539498,-6.916044565572443,Moderate
2022-12-15,58.0,64,233,319.0,207.8571428571429,1863.0,239.36666666666667,5697.0,2.94,235.94,81.20999908447266,-1.801690349156904,2.3173411920164524,2.3480658115220248,-15.547009160033532,-1.4899978637695312,302991,-0.5480754027873834,3.147142857142857,3.5883333333333334,-0.6592741173819704,60.33925383188055,5.67373245717671,60.88732923466793,302.5010616918446,0.0517262167076965,100,31.02,31.04285714285714,32.23266666666667,32.336333333333336,13.058631083538485,-1.09,-2.219999999999999,-1.189809523809526,36.896551724137936,-0.7433060506003333,1,Elevated,108.82295882980428,1777.199951171875,-1.6763512491355437,1.19938113441977,7.990520988127936,371.8103942871094,-2.446163755194175,1.5743125756973115,3.9373752446906,104.55999755859376,0.7612999335874227,0.8497913250391533,-6.097890443263376,Moderate
2022-12-16,18.0,44,155,337.0,204.0,1789.0,233.33333333333331,5651.0,2.93,157.93,79.04000091552734,-2.672082494038863,2.343194964060808,2.3587278082508822,-16.509979460995794,-2.1699981689453125,277049,-0.6531552888422042,3.141428571428572,3.557,-0.6585716346413033,60.102640998930745,6.666275404199251,60.75579628777295,225.35207169197216,-0.1050798860548207,-100,30.33,31.25142857142857,32.164,32.337111111111106,18.6253994302741,-0.6900000000000013,0.3999999999999986,-0.9125714285714324,25.42955326460481,-1.1339546766976984,1,Elevated,77.9896694192343,1790.0,0.720236843338018,1.1730349435958438,9.998153154916988,367.4207458496094,-1.1806147716543758,1.578417308451006,3.77886963358336,104.6999969482422,0.1338938340831319,0.7957264104313343,-7.287703298231907,Moderate
2022-12-17,2.0,58,182,139.0,201.7142857142857,1639.0,226.9333333333333,5453.0,2.5,184.5,79.04000091552734,-2.672082494038863,2.343194964060808,2.3587278082508822,-16.509979460995794,-2.1699981689453125,180592,-0.7860407027720396,3.011428571428572,3.502666666666667,-0.6638281895422685,59.06770146013366,6.666275404199251,59.8537421629057,251.02001756710496,-0.1328854139298354,-100,29.73,30.724285714285717,31.98333333333333,32.30444444444444,18.16442706964918,-0.5999999999999979,0.0900000000000034,-1.259047619047621,16.095890410958905,-1.4375906674213763,1,Elevated,88.43725859426084,1790.0,0.720236843338018,1.1730349435958438,9.998153154916988,367.4207458496094,-1.1806147716543758,1.578417308451006,3.77886963358336,104.6999969482422,0.1338938340831319,0.7957264104313343,-7.287703298231907,Moderate
2022-12-18,1.0,41,143,139.0,195.0,1620.0,227.3,5405.0,2.44,145.44,79.04000091552734,-2.672082494038863,2.343194964060808,2.3587278082508822,-16.509979460995794,-2.1699981689453125,156601,-0.6234260414044233,2.884285714285714,3.455,-0.6655888262219634,57.99369032445466,6.666275404199251,58.61711636585908,210.72339177005836,0.1626146613676163,-100,28.66,30.44,31.853666666666665,32.268,11.613073306838082,-1.0700000000000005,-0.4700000000000024,-1.4136666666666675,7.508532423208192,-1.970266548544307,1,Elevated,72.56593343485153,1790.0,0.720236843338018,1.1730349435958438,9.998153154916988,367.4207458496094,-1.1806147716543758,1.578417308451006,3.77886963358336,104.6999969482422,0.1338938340831319,0.7957264104313343,-7.287703298231907,Moderate
2022-12-19,6.0,48,161,132.0,190.57142857142856,1597.0,225.06666666666663,5396.0,2.37,163.37,79.80000305175781,0.96154115312157,2.191107175752779,2.347445104016652,-19.042301614262858,0.7600021362304688,259942,-0.606205343884909,2.762857142857143,3.4026666666666667,-0.6630815349946236,58.58388037220763,5.056878490300635,59.19008571609254,227.6169642063932,0.0172206975195142,100,28.03,30.12285714285714,31.74566666666667,32.230777777777774,11.78610348759757,-0.629999999999999,0.4400000000000013,-1.6228095238095293,3.91156462585034,-2.231136285294613,1,Elevated,79.20876853933876,1787.699951171875,-0.1284943479399447,1.07977812461695,6.88788945721226,364.3050842285156,-0.8479819542821954,1.5684823313276448,1.438814992166204,104.72000122070312,0.0191062779790085,0.7397130060418281,-5.555552115171936,Moderate
2022-12-20,2.0,59,205,132.0,193.57142857142856,1584.0,224.33333333333331,5281.0,2.4,207.4,79.98999786376953,0.2380887277516619,2.1974932266993843,2.3442025144515632,-18.31086666713415,0.1899948120117187,285469,-0.6860692542947163,2.648571428571429,3.352,-0.6602707653171276,59.521551745724885,4.266668621164461,60.2076210000196,271.87428962118406,-0.0798639104098073,100,27.93,29.687142857142856,31.638,32.161111111111104,11.499319552049034,-0.1000000000000014,0.5299999999999976,-1.9508571428571424,3.728813559322034,-2.1983802352256068,1,Elevated,96.70819164846972,1815.9000244140625,1.5774500202733632,1.1075482811565318,8.31494329937743,364.8035888671875,0.136837134658041,1.5594274834692363,0.6151861049702445,103.97000122070312,-0.7161955607881798,0.7404480344304881,-5.584817810104703,Moderate
2022-12-21,50.0,57,209,137.0,184.0,1538.0,221.1,5254.0,2.31,211.31,82.19999694824219,2.762844284902344,2.250279407474873,2.344057931663229,-13.800339322440005,2.209999084472656,286441,-0.5652972495005066,2.5557142857142856,3.2916666666666665,-0.6591105141422146,59.59903761640879,6.393157624621217,60.1643348659093,277.8674924905305,0.1207720047942096,100,30.77,29.49571428571428,31.578,32.14033333333334,21.10386002397105,2.84,2.9400000000000013,-2.0822857142857174,34.12162162162162,-0.7101978984289284,1,Elevated,99.11413002303036,1815.9000244140625,0.0,1.051616518242162,6.062732919121805,370.2583312988281,1.4952545967486408,1.5797819971001648,1.5716167330702024,104.16000366210938,0.1827473686404124,0.7417057948734173,-4.98084195189723,Moderate
2022-12-22,154.0,53,202,233.0,179.57142857142858,1681.0,221.16666666666663,5403.0,2.44,204.44,80.9800033569336,-1.4841771734818598,2.214282048193704,2.32996924554053,-12.59578842606458,-1.2199935913085938,281278,-0.5372338076202718,2.4842857142857144,3.247,-0.6553314386747267,59.5188989775809,4.958038064282022,60.05613278520118,269.4541708494832,0.0280634418802347,-100,32.33,29.68285714285714,31.613,32.11055555555556,32.24031720940118,1.5599999999999987,-1.2800000000000011,-1.930142857142858,61.44781144781145,0.1151786994782327,1,Elevated,95.77044178275304,1787.0,-1.5914986522117425,1.1003548457426036,4.496814543706074,364.9761962890625,-1.4266080093961575,1.5544378176481737,2.228714432163903,104.43000030517578,0.2592133578856792,0.7214019728939907,-5.5359589123817,Moderate
2022-12-23,2.0,39,145,217.0,178.14285714285714,1485.0,216.06666666666663,5401.0,2.39,147.39,83.91999816894531,3.6305194988115455,2.319993509201389,2.357866641795117,-10.408882449655522,2.9399948120117188,251067,-0.6837901047694975,2.407142857142857,3.1966666666666668,-0.6533739890060022,59.177255306788325,6.991401252978488,59.86104541155783,214.2424466645363,-0.1465562971492257,-100,31.04,29.784285714285712,31.457666666666668,32.087666666666664,41.63278148574612,-1.2899999999999991,-2.849999999999998,-1.6733809523809562,39.26174496644296,-0.5497814802547857,1,Elevated,73.72476958350296,1795.9000244140625,0.4980427763884965,1.0219237033380109,2.605266200870404,367.0755615234375,0.5752060697986616,1.177850882922748,-2.5391544297721502,104.30999755859376,-0.1149121384959706,0.6225812829954683,-3.604104573399381,Moderate
2022-12-24,4.0,68,228,219.0,184.7142857142857,1488.0,213.56666666666663,5404.0,2.46,230.46,83.91999816894531,3.6305194988115455,2.319993509201389,2.357866641795117,-10.408882449655522,2.9399948120117188,161978,-0.854983791207587,2.401428571428572,3.163333333333333,-0.6594657434998528,58.399626452684,6.991401252978488,59.25461024389159,296.7060114968701,-0.1711936864380895,-100,30.02,29.825714285714287,31.33933333333333,32.062,11.955968432190446,-1.0199999999999996,0.2699999999999996,-1.513619047619045,21.57190635451505,-1.0647492136179717,1,Elevated,106.83148254996972,1795.9000244140625,0.4980427763884965,1.0219237033380109,2.605266200870404,367.0755615234375,0.5752060697986616,1.177850882922748,-2.5391544297721502,104.30999755859376,-0.1149121384959706,0.6225812829954683,-3.604104573399381,Moderate
2022-12-25,1.0,43,151,219.0,185.8571428571429,1485.0,211.46666666666667,5308.0,2.47,153.47,83.91999816894531,3.6305194988115455,2.319993509201389,2.357866641795117,-10.408882449655522,2.9399948120117188,131521,-0.8797722324835838,2.4057142857142857,3.128333333333333,-0.6660592777872558,57.46673632204573,6.991401252978488,58.34650855452932,218.8079098075078,-0.0247884412759967,-100,29.19,29.90142857142857,31.306,32.00577777777778,10.823942206379986,-0.8299999999999983,0.1900000000000012,-1.4045714285714297,12.333333333333334,-1.461143715871921,1,Elevated,75.85386221209725,1795.9000244140625,0.4980427763884965,1.0219237033380109,2.605266200870404,367.0755615234375,0.5752060697986616,1.177850882922748,-2.5391544297721502,104.30999755859376,-0.1149121384959706,0.6225812829954683,-3.604104573399381,Moderate
2022-12-26,50.0,43,148,263.0,184.0,1520.0,211.4333333333333,5187.0,2.53,150.53,83.91999816894531,3.6305194988115455,2.319993509201389,2.357866641795117,-10.408882449655522,2.9399948120117188,187188,-0.9009152151392296,2.4285714285714284,3.101,-0.6715110291391737,57.573653051105936,6.991401252978488,58.47456826624517,215.99596951922365,-0.0211429826556457,100,30.72,30.285714285714285,31.33533333333333,31.960222222222225,20.505714913278226,1.5299999999999976,2.359999999999996,-1.0496190476190463,33.72093023255814,-0.6499437480573561,1,Elevated,74.70347415444043,1795.9000244140625,0.4980427763884965,1.0219237033380109,2.605266200870404,367.0755615234375,0.5752060697986616,1.177850882922748,-2.5391544297721502,104.30999755859376,-0.1149121384959706,0.6225812829954683,-3.604104573399381,Moderate
2022-12-27,0.0,48,185,261.0,181.14285714285717,1048.0,212.1,5131.0,2.48,187.48,84.33000183105469,0.4885649083117949,2.264497670633313,2.3334503332820824,-12.147094793420964,0.410003662109375,231407,-0.8836653464815565,2.44,3.045666666666667,-0.675222048979473,58.12595311846589,3.967772058287205,59.00961846494744,250.45739052323464,0.017249868657673,100,27.88,30.27857142857143,31.007,31.88533333333333,20.586249343288365,-2.84,-4.369999999999997,-0.728428571428573,3.47682119205298,-2.0702440976810084,1,Elevated,88.38103251630437,1814.800048828125,1.0523984719154278,1.0265349758937643,2.7633096731667584,365.6281127929688,-0.394319012810751,1.1622561723938456,-3.854000692552173,104.18000030517578,-0.1246258809899258,0.5386587134583726,-1.9851355651304023,Moderate
2022-12-28,231.0,49,198,442.0,179.57142857142858,1209.0,209.7333333333333,5217.0,2.81,200.81,83.26000213623047,-1.2688244653045744,2.21895589731417,2.3363922992579007,-10.60768447301067,-1.0699996948242188,246058,-0.8181826598133013,2.511428571428571,3.0046666666666666,-0.6778525238920586,57.932277568129976,4.548548809919812,58.75046022794328,264.1090090378631,0.0654826866682551,100,32.02,30.45714285714286,30.963,31.86088888888889,59.82741343334128,4.140000000000004,6.980000000000004,-0.5058571428571419,59.24092409240925,0.0829257255276741,1,Elevated,93.8935115695566,1807.9000244140625,-0.3802085204107186,1.0280963432037715,1.9339224909942443,361.0841064453125,-1.2427945742315538,1.1728618322303388,-4.234242058231419,104.45999908447266,0.2687644254911303,0.5367497891483167,-2.0626331352904925,Moderate
2022-12-29,316.0,75,277,604.0,190.28571428571428,1523.0,211.0,5424.0,3.25,280.25,82.26000213623047,-1.20105689928256,2.2137912087683187,2.339048823390401,-12.35883059736712,-1.0,241535,-0.8275754524921588,2.627142857142857,2.9773333333333336,-0.6830401829857259,57.51996384097038,4.65073116778759,58.34753929346253,343.2482704612501,-0.0093927926788575,-100,34.24,30.73,31.05,31.87966666666666,31.446963963394285,2.219999999999999,-1.9200000000000053,-0.3200000000000003,82.56578947368422,1.220599626023641,1,Elevated,125.62980032580757,1819.5,0.6416270495763099,1.0333052083143794,2.576386848228296,367.5836486816406,1.80000784313461,1.2125158613532043,-3.33490683540858,103.83999633789062,-0.5935312579130492,0.5444416048405999,-2.406019879018173,Moderate
2022-12-30,3.0,46,166,605.0,193.28571428571428,1419.0,208.2333333333333,5415.0,3.29,169.29,85.91000366210938,4.437152238136521,2.379779319163582,2.350611537275369,-7.484381760242453,3.650001525878906,233418,-0.7929922007495788,2.755714285714286,2.9596666666666662,-0.6897215574178126,56.96398589447272,7.565369733324348,57.7569780952223,234.61234782854663,0.03458325174258,-100,31.74,30.83,30.947333333333336,31.866,73.1729162587129,-2.500000000000004,-4.720000000000002,-0.1173333333333346,55.08196721311476,-0.0652748287321507,1,Elevated,82.29354351237419,1819.699951171875,0.0109893471764266,1.033103111383985,2.633950996721657,366.6154479980469,-0.2633960153195724,1.2065986800491872,-2.848375354919785,103.5199966430664,-0.3081661268389823,0.5460171751818046,-2.596915852400361,Moderate
2022-12-31,253.0,58,213,854.0,191.14285714285717,1592.0,205.2333333333333,5664.0,3.75,216.75,85.91000366210938,4.437152238136521,2.379779319163582,2.350611537275369,-7.484381760242453,3.650001525878906,168452,-0.5700743990101632,2.94,2.9526666666666666,-0.6931603261544498,55.91341145670307,7.565369733324348,56.483485855713226,280.7988555890376,0.2229178017394155,-100,35.23,31.57428571428571,31.024666666666665,31.914222222222225,65.71458900869709,3.4899999999999984,5.990000000000002,0.5496190476190463,90.0326797385621,1.69204161136185,1,Elevated,101.0228450644724,1819.699951171875,0.0109893471764266,1.033103111383985,2.633950996721657,366.6154479980469,-0.2633960153195724,1.2065986800491872,-2.848375354919785,103.5199966430664,-0.3081661268389823,0.5460171751818046,-2.596915852400361,Moderate
2023-01-01,170.0,61,236,1023.0,203.28571428571428,1743.0,205.33333333333331,5834.0,4.2,240.2,85.91000366210938,4.437152238136521,2.379779319163582,2.350611537275369,-7.484381760242453,3.650001525878906,137900,-0.5432563141746367,3.1871428571428573,2.958666666666667,-0.6911590618524636,54.767540822893366,7.565369733324348,55.310797137068,303.07616687039234,0.0268180848355265,-100,34.59,32.34571428571429,31.096,31.95244444444445,31.234090424177637,-0.6399999999999935,-4.129999999999992,1.2497142857142869,85.01628664495115,1.3334323038801843,1,Elevated,110.16830732074334,1819.699951171875,0.0109893471764266,1.033103111383985,2.633950996721657,366.6154479980469,-0.2633960153195724,1.2065986800491872,-2.848375354919785,103.5199966430664,-0.3081661268389823,0.5460171751818046,-2.596915852400361,Moderate
2023-01-02,2.0,60,227,975.0,214.57142857142856,1741.0,206.6,5836.0,4.21,231.21,85.91000366210938,4.437152238136521,2.379779319163582,2.350611537275369,-7.484381760242453,3.650001525878906,188826,-0.9990742043232304,3.427142857142857,2.964,-0.7017496015843795,54.85904958594906,7.565369733324348,55.85812379027229,294.63349352359666,-0.4558178901485937,100,33.23,32.70428571428572,31.187,31.97133333333333,45.97908945074297,-1.3600000000000063,-0.7200000000000131,1.517285714285716,72.72727272727273,0.6350316952475519,1,Elevated,106.6817726513842,1819.699951171875,0.0109893471764266,1.033103111383985,2.633950996721657,366.6154479980469,-0.2633960153195724,1.2065986800491872,-2.848375354919785,103.5199966430664,-0.3081661268389823,0.5460171751818046,-2.596915852400361,Moderate
2023-01-03,46.0,43,171,1021.0,212.57142857142856,1771.0,204.9,5763.0,4.28,175.28,82.0999984741211,-4.434879554857574,2.437807863934004,2.3903885075012377,-8.55424416306272,-3.810005187988281,253305,-0.8336065340140337,3.684285714285714,2.999666666666667,-0.7048076879632379,55.62513615978085,7.728111835097851,56.45874269379488,239.46685452889272,0.1654676703091967,100,32.22,33.324285714285715,31.242666666666665,31.952888888888893,20.32733835154599,-1.009999999999998,0.3500000000000085,2.08161904761905,60.517799352750814,0.1354663504364011,1,Elevated,84.49499327279813,1839.699951171875,1.0990822957993809,1.038094425926735,4.480912094264244,365.0720520019531,-0.4209849869997728,1.2074932733307948,-2.960438552964706,104.5199966430664,0.9659969401351276,0.5729256989581824,-2.0339354660073306,Moderate
2023-01-04,18.0,63,248,808.0,219.7142857142857,1782.0,204.2333333333333,5737.0,3.93,251.93,77.83999633789062,-5.188796851894306,2.5712250196738244,2.4415262081327054,-11.16184216174647,-4.260002136230469,274430,-0.808802722075708,3.8442857142857134,3.027,-0.7113986736781469,55.657125883004,8.876206087742778,56.46592860507971,317.27213469282253,0.0248038119383257,100,32.2,33.35,31.24833333333333,31.955777777777776,19.224019059691628,-0.019999999999996,0.990000000000002,2.10166666666667,60.322580645161295,0.1238474058637047,1,Elevated,115.61566815611306,1852.800048828125,0.712077947705847,1.035325090480245,5.759462469772458,367.8905029296875,0.7720259363264814,1.2138407120122643,-2.653258077918341,104.25,-0.258320562321146,0.5712287929413703,-2.506312819159373,Moderate
2023-01-05,15.0,54,203,507.0,209.14285714285717,1795.0,204.5,5735.0,3.21,206.21,78.69000244140625,1.091991448491192,2.5848009734490005,2.4372789321722257,-10.01714672674099,0.850006103515625,282047,-0.7838202777052027,3.838571428571429,3.032,-0.7155428003821968,55.5577448935387,4.678507094614291,56.3415651712439,267.2300722658582,0.0249824443705053,100,29.12,32.61857142857143,31.18,31.934222222222225,17.92491222185253,-3.080000000000002,-3.060000000000006,1.4385714285714286,11.57556270096463,-1.4125068061352732,1,Elevated,95.62371587209452,1834.800048828125,-0.971502565070892,1.0405296359613507,5.606079374087192,363.6916198730469,-1.1413404323305176,1.2282711504943171,-3.413139923718933,105.04000091552734,0.7577946431917004,0.566203960265021,-2.596435012469933,Moderate
2023-01-06,3.0,49,188,507.0,212.28571428571428,1684.0,199.63333333333333,5640.0,3.24,191.24,78.56999969482422,-0.1525006263297434,2.5723119969017247,2.3936937898609862,-11.079675020260726,-0.1200027465820312,259117,-0.7517139190100302,3.8314285714285714,3.033333333333333,-0.7169777693460231,55.191044692961256,3.832780125257541,55.942758611971286,251.01553873722884,0.0321063586951725,-100,28.17,32.10857142857143,30.970666666666663,31.86433333333333,12.860531793475865,-0.9499999999999992,2.1300000000000026,1.137904761904764,5.128205128205128,-1.8352565298238015,1,Elevated,89.21766377249727,1864.199951171875,1.6023491149636415,1.071617385459669,7.242702571896342,372.0318603515625,2.293217666501901,1.2781229280334343,-2.510104466197649,103.87999725341795,-1.1043446801207168,0.589726775826364,-3.1150941328661697,Moderate
2023-01-07,3.0,58,222,257.0,213.57142857142856,1669.0,197.26666666666668,5611.0,2.75,224.75,78.56999969482422,-0.1525006263297434,2.5723119969017247,2.3936937898609862,-11.079675020260726,-0.1200027465820312,174769,-0.8980628099932662,3.6885714285714286,3.022333333333333,-0.7239837549692223,54.29018341191996,3.832780125257541,55.18824622191322,283.77102634717073,-0.146348890983236,-100,28.09,31.08857142857143,30.826,31.81344444444445,15.631744454916182,-0.0800000000000018,0.8699999999999974,0.2625714285714302,5.111821086261981,-1.816371347506612,1,Elevated,102.47076129448568,1864.199951171875,1.6023491149636415,1.071617385459669,7.242702571896342,372.0318603515625,2.293217666501901,1.2781229280334343,-2.510104466197649,103.87999725341795,-1.1043446801207168,0.589726775826364,-3.1150941328661697,Moderate
2023-01-08,3.0,74,247,90.0,215.14285714285717,1672.0,199.4333333333333,5595.0,2.46,249.46,78.56999969482422,-0.1525006263297434,2.5723119969017247,2.3936937898609862,-11.079675020260726,-0.1200027465820312,161438,-1.100299668399819,3.44,3.005333333333333,-0.7421895171099064,53.34798120431604,3.832780125257541,54.44828087271586,307.7410609979734,-0.2022368584065528,-100,28.41,30.205714285714286,30.81066666666667,31.78333333333333,13.911184292032765,0.3200000000000003,0.4000000000000021,-0.6049523809523834,7.32484076433121,-1.6218572116805838,1,Elevated,112.2067682246462,1864.199951171875,1.6023491149636415,1.071617385459669,7.242702571896342,372.0318603515625,2.293217666501901,1.2781229280334343,-2.510104466197649,103.87999725341795,-1.1043446801207168,0.589726775826364,-3.1150941328661697,Moderate
2023-01-09,2.0,62,215,90.0,213.42857142857144,1474.0,200.0,5593.0,2.46,217.46,79.6500015258789,1.374572782550021,2.5275702432440665,2.3346623101048727,-6.743943202505431,1.0800018310546875,274055,-0.8805816675865744,3.1900000000000004,2.973666666666667,-0.7492507731010952,54.08083383623765,4.57653734604463,54.96141550382423,276.99795284986885,0.2197180008132445,100,27.9,29.444285714285712,30.62666666666667,31.746111111111112,11.298590004066222,-0.5100000000000016,-0.8300000000000018,-1.1823809523809563,3.8095238095238098,-1.8149078110674075,1,Elevated,99.80689803918273,1872.699951171875,0.4559596729233117,1.0720533966976802,7.324197660019394,371.8208923339844,-0.0567069759505933,1.2711544657394165,-3.175543943978976,103.0,-0.8471286837553493,0.5788215645871349,-2.9034707559300044,Moderate
2023-01-10,0.0,57,186,44.0,215.57142857142856,1473.0,199.86666666666667,5375.0,2.42,188.42,80.0999984741211,0.564967909129277,2.5057115322647325,2.3192346183017314,-4.220972013905699,0.4499969482421875,297994,-0.7968809008760943,2.924285714285714,2.943333333333334,-0.7517346388902965,55.176700964324255,3.4927766427845794,55.97358186520035,247.8863585079849,0.0837007667104801,100,27.78,28.81,30.531,31.656,11.2185038335524,-0.1199999999999974,0.3900000000000041,-1.721,3.1645569620253164,-1.8340031043157352,1,Elevated,87.95982703015389,1871.5999755859373,-0.0587374173449006,1.072419663108802,6.747272198896148,374.428466796875,0.7012985328829657,1.2795120753174996,-2.474682849040133,103.23999786376952,0.233007634727711,0.5819211443143995,-2.567007591737247,Moderate
2023-01-11,4.0,69,245,30.0,215.14285714285717,1464.0,201.63333333333333,5370.0,2.4,247.4,82.66999816894531,3.208489068391862,2.5762655740866296,2.3047665543353686,-0.6250802466644889,2.5699996948242188,309261,-0.6417977965130643,2.705714285714286,2.916,-0.7500051988927527,55.52043398347802,5.84726266714494,56.16223177999109,309.409494447136,0.1550831043630299,100,29.38,28.407142857142865,30.502,31.616,11.77541552181515,1.599999999999998,1.7199999999999953,-2.094857142857137,16.40378548895899,-1.0536636374892123,1,Elevated,112.5313514228562,1874.5999755859373,0.1602906624884381,1.0565964909483485,7.729440945179622,379.16412353515625,1.264769417451994,1.2688653193109904,0.3602385262571284,103.19000244140624,-0.0484264077855289,0.5638394776832367,-3.271464054917339,Moderate
2023-01-12,101.0,68,250,116.0,221.8571428571429,1563.0,203.83333333333331,5315.0,2.65,252.65,84.02999877929688,1.645095730584445,2.5930440626508964,2.310526817539269,1.204383975312484,1.3600006103515625,298917,-0.6389172409387505,2.625714285714285,2.897666666666667,-0.7498023389452867,55.53622538794581,4.35857819076659,56.175142628884565,313.1837208196511,0.0028805555743138,-100,31.81,28.79142857142857,30.529666666666667,31.582777777777785,31.91440277787157,2.43,0.8300000000000018,-1.7382380952380956,55.66037735849056,0.1084622128331129,1,Elevated,114.03845980208357,1895.5,1.1149058298440373,1.0676035715865044,8.413405029277254,380.5445556640625,0.3640724539114348,1.2698476944967343,0.8989131528019723,102.25,-0.9109433270340416,0.5803733649104229,-4.278224778019402,Moderate
2023-01-13,0.0,56,199,113.0,223.42857142857144,1518.0,201.26666666666668,5224.0,2.68,201.68,85.27999877929688,1.4875639868603407,2.552808712369894,2.316431721427,-0.1755841336100516,1.25,295845,-0.7963935228448269,2.545714285714286,2.888333333333333,-0.7563554023902783,55.48817037563823,4.057931112591239,56.28456389848305,262.0224950110743,-0.1574762819060764,-100,30.23,29.085714285714285,30.467,31.536222222222225,31.28738140953039,-1.5799999999999983,-4.009999999999998,-1.3812857142857131,25.07836990595611,-0.6286958018011858,1,Elevated,93.55208522473312,1918.4000244140625,1.2081257934087208,1.0778913829460215,9.87399910733462,382.02093505859375,0.3879649235698279,1.128683863620456,-1.8029094215162635,102.1999969482422,-0.0489027401054387,0.5665435520455165,-3.5394054818443488,Moderate
2023-01-14,168.0,58,217,278.0,222.7142857142857,1628.0,200.7333333333333,5391.0,3.0,220.0,85.27999877929688,1.4875639868603407,2.552808712369894,2.316431721427,-0.1755841336100516,1.25,184869,-0.948489470811116,2.5814285714285714,2.890333333333333,-0.7697025379910694,54.563833270313786,4.057931112591239,55.512322741124905,279.57025385371617,-0.1520959479662891,-100,32.42,29.70428571428571,30.513666666666666,31.528888888888886,47.56047973983144,2.1900000000000013,3.77,-0.8093809523809554,63.90625,0.4297991643691787,1,Elevated,100.72563699326147,1918.4000244140625,1.2081257934087208,1.0778913829460215,9.87399910733462,382.02093505859375,0.3879649235698279,1.128683863620456,-1.8029094215162635,102.1999969482422,-0.0489027401054387,0.5665435520455165,-3.5394054818443488,Moderate
2023-01-15,2.0,51,198,277.0,215.7142857142857,1612.0,202.16666666666663,5374.0,2.9,200.9,85.27999877929688,1.4875639868603407,2.552808712369894,2.316431721427,-0.1755841336100516,1.25,160421,-0.9327036073810036,2.6442857142857146,2.889333333333333,-0.7790208152756961,53.651187125482345,4.057931112591239,54.58389073286335,259.5418218454546,0.0157858634301124,-100,30.37,29.98428571428571,30.515,31.522333333333336,44.27892931715056,-2.0500000000000007,-4.240000000000002,-0.5307142857142892,28.34890965732087,-0.5550552320837374,1,Elevated,92.89995059160918,1918.4000244140625,1.2081257934087208,1.0778913829460215,9.87399910733462,382.02093505859375,0.3879649235698279,1.128683863620456,-1.8029094215162635,102.1999969482422,-0.0489027401054387,0.5665435520455165,-3.5394054818443488,Moderate
2023-01-16,1.0,74,237,276.0,218.8571428571429,1611.0,204.0,5374.0,2.95,239.95,85.27999877929688,1.4875639868603407,2.552808712369894,2.316431721427,-0.1755841336100516,1.25,258471,-0.8255119647535832,2.7142857142857144,2.9043333333333337,-0.7803365240084141,54.26061169859796,4.057931112591239,55.08612366335154,299.0940547759428,0.1071916426274203,100,29.08,30.152857142857147,30.49333333333333,31.50355555555556,11.235958213137105,-1.2900000000000027,0.759999999999998,-0.3404761904761848,12.111801242236025,-1.1592945724112198,1,Elevated,108.62039717770682,1918.4000244140625,1.2081257934087208,1.0778913829460215,9.87399910733462,382.02093505859375,0.3879649235698279,1.128683863620456,-1.8029094215162635,102.1999969482422,-0.0489027401054387,0.5665435520455165,-3.5394054818443488,Moderate
2023-01-17,25.0,56,185,301.0,218.7142857142857,1635.0,205.4,5304.0,2.99,187.99,85.91999816894531,0.7504683381911681,2.537236406439733,2.252248618671475,-1.1049713568388575,0.6399993896484375,298779,-0.772870862974627,2.795714285714286,2.9226666666666667,-0.7853180180607543,55.37319361357416,3.3982018803147875,56.14606447654879,247.5342663568636,0.0526411017789562,100,28.99,30.325714285714287,30.50433333333333,31.44688888888889,15.46320550889478,-0.0899999999999998,1.2000000000000028,-0.1786190476190441,12.074303405572756,-1.1762388562732775,1,Elevated,87.78449364743568,1907.199951171875,-0.5838236603238345,0.9469089869200362,5.890843208268937,381.3211059570313,-0.1831912959050718,1.128925248214904,-1.9106076195863688,102.38999938964844,0.1859123748335189,0.5341494618284088,-2.234320531156786,Moderate
2023-01-18,6.0,70,270,303.0,222.28571428571428,1635.0,209.03333333333333,5116.0,3.02,273.02,84.9800033569336,-1.0940349534963922,2.529903487320824,2.2507968381440278,-0.6894897043295267,-0.9399948120117188,308559,-0.8023006363269054,2.884285714285714,2.944333333333333,-0.7918545278088208,55.753634996632,3.692887411250169,56.5559356329589,333.26882304420906,-0.0294297733522783,100,29.29,30.312857142857144,30.546333333333333,31.39844444444444,14.247148866761387,0.3000000000000007,0.3900000000000005,-0.233476190476189,15.432098765432098,-1.009957521183793,1,Elevated,121.99634209109183,1904.4000244140625,-0.1468082439962326,0.9447597813107328,6.041538979064254,375.3008117675781,-1.5787991001294133,1.1625995462923917,-3.3477451500799504,102.36000061035156,-0.0292985442676974,0.5338820375361937,-2.094693809164294,Moderate
2023-01-19,56.0,80,304,258.0,230.0,1689.0,212.33333333333331,5170.0,3.0,307.0,86.16000366210938,1.3885623188546248,2.4586228718523606,2.2119162261502265,4.209002593237465,1.1800003051757812,307528,-0.7297179678354137,2.934285714285714,2.9643333333333333,-0.793309484926844,55.92625273258594,4.268085450030732,56.65597070042136,367.9240561504521,0.0725826684914917,-100,31.06,30.205714285714286,30.650666666666663,31.412888888888894,20.562913342457456,1.7699999999999996,1.4699999999999989,-0.4449523809523796,41.692307692307686,-0.169602794883397,1,Elevated,135.83842832009657,1922.0999755859373,0.92942401517353,0.8907988327859624,8.752967581471083,372.5687255859375,-0.7279723613634492,1.1246769095481552,-2.293683051824391,102.05999755859376,-0.2930862152881519,0.5145793310492636,-3.067720893577519,Moderate
2023-01-20,5.0,57,215,263.0,232.28571428571428,1644.0,212.53333333333333,5116.0,3.03,218.03,87.62999725341797,1.7061206230601034,2.341380820829798,2.215471619972529,10.434781270975437,1.4699935913085938,291026,-0.766823849332061,2.9842857142857144,2.988333333333333,-0.8000270382545625,55.96213161736535,5.090979570987445,56.72895546669741,279.8499350376849,-0.0371058814966474,-100,30.17,30.197142857142858,30.630666666666663,31.394,20.68552940748324,-0.889999999999997,-2.6599999999999966,-0.433523809523809,25.153374233128837,-0.5872769221998116,1,Elevated,100.59418292173449,1926.4000244140625,0.2237161897270301,0.8902577252529107,8.879216144824653,379.50927734375,1.8628916710325292,1.1474280856943126,0.9821179597190756,102.01000213623048,-0.0489863056625905,0.509748882053548,-3.381321872428833,Moderate
2023-01-21,1.0,63,231,96.0,234.28571428571428,1491.0,213.5,5113.0,2.72,233.72,87.62999725341797,1.7061206230601034,2.341380820829798,2.215471619972529,10.434781270975437,1.4699935913085938,187286,-0.8849504328131832,2.9442857142857144,2.9976666666666665,-0.8116175924276595,55.226618392024974,5.090979570987445,56.11156882483816,294.92254839582563,-0.1181265834811221,-100,29.02,29.711428571428574,30.520333333333333,31.38,14.490632917405604,-1.150000000000002,-0.2600000000000051,-0.8089047619047598,12.232415902140673,-1.1259749674880717,1,Elevated,106.74670559336262,1926.4000244140625,0.2237161897270301,0.8902577252529107,8.879216144824653,379.50927734375,1.8628916710325292,1.1474280856943126,0.9821179597190756,102.01000213623048,-0.0489863056625905,0.509748882053548,-3.381321872428833,Moderate
2023-01-22,0.0,43,145,94.0,226.7142857142857,1489.0,213.5,5047.0,2.65,147.65,87.62999725341797,1.7061206230601034,2.341380820829798,2.215471619972529,10.434781270975437,1.4699935913085938,169379,-0.7821459432510046,2.9085714285714284,3.006333333333333,-0.8148961203770431,54.58738734734454,5.090979570987445,55.36953329059554,208.110512861583,0.1028044895621785,-100,28.2,29.40142857142857,30.425666666666665,31.348333333333333,11.414022447810895,-0.8200000000000003,0.3300000000000018,-1.0242380952380934,6.859756097560976,-1.4834071361418626,1,Elevated,72.17029848651408,1926.4000244140625,0.2237161897270301,0.8902577252529107,8.879216144824653,379.50927734375,1.8628916710325292,1.1474280856943126,0.9821179597190756,102.01000213623048,-0.0489863056625905,0.509748882053548,-3.381321872428833,Moderate
2023-01-23,0.0,84,257,93.0,229.57142857142856,1485.0,214.46666666666667,5000.0,2.69,259.69,88.19000244140625,0.6390564938268728,2.266955468766232,2.2148786095649995,14.280166559464291,0.5600051879882812,263598,-0.855376533172714,2.8714285714285714,3.014,-0.8149092117758807,55.38259176856217,4.334028618539534,56.23796830173489,320.26199692027444,-0.0732305899217093,100,29.04,29.395714285714284,30.393000000000004,31.335,10.766152949608546,0.8399999999999999,1.66,-0.99728571428572,12.76595744680851,-1.0758740055738425,1,Elevated,116.8572051077628,1927.0999755859373,0.0363346741592662,0.8833226931381727,7.930550298848371,384.0628356933594,1.1998542911731969,1.1659329978934163,2.367904834476775,102.13999938964844,0.1274357912907087,0.5073823123355508,-2.8163645361055867,Moderate
2023-01-24,2.0,73,249,70.0,238.7142857142857,1486.0,217.7333333333333,4890.0,2.74,251.74,86.12999725341797,-2.335871562490266,2.301900109495075,2.225233034385574,13.105706536522456,-2.060005187988281,292404,-0.8269043409088814,2.835714285714286,3.023,-0.8131469487233907,56.64154544794376,5.9483423256375865,57.468449788852645,315.15679211449026,0.0284721922638325,100,29.65,29.49,30.40833333333333,31.290111111111116,11.042360961319163,0.6099999999999994,-0.2300000000000004,-0.918333333333333,18.484848484848484,-0.7716247557838289,1,Elevated,114.56902688802558,1933.9000244140625,0.3528643513192708,0.8833542947492289,8.117631643421186,383.6506652832031,-0.1073184832924956,1.158844525008761,1.4632000266017189,101.91999816894533,-0.215391836712131,0.5062257789302848,-2.720242975506193,Moderate
2023-01-25,10.0,64,244,74.0,235.0,1446.0,220.9333333333333,4802.0,2.72,246.72,86.12000274658203,-0.0116039790487021,2.3015141008077653,2.1956870875945453,13.16689155502202,-0.0099945068359375,294798,-0.7810599971630445,2.7928571428571423,3.0293333333333337,-0.8091517747908512,57.48362326498008,3.629807235358669,58.26468326214312,308.6144904975018,0.0458443437458369,100,28.34,29.354285714285712,30.329,31.259444444444444,12.029221718729184,-1.3099999999999987,-1.9199999999999984,-0.9747142857142848,7.854984894259818,-1.359086189150596,1,Elevated,111.79285954657207,1941.199951171875,0.3774717754618351,0.882257324406318,7.958399284183648,383.7944030761719,0.0374658005252381,1.1489335104888845,2.2651463503170044,101.63999938964844,-0.2747240819537144,0.5067031853727146,-3.0245188844443383,Moderate
2023-01-26,603.0,74,274,621.0,230.7142857142857,2049.0,223.9,5399.0,3.77,277.77,87.47000122070312,1.5675782989622356,2.279422761967621,2.201314093279249,12.155409176306131,1.3499984741210938,293728,-0.8692624206841947,2.902857142857143,3.0723333333333334,-0.8086716772642724,57.97130221336331,5.0625419785604695,58.8405646340475,341.673106612608,-0.0882024235211501,-100,39.15,30.51,30.704666666666665,31.349666666666664,100.0,10.81,12.119999999999996,-0.1946666666666665,99.69879518072288,3.3866372326979843,1,Elevated,124.9011297182337,1929.0999755859373,-0.6233245358693185,0.8673151685653724,8.345968861889208,388.012451171875,1.099038459627022,1.136576832981946,1.9196929004388965,101.83999633789062,0.1967699227107155,0.5040820102140297,-3.129459717949701,Moderate
2023-01-27,1.0,69,234,617.0,233.42857142857144,1819.0,225.1,5395.0,3.81,237.81,86.66000366210938,-0.92602897826648,2.2172772266774663,2.201932096481969,7.412002149620678,-0.80999755859375,278231,-0.9220329152760718,3.0142857142857147,3.1056666666666666,-0.8121333524463648,58.22306477825049,3.884506419906014,59.14509769352656,300.8396041134326,-0.0527704945918771,-100,31.63,30.71857142857143,30.691666666666663,31.36411111111111,100.0,-7.52,-18.33,0.0269047619047633,54.80480480480481,0.1155598176341404,1,Elevated,108.50682210666773,1928.5999755859373,-0.0259188225767426,0.8138353495411363,6.323388810192343,388.9039916992188,0.2297711129246371,1.1296370939591542,1.386380692648559,101.93000030517578,0.0883778186583361,0.4690808217418961,-1.9715358584099447,Moderate
2023-01-28,15.0,95,299,631.0,243.14285714285717,1518.0,225.83333333333331,5409.0,3.98,302.98,86.66000366210938,-0.92602897826648,2.2172772266774663,2.201932096481969,7.412002149620678,-0.80999755859375,184904,-0.9760367020393484,3.194285714285715,3.13,-0.8170820607646044,57.779911643257606,3.884506419906014,58.75594834529696,365.620454765203,-0.0540037867632765,-100,30.35,30.908571428571427,30.562,31.369444444444444,14.770018933816385,-1.2799999999999976,6.240000000000002,0.3465714285714298,29.94011976047904,-0.4436362002954901,1,Elevated,134.4969922370218,1928.5999755859373,-0.0259188225767426,0.8138353495411363,6.323388810192343,388.9039916992188,0.2297711129246371,1.1296370939591542,1.386380692648559,101.93000030517578,0.0883778186583361,0.4690808217418961,-1.9715358584099447,Moderate
2023-01-29,7.0,55,194,638.0,250.14285714285717,1522.0,226.76666666666668,5409.0,4.07,198.07,86.66000366210938,-0.92602897826648,2.2172772266774663,2.201932096481969,7.412002149620678,-0.80999755859375,169735,-0.9152195733881892,3.397142857142857,3.156,-0.8211563065192247,57.28157467064983,3.884506419906014,58.19679424403802,260.151300663944,0.0608171286511591,-100,28.95,31.015714285714285,30.469,31.369444444444444,12.8040856432558,-1.400000000000002,-0.1200000000000045,0.5467142857142875,11.791044776119405,-1.0528804644615062,1,Elevated,92.42116141677002,1928.5999755859373,-0.0259188225767426,0.8138353495411363,6.323388810192343,388.9039916992188,0.2297711129246371,1.1296370939591542,1.386380692648559,101.93000030517578,0.0883778186583361,0.4690808217418961,-1.9715358584099447,Moderate
2023-01-30,3.0,83,259,641.0,250.42857142857144,1272.0,228.3,5406.0,4.07,263.07,84.9000015258789,-2.030927835051544,2.213786521779657,2.206587364552574,2.660223287569874,-1.7600021362304688,278046,-0.8265379012664876,3.5942857142857148,3.1666666666666665,-0.8297050899277689,58.13917783281206,4.5107366855881885,58.96571573407855,326.5464524196668,0.0886816721217015,100,29.47,31.077142857142857,30.277,31.37311111111111,11.243408360608507,0.5199999999999996,1.9200000000000017,0.8001428571428555,18.303571428571427,-0.8293896186625207,1,Elevated,118.825437821051,1922.9000244140625,-0.2955486489697456,0.812540796811475,6.384510341026961,384.0245056152344,-1.254676266670518,1.1480600426912964,0.758516465390624,102.27999877929688,0.3433714049575265,0.474140792071325,-1.4358657723528845,Moderate
2023-01-31,3.0,57,195,642.0,242.7142857142857,1105.0,226.9333333333333,5295.0,3.99,198.99,84.48999786376953,-0.4829253883869455,2.187425844116032,2.205337183866789,4.038910006494523,-0.410003662109375,311029,-0.7436321439188246,3.772857142857143,3.159666666666667,-0.8363842842525752,59.49395982691744,3.0742422331524297,60.23759197083626,262.30183420398873,0.082905757347663,100,27.56,30.77857142857143,30.042666666666666,31.31,11.214528786738317,-1.91,-2.43,0.735904761904763,2.0771513353115725,-1.615938813376567,1,Elevated,92.87321528742824,1929.5,0.3432303032992356,0.7304018818591564,8.56966312246965,389.67095947265625,1.470336859981325,1.0770790085755677,4.803675599169788,102.0999984741211,-0.1759877858076519,0.4492628040311322,-2.352715323175203,Moderate
2023-02-01,140.0,77,292,772.0,249.57142857142856,1243.0,229.1,5192.0,4.32,296.32,82.83999633789062,-1.952895688954026,2.159128630077189,2.212992397387897,4.807686460460015,-1.6500015258789062,320539,-0.6168371262450569,4.001428571428572,3.163333333333333,-0.823643048316636,60.52465024151928,4.5927929650772175,61.141487367764334,362.05428033284153,0.1267950176737676,100,32.78,31.412857142857145,30.027666666666665,31.28277777777778,41.333975088368845,5.220000000000002,7.130000000000003,1.385190476190477,71.00591715976331,0.6543012890173349,1,Elevated,132.59341465958374,1927.800048828125,-0.0881031962619904,0.7283950166100926,7.698326750174589,393.8123168945313,1.062783181861815,1.0583561827462629,7.182928929038845,101.22000122070312,-0.8618974207340591,0.4693765265500895,-3.323778251167841,Moderate
2023-02-02,4.0,61,253,173.0,246.57142857142856,1201.0,231.83333333333331,5166.0,3.07,256.07,82.16999816894531,-0.8087858505117507,2.1612030476248183,2.1573587293054364,2.969918579640063,-0.6699981689453125,312203,-0.67603197415982,3.901428571428572,3.123,-0.8183905629881622,60.98554327439545,3.2669807561005757,61.66157524855527,320.9985560046558,-0.059194847914763,-100,29.92,30.09428571428572,29.951,31.24244444444444,49.99597423957382,-2.8599999999999994,-8.080000000000002,0.1432857142857173,24.48377581120944,-0.5800599519160706,1,Elevated,116.06710735215128,1916.300048828125,-0.5965348951511129,0.7416745964010909,7.193606375160999,399.5450134277344,1.455692543699283,1.0604984312587238,9.67319170794607,101.75,0.5236107220955688,0.4830572533366621,-2.836135586404054,Moderate
2023-02-03,3.0,47,168,175.0,237.14285714285717,1186.0,229.16666666666663,5164.0,2.96,170.96,79.94000244140625,-2.7138807073526894,2.2220002065307,2.161161881743774,-0.0625020923846308,-2.2299957275390625,295041,-0.7129343476886421,3.78,3.0906666666666665,-0.8151949505085934,61.1468300124954,4.942131123121852,61.859764360184045,237.7618954833059,-0.036902373528822,-100,27.36,29.48428571428571,29.78966666666667,31.188222222222223,11.484511867644107,-2.5600000000000023,0.2999999999999971,-0.3053809523809576,1.7647058823529411,-1.6546388072070035,1,Elevated,82.73280532128555,1862.9000244140625,-2.786621252069488,0.8835856025981396,2.588248216757716,395.2982177734375,-1.0629079356699322,1.089618575703369,8.359191037825031,102.91999816894533,1.1498753503148107,0.5190751030923396,-1.0099096272288333,Moderate
2023-02-04,3.0,67,238,163.0,228.42857142857144,1174.0,230.33333333333331,5150.0,2.81,240.81,79.94000244140625,-2.7138807073526894,2.2220002065307,2.161161881743774,-0.0625020923846308,-2.2299957275390625,181667,-0.8796197455992013,3.612857142857143,3.0773333333333337,-0.81838826610506,60.36132893198146,4.942131123121852,61.24094867758066,306.9930798007025,-0.1666853979105592,-100,27.88,29.131428571428568,29.74833333333333,31.144,12.333426989552796,0.5199999999999996,3.080000000000002,-0.6169047619047667,4.105571847507331,-1.3957379263243264,1,Elevated,110.54904218476489,1862.9000244140625,-2.786621252069488,0.8835856025981396,2.588248216757716,395.2982177734375,-1.0629079356699322,1.089618575703369,8.359191037825031,102.91999816894533,1.1498753503148107,0.5190751030923396,-1.0099096272288333,Moderate
2023-02-05,0.0,71,234,156.0,234.14285714285717,1171.0,231.86666666666667,4847.0,2.87,236.87,79.94000244140625,-2.7138807073526894,2.2220002065307,2.161161881743774,-0.0625020923846308,-2.2299957275390625,163847,-0.7814085815417701,3.4414285714285717,3.065,-0.8193780881894512,59.61581500549647,4.942131123121852,60.39722358703824,302.2093547101601,0.0982111640574312,-100,27.97,28.99142857142857,29.741666666666667,31.060666666666663,11.691055820287158,0.0899999999999998,-0.4299999999999997,-0.750238095238096,5.263157894736842,-1.3343791231599185,1,Elevated,108.8042971666564,1862.9000244140625,-2.786621252069488,0.8835856025981396,2.588248216757716,395.2982177734375,-1.0629079356699322,1.089618575703369,8.359191037825031,102.91999816894533,1.1498753503148107,0.5190751030923396,-1.0099096272288333,Moderate
2023-02-06,2.0,53,195,155.0,225.0,1170.0,230.96666666666667,4848.0,2.73,197.73,80.98999786376953,1.3134793473804196,2.175621831106919,2.1473609508729465,-1.4720184055901364,1.0499954223632812,281667,-0.6208261152179128,3.25,3.064333333333333,-0.8101368650302728,60.45232122690292,3.636303019046352,61.07314734212083,262.4394503611672,0.1605824663238573,100,27.31,28.68285714285714,29.715666666666667,31.00033333333333,12.602912331619288,-0.6600000000000001,-0.75,-1.0328095238095258,1.749271137026239,-1.5753691461551764,1,Elevated,92.7611506760427,1866.199951171875,0.1771392299407148,0.8835621576785404,2.769972249658559,392.8823852539063,-0.6111417686471499,1.0759693611052323,6.110342980187711,103.62000274658205,0.6801443743592372,0.5339197957958062,-0.5184340404586374,Moderate
2023-02-07,13.0,55,200,165.0,225.7142857142857,1180.0,229.4,4745.0,2.75,202.75,83.69000244140625,3.333750646812339,2.241140829292783,2.1436825025744404,3.346504040667741,2.7000045776367188,301556,-0.7573874816794495,3.072857142857143,3.074,-0.7987064588062606,61.54878307587136,5.909541880171897,62.306170557550814,270.9657124377227,-0.1365613664615367,100,28.89,28.872857142857143,29.731666666666666,30.93488888888889,13.082806832307684,1.5800000000000018,2.240000000000002,-0.8588095238095192,11.918604651162791,-0.8822218350288781,1,Elevated,95.92505086357892,1871.699951171875,0.2947165439880272,0.8245609692447494,4.7397846206981065,398.020751953125,1.3078638524091746,1.0485927087300158,9.05389337717002,103.43000030517578,-0.1833646365276831,0.5321662524121934,-0.9575792368837543,Moderate
2023-02-08,134.0,82,317,159.0,229.28571428571428,1312.0,232.8,4776.0,2.77,319.77,85.08999633789062,1.672832901952126,2.1629633512961988,2.1492249100403478,1.394182786550946,1.399993896484375,310705,-0.6620721687345247,2.8514285714285714,3.0843333333333334,-0.7914228088445256,61.83557939586374,3.9752145319034193,62.49765156459826,386.2428660965016,0.0953153129449247,100,31.94,28.752857142857145,29.866333333333333,30.93555555555556,34.87657656472463,3.0500000000000007,1.4699999999999989,-1.113476190476188,60.0,0.4332922225123891,1,Elevated,141.99761612568102,1877.4000244140625,0.3045399044124819,0.8225619635583955,4.538114532661175,393.6685180664063,-1.093469088071897,1.0770667809777554,7.244545627772836,103.41000366210938,-0.0193335038261688,0.5319307559512925,-0.8628069384996606,Moderate
2023-02-09,1.0,76,255,156.0,229.57142857142856,1313.0,235.1,4686.0,2.81,257.81,84.5,-0.6933792023538943,2.165818363115356,2.149533465222944,0.2015868199385151,-0.589996337890625,310604,-0.6148796526498829,2.814285714285714,3.0973333333333333,-0.7853561005703186,61.93425611060055,2.879356247463102,62.54913576325043,323.2384920107135,0.0471925160846418,-100,29.9,28.75,29.937,30.912,37.235962580423205,-2.0400000000000027,-5.090000000000003,-1.1870000000000012,24.710982658959537,-0.4366216088422663,1,Elevated,116.78556965163534,1866.199951171875,-0.596573617584939,0.8153370159789498,2.832262561208365,390.2557067871094,-0.8669251216885887,1.0900276174450747,6.735694858367092,103.22000122070312,-0.1837370028794138,0.5324121448460456,-0.9214811688044944,Moderate
2023-02-10,0.0,72,246,153.0,240.7142857142857,1309.0,235.13333333333333,4651.0,2.94,248.94,86.38999938964844,2.236685668222993,2.187808230221546,2.1599420513070617,3.7593047959531,1.8899993896484373,294394,-0.643575194030239,2.8114285714285714,3.115333333333333,-0.7854153471542243,61.81791775072806,4.800424378039848,62.4614929447583,316.2019173227981,-0.0286955413803561,-100,28.84,28.96142857142857,29.919,30.87677777777777,11.64347770690178,-1.0599999999999987,0.980000000000004,-0.9575714285714304,11.239193083573488,-0.8760340531976214,1,Elevated,113.9884683401676,1862.800048828125,-0.1821831761176007,0.8121409800158989,3.0366736917244896,391.16644287109375,0.2333690624237716,1.0542988071987536,8.331116182854558,103.62999725341795,0.3972059948325279,0.5354012449538403,-0.7945642718065637,Moderate
2023-02-11,14.0,83,257,164.0,243.42857142857144,1222.0,235.36666666666667,4621.0,3.02,260.02,86.38999938964844,2.236685668222993,2.187808230221546,2.1599420513070617,3.7593047959531,1.8899993896484373,182195,-0.8271596688535091,2.841428571428572,3.127666666666667,-0.791690094751383,60.90453603006908,4.800424378039848,61.73169569892259,326.5521200769624,-0.1835844748232701,-100,29.45,29.185714285714287,29.84033333333333,30.858444444444448,14.517922374116353,0.6099999999999994,1.6699999999999982,-0.6546190476190432,19.54022988505747,-0.6045554933726536,1,Elevated,118.27450889100044,1862.800048828125,-0.1821831761176007,0.8121409800158989,3.0366736917244896,391.16644287109375,0.2333690624237716,1.0542988071987536,8.331116182854558,103.62999725341795,0.3972059948325279,0.5354012449538403,-0.7945642718065637,Moderate
2023-02-12,1.0,38,131,165.0,228.7142857142857,1223.0,233.1,4590.0,2.85,133.85,86.38999938964844,2.236685668222993,2.187808230221546,2.1599420513070617,3.7593047959531,1.8899993896484373,161041,-0.6628568922879848,2.8385714285714285,3.1333333333333333,-0.7872388737328215,59.849657691180845,4.800424378039848,60.51251458346883,199.16293896150867,0.1643027765655242,-100,27.83,29.165714285714284,29.76033333333333,30.82088888888889,15.12151388282762,-1.620000000000001,-2.2300000000000004,-0.5946190476190516,4.011461318051576,-1.2721053838430791,1,Elevated,67.56267266790971,1862.800048828125,-0.1821831761176007,0.8121409800158989,3.0366736917244896,391.16644287109375,0.2333690624237716,1.0542988071987536,8.331116182854558,103.62999725341795,0.3972059948325279,0.5354012449538403,-0.7945642718065637,Moderate
2023-02-13,10.0,68,209,173.0,230.7142857142857,1065.0,232.83333333333331,4556.0,2.92,211.92,86.61000061035156,0.2546605188765483,2.1729861888939954,2.131045167144237,5.288108875704967,0.220001220703125,277633,-0.5895585405281253,2.8657142857142857,3.130666666666667,-0.7752745093900552,60.57556147911465,2.9564575953410404,61.16512001964277,276.0415776149838,0.0732983517598595,100,27.5,29.192857142857143,29.59633333333333,30.78088888888889,12.866491758799295,-0.3299999999999983,1.2900000000000027,-0.4034761904761907,2.571428571428571,-1.3803723908836127,1,Elevated,98.18360704206498,1851.9000244140625,-0.5851419437593264,0.814963563494358,1.780710327785795,395.7583618164063,1.173904108851631,1.0289089780563958,7.66484397111129,103.3499984741211,-0.2701908585524326,0.526750510326836,-0.4718777745090663,Moderate
2023-02-14,0.0,55,200,160.0,230.7142857142857,1063.0,232.9,4464.0,2.9,202.9,85.58000183105469,-1.1892377000789156,2.032477200528822,2.126166540399037,-0.3841250343238345,-1.029998779296875,304516,-0.6367899725372468,2.887142857142857,3.130666666666667,-0.7654107215619299,61.70314444580778,3.260127404040121,62.339934418345024,268.5000618223852,-0.0472314320091215,100,27.12,28.94,29.488,30.72233333333333,12.436157160045608,-0.379999999999999,-0.0500000000000007,-0.5480000000000018,0.5698005698005698,-1.5000256267950889,1,Elevated,94.93203784528508,1854.0,0.1133957318566247,0.8149566562412176,1.8849288206023165,395.5762023925781,-0.0460279406332864,1.0259184411877482,7.899491020543548,103.2300033569336,-0.1161055819633549,0.5242183716767238,-0.2801326270640225,Moderate
2023-02-15,117.0,73,274,143.0,224.57142857142856,1179.0,234.13333333333333,4429.0,2.8,276.8,85.37999725341797,-0.2337048064471325,1.8526255645272327,2.122378013157024,3.995126480216405,-0.2000045776367187,301522,-0.6804607788630895,2.891428571428571,3.1256666666666666,-0.7605756820322468,62.04003034954562,2.485843018996006,62.72049112840871,342.0063341474047,-0.0436708063258427,-100,30.38,28.717142857142854,29.531333333333336,30.66933333333333,34.61835403162922,3.259999999999998,3.639999999999997,-0.8141904761904826,33.23863636363637,-0.1228652467498929,1,Elevated,124.25843543328016,1834.199951171875,-1.067963798712246,0.8162225678368492,-0.2989617951827727,396.8607482910156,0.324727799768576,1.0178816868564875,8.707512973053454,103.91999816894533,0.6684052984343714,0.5077071841450643,-0.5740513714041495,Moderate
2023-02-16,5.0,82,274,147.0,227.28571428571428,1159.0,237.1,4414.0,2.84,276.84,85.13999938964844,-0.2810937824900494,1.5585184145663509,2.0835028558337974,9.378216078106805,-0.2399978637695312,294402,-0.729794477438179,2.895714285714285,3.1206666666666667,-0.7591398025143653,62.00577912191652,2.777433804867081,62.73557359935469,342.3530074042218,-0.0493336985750895,-100,29.5,28.66,29.548333333333336,30.635444444444445,33.046668492875455,-0.879999999999999,-4.139999999999997,-0.8883333333333354,20.96317280453258,-0.4832799878872877,1,Elevated,124.39408824181776,1842.0,0.425256189934009,0.8091617102628786,-0.5829041744119023,391.396484375,-1.3768718472527586,1.057183318570888,6.389396099688138,103.86000061035156,-0.0577343722583667,0.5057494051578402,-0.3741001339553351,Moderate
2023-02-17,23.0,63,226,170.0,224.42857142857144,1176.0,235.63333333333333,4408.0,2.85,228.85,83.0,-2.513506465808857,1.6334302732955688,2.0915505134670997,5.477185696878117,-2.139999389648437,293952,-0.787260939057017,2.882857142857143,3.115,-0.7586384792720356,61.89147533348191,4.694655308792237,62.67873627253893,296.2233915813312,-0.0574664616188379,-100,28.5,28.61142857142857,29.522,30.604666666666667,13.987332308094192,-1.0,-0.120000000000001,-0.9105714285714264,10.16949152542373,-0.892120903253628,1,Elevated,105.95360937802468,1840.4000244140625,-0.0868607809955235,0.7890199490804864,0.3052090384188854,390.4186706542969,-0.2498269043638812,1.030008731360177,7.348822277120259,103.86000061035156,0.0,0.4844918341417359,-1.1233818496676595,Moderate
2023-02-18,1.0,86,222,157.0,219.42857142857144,1121.0,232.9,4394.0,2.81,224.81,83.0,-2.513506465808857,1.6334302732955688,2.0915505134670997,5.477185696878117,-2.139999389648437,183079,-0.8439697091559855,2.8528571428571428,3.1086666666666667,-0.762446870649388,60.91762771474431,4.694655308792237,61.7615974239003,291.2662527326926,-0.0567087700989684,-100,28.91,28.534285714285712,29.450333333333333,30.579666666666668,15.083543850494843,0.4100000000000001,1.41,-0.916047619047621,13.239436619718308,-0.7059498135579378,1,Elevated,104.15418160829697,1840.4000244140625,-0.0868607809955235,0.7890199490804864,0.3052090384188854,390.4186706542969,-0.2498269043638812,1.030008731360177,7.348822277120259,103.86000061035156,0.0,0.4844918341417359,-1.1233818496676595,Moderate
2023-02-19,3.0,58,180,159.0,226.42857142857144,1119.0,231.7333333333333,4301.0,2.91,182.91,83.0,-2.513506465808857,1.6334302732955688,2.0915505134670997,5.477185696878117,-2.139999389648437,165418,-0.7351916636703584,2.861428571428571,3.1046666666666667,-0.7613924644606647,59.934710602558674,4.694655308792237,60.66990226622903,248.27455757502128,0.108778045485627,-100,27.7,28.51571428571429,29.368,30.525555555555552,11.943890227428136,-1.2100000000000009,-1.620000000000001,-0.8522857142857134,3.932584269662921,-1.1898192418287392,1,Elevated,87.1758425767627,1840.4000244140625,-0.0868607809955235,0.7890199490804864,0.3052090384188854,390.4186706542969,-0.2498269043638812,1.030008731360177,7.348822277120259,103.86000061035156,0.0,0.4844918341417359,-1.1233818496676595,Moderate
2023-02-20,2.0,96,274,151.0,235.7142857142857,1120.0,233.16666666666663,4292.0,3.02,277.02,83.0,-2.513506465808857,1.6334302732955688,2.0915505134670997,5.477185696878117,-2.139999389648437,260184,-0.6475730189576616,2.875714285714286,3.114666666666667,-0.7534798839988139,60.50515748208951,4.694655308792237,61.15273050104717,342.8673858098394,0.0876186447126967,100,28.87,28.711428571428574,29.363,30.498777777777786,11.738093223563482,1.1700000000000017,2.3800000000000026,-0.651571428571426,13.025210084033615,-0.6844303563621971,1,Elevated,124.91640822372632,1840.4000244140625,-0.0868607809955235,0.7890199490804864,0.3052090384188854,390.4186706542969,-0.2498269043638812,1.030008731360177,7.348822277120259,103.86000061035156,0.0,0.4844918341417359,-1.1233818496676595,Moderate
2023-02-21,0.0,53,188,151.0,234.0,1120.0,234.6,4094.0,3.0,191.0,83.05000305175781,0.0602446406720691,1.632349976857008,2.0824905010614487,5.701926147810221,0.0500030517578125,285888,-0.7282673077854485,2.89,3.1263333333333336,-0.7516839294832954,61.416872419224376,2.2627872323100995,62.14513972700983,255.40792695931992,-0.0806942888277868,100,26.37,28.604285714285712,29.302000000000003,30.39511111111111,11.003471444138937,-2.5,-3.6700000000000017,-0.6977142857142908,0.5586592178770949,-1.7101137359357752,1,Elevated,89.73414283832602,1833.0,-0.4020878241630332,0.732664215971186,-1.6736375919472637,382.5865783691406,-2.006075240210869,1.0338226102518393,2.8370468076589272,104.18000030517578,0.3081067715614116,0.444089254577326,0.2887977085963333,Moderate
2023-02-22,29.0,79,268,63.0,233.14285714285717,1149.0,234.96666666666667,4122.0,2.84,270.84,80.5999984741211,-2.9500355058504235,1.7137752501440109,2.094983888058532,1.1927142875616026,-2.4500045776367188,304280,-0.7357065641944979,2.8957142857142864,3.131333333333333,-0.7476949305173548,61.7352202470533,4.783082184750594,62.4709268112478,338.0940089959984,-0.0074392564090494,100,29.31,28.45142857142857,29.311,30.34777777777778,17.43719628204525,2.9399999999999977,5.439999999999998,-0.8595714285714244,20.055710306406684,-0.4450394546830852,1,Elevated,122.7434182361498,1832.0,-0.0545553737043125,0.726321430172157,-2.17333007065047,382.0592651367188,-0.137828471314827,1.03434842219166,2.75357652402648,104.58999633789062,0.3935458163887961,0.4184934652555421,1.5436857649423483,Moderate
2023-02-23,70.0,78,282,128.0,234.28571428571428,1217.0,236.06666666666663,4188.0,2.97,284.97,82.20999908447266,1.9975194054978829,1.748125235523268,2.0913698576697977,2.6342080531165823,1.6100006103515625,296596,-0.8287262774101399,2.9142857142857146,3.139,-0.7477556617340634,61.768023798851615,4.009065446332809,62.59675007626176,351.5758155225945,-0.093019713215642,-100,29.78,28.49142857142857,29.31533333333333,30.343222222222227,19.96509856607821,0.4700000000000024,-2.4699999999999958,-0.8239047619047604,24.72222222222222,-0.2414578510403187,1,Elevated,128.1109761937855,1818.0,-0.7641921397379958,0.7372600140483382,-2.8638585320112098,384.0915832519531,0.5319379218580389,1.0313874309182232,2.5807643680896497,104.5999984741211,0.0095631863282097,0.4171456633020615,1.31731948711018,Moderate
2023-02-24,10.0,65,210,115.0,232.0,1217.0,234.9333333333333,4183.0,2.94,212.94,83.16000366210938,1.155582761484486,1.660280738899574,2.0714232724640484,0.5927246933799202,0.9500045776367188,286787,-0.7562685158859032,2.927142857142857,3.146333333333333,-0.7469292790248254,61.70533552274087,2.875135969722052,62.46160403862677,278.2767400083488,0.0724577615242367,-100,28.5,28.49142857142857,29.320666666666668,30.328333333333337,22.662288807621188,-1.2800000000000011,-1.7500000000000036,-0.8292380952380967,10.664819944598335,-0.7813046826639389,1,Elevated,98.81837519561417,1808.800048828125,-0.5060479192450451,0.7393641825387046,-3.510078289489238,379.9885864257813,-1.068233985091105,1.0277119579752476,0.2174422207824156,105.20999908447266,0.5831745881932138,0.4280902008807475,1.9575507270807704,Moderate
2023-02-25,28.0,68,197,142.0,228.42857142857144,642.0,232.36666666666667,3739.0,2.92,199.92,83.16000366210938,1.155582761484486,1.660280738899574,2.0714232724640484,0.5927246933799202,0.9500045776367188,184652,-0.8776999612546291,2.942857142857143,3.118,-0.7472105303771731,60.85178585290486,2.875135969722052,61.72948581415949,264.5246217838815,-0.1214314453687259,-100,26.76,28.18428571428572,28.907666666666664,30.206444444444443,14.40715722684363,-1.7399999999999984,-0.4599999999999973,-0.7233809523809462,0.8287292817679558,-1.5430620054815063,1,Elevated,93.46395155072072,1808.800048828125,-0.5060479192450451,0.7393641825387046,-3.510078289489238,379.9885864257813,-1.068233985091105,1.0277119579752476,0.2174422207824156,105.20999908447266,0.5831745881932138,0.4280902008807475,1.9575507270807704,Moderate
2023-02-26,0.0,75,220,139.0,234.14285714285717,641.0,231.9,3669.0,2.99,222.99,83.16000366210938,1.155582761484486,1.660280738899574,2.0714232724640484,0.5927246933799202,0.9500045776367188,158589,-0.814338117335446,2.954285714285714,3.0906666666666665,-0.7436207037791523,59.91555432994363,2.875135969722052,60.72989244727908,286.5950284170011,0.063361843919183,-100,26.89,28.068571428571428,28.749666666666663,30.13477777777777,16.61680921959592,0.129999999999999,1.8699999999999972,-0.6810952380952386,1.1019283746556474,-1.4515983739009115,1,Elevated,102.49203287734464,1808.800048828125,-0.5060479192450451,0.7393641825387046,-3.510078289489238,379.9885864257813,-1.068233985091105,1.0277119579752476,0.2174422207824156,105.20999908447266,0.5831745881932138,0.4280902008807475,1.9575507270807704,Moderate
2023-02-27,1.0,84,253,138.0,231.14285714285717,627.0,230.36666666666667,3668.0,2.94,255.94,82.44999694824219,-0.8537838896112149,1.6391653993543456,2.072982717098849,-1.8802830584402688,-0.7100067138671875,266558,-0.6112033038196791,2.9428571428571426,3.056,-0.7314595905051634,60.55451931528219,2.680977594809587,61.16572261910187,319.78670021391144,0.2031348135157669,100,26.45,27.722857142857144,28.619666666666667,30.077222222222225,11.715674067578837,-0.4400000000000013,-0.5700000000000003,-0.8968095238095231,0.8241758241758242,-1.6029090276975493,1,Elevated,115.6815355617442,1817.0,0.4533365187151306,0.7106833913246114,-4.14138749670272,381.2827758789063,0.3405864016333471,1.0274436994223033,0.1939904812343185,104.66999816894533,-0.5132600705506918,0.402183852526369,2.366746375496631,Moderate
2023-02-28,12.0,63,178,150.0,229.7142857142857,632.0,229.83333333333331,3573.0,2.98,180.98,83.88999938964844,1.7465160639244193,1.6481996005129314,2.07452990689902,-1.62992426072347,1.44000244140625,302781,-0.6948568401522851,2.9400000000000004,3.0196666666666667,-0.7241141660639666,61.595640821140506,3.5577080905096974,62.29049766129279,246.82820575180247,-0.0836535363326059,100,26.62,27.75857142857143,28.542,29.98611111111111,13.01826768166303,0.1700000000000017,0.610000000000003,-0.7834285714285691,1.095890410958904,-1.506293432104439,1,Elevated,86.27318276846243,1828.9000244140625,0.6549270453529266,0.6811011238247392,-4.6653460623957255,379.8735656738281,-0.3695971321625357,1.0271831647362653,-0.5621077767469118,104.87000274658205,0.191081094043688,0.4019431690307204,2.6125302133737094,Moderate
2023-03-01,2.0,91,291,123.0,233.0,631.0,230.9,3495.0,2.98,293.98,84.30999755859375,0.5006534414126351,1.6446870725712237,2.055394009825041,-1.873836876934987,0.4199981689453125,309170,-0.7719264430445293,2.9600000000000004,2.9833333333333334,-0.7222937841232345,61.83919467280335,2.3327242016773573,62.61112111584787,358.92384531752526,-0.0770696028922441,100,26.73,27.390000000000004,28.450666666666667,29.917444444444445,12.385348014461222,0.1099999999999994,-0.0600000000000022,-1.0606666666666626,1.366120218579235,-1.4237359266411902,1,Elevated,131.04731390384055,1837.699951171875,0.4811595297906867,0.6858178576970475,-3.6440856637656616,378.4163513183594,-0.3836050957859882,1.0289737237244274,-0.7617607820006644,104.4800033569336,-0.3718884136876266,0.4100198556282215,2.041218849246773,Moderate
2023-03-02,18.0,62,219,71.0,224.0,646.0,231.7,3494.0,2.79,221.79,84.75,0.5218864359478381,1.6357504851795064,2.056371283056169,-0.2706558576698659,0.44000244140625,299210,-0.7839104295058726,2.934285714285714,2.9433333333333334,-0.7236363936428029,61.74670775040253,2.1847025068943307,62.5306181799084,286.50532068680275,-0.0119839864613433,-100,26.05,26.857142857142858,28.40033333333333,29.84633333333333,15.159919932306718,-0.6799999999999997,-0.7899999999999991,-1.543190476190475,0.2724795640326975,-1.6805414012186617,1,Elevated,102.09600463873942,1833.5,-0.2285439018049007,0.6860847220525662,-3.72295859615297,381.35943603515625,0.7777371951670498,0.9952989254545876,1.6143381729028183,105.02999877929688,0.5264121407848155,0.4179400454189262,2.608438992794704,Moderate
2023-03-03,1.0,41,153,62.0,215.8571428571429,507.0,227.06666666666663,3491.0,2.66,155.66,85.83000183105469,1.274338443722356,1.632546166718882,2.0568173117237287,-0.3830104654461763,1.0800018310546875,292503,-0.7715426159672552,2.8942857142857146,2.888,-0.7287932433002096,61.5273183472018,2.9451856569858554,62.298860963169055,220.9040466201549,0.0123678135386174,-100,25.27,26.395714285714288,28.15,29.788222222222224,14.761839067693089,-0.7800000000000011,-0.1000000000000014,-1.754285714285711,0.2717391304347826,-1.95703140954136,1,Elevated,75.90184645542816,1847.699951171875,0.7744723846127677,0.678420515497477,-3.8707676686475234,387.4756164550781,1.6037836859392751,1.0224646481672934,4.001111699780124,104.5199966430664,-0.4855775894105796,0.4253832580489133,2.41034601540171,Moderate
2023-03-04,7.0,90,248,41.0,223.14285714285717,510.0,226.9,3482.0,2.72,250.72,85.83000183105469,1.274338443722356,1.632546166718882,2.0568173117237287,-0.3830104654461763,1.0800018310546875,182990,-0.8720712058694279,2.865714285714286,2.876333333333333,-0.7353278843571965,60.51619111950258,2.9451856569858554,61.388262325372,315.05344798235785,-0.1005285899021727,-100,26.59,26.37142857142857,28.039,29.744222222222223,12.302642949510863,1.3200000000000005,2.1000000000000014,-1.6675714285714278,1.6260162601626018,-1.3527841586797693,1,Elevated,113.74372672786876,1847.699951171875,0.7744723846127677,0.678420515497477,-3.8707676686475234,387.4756164550781,1.6037836859392751,1.0224646481672934,4.001111699780124,104.5199966430664,-0.4855775894105796,0.4253832580489133,2.41034601540171,Moderate
2023-03-05,3.0,59,180,44.0,217.42857142857144,510.0,227.3,3478.0,2.65,182.65,85.83000183105469,1.274338443722356,1.632546166718882,2.0568173117237287,-0.3830104654461763,1.0800018310546875,166457,-0.741578777351264,2.817142857142857,2.866,-0.7362826986792839,59.50998598962806,2.9451856569858554,60.25156476697933,245.8467504239652,0.1304924285181639,-100,25.5,26.172857142857143,27.977,29.671666666666663,12.152462142590824,-1.09,-2.41,-1.8041428571428533,0.5405405405405406,-1.7668036157012088,1,Elevated,86.28838721619022,1847.699951171875,0.7744723846127677,0.678420515497477,-3.8707676686475234,387.4756164550781,1.6037836859392751,1.0224646481672934,4.001111699780124,104.5199966430664,-0.4855775894105796,0.4253832580489133,2.41034601540171,Moderate
2023-03-06,1.0,84,269,44.0,219.7142857142857,508.0,228.33333333333331,3477.0,2.66,271.66,86.18000030517578,0.4077810400261006,1.602697421258148,2.057346997968176,-1.6546810381026569,0.3499984741210937,279360,-0.7309688747588726,2.777142857142857,2.861,-0.7313276696512729,60.27446055685907,2.175946565094514,61.00542943161794,334.8413759967125,0.0106099025923913,100,25.78,26.077142857142857,27.907,29.611777777777775,10.55304951296196,0.2800000000000011,1.370000000000001,-1.82985714285714,0.8086253369272237,-1.6026667543596889,1,Elevated,121.7354645123614,1847.9000244140625,0.0108282322603736,0.6757091177535698,-4.07495842011717,387.74407958984375,0.0692851687602358,0.9690435463210992,2.169855320462921,104.3499984741211,-0.1626465503303142,0.4270772067338255,2.2938891176236265,Moderate
2023-03-07,1.0,101,282,33.0,234.57142857142856,509.0,229.9333333333333,3364.0,2.82,284.82,83.29000091552734,-3.3534455551340603,1.7064955871106358,2.0859210778218005,-5.556187084964059,-2.889999389648437,305763,-0.6476515610911722,2.7542857142857144,2.8593333333333333,-0.7268691023029196,61.38499224984787,5.615559850741102,62.03264381093904,352.4682036616801,0.0833173136677004,100,28.13,26.292857142857144,27.91233333333333,29.54155555555556,12.0165865683385,2.349999999999998,2.0699999999999967,-1.6194761904761847,10.483870967741936,-0.603374502224067,1,Elevated,128.58075270248426,1813.9000244140625,-1.8399263786351705,0.7426862975448452,-5.874108899692986,381.8004150390625,-1.5328833794363672,0.9880232252848749,-0.5890756522204166,105.62000274658205,1.2170620901119644,0.4751822533702577,3.407091617122404,Moderate
2023-03-08,130.0,83,263,161.0,230.57142857142856,637.0,232.2,3476.0,3.03,266.03,82.66000366210938,-0.7563900186012829,1.661336573844574,2.070848976849049,-4.028786371720095,-0.6299972534179688,298761,-0.5364464595658454,2.761428571428571,2.869333333333334,-0.7240564471145174,61.51875749661322,2.8206052296178665,62.05520395617906,330.9058091857969,0.1112051015253268,-100,29.84,26.737142857142857,27.996666666666663,29.51277777777777,38.45602550762664,1.7100000000000009,-0.639999999999997,-1.2595238095238095,28.01608579088472,0.1410836786227608,1,Elevated,119.95128288308294,1812.699951171875,-0.0661598338406288,0.7358606117313325,-6.267132308398882,382.4235534667969,0.1632105160678243,0.9883857884811283,-0.3198513458853025,105.66000366210938,0.0378724810520259,0.4713845550976567,3.6695501965811728,Moderate
2023-03-09,9.0,95,288,152.0,240.42857142857144,633.0,235.13333333333333,3485.0,3.17,291.17,81.58999633789062,-1.294468033890528,1.6748099024983352,2.0683983592609376,-5.260109456825579,-1.07000732421875,316344,-0.6554849666752903,2.815714285714286,2.8833333333333333,-0.7206596966143787,61.634477659779584,3.495288882071421,62.28996262645487,356.9552515085263,-0.1190385071094449,100,29.4,27.215714285714288,28.013666666666666,29.518666666666665,36.19519253554723,-0.4400000000000013,-2.150000000000002,-0.7979523809523776,23.796791443850267,-0.0511853698683287,1,Elevated,130.32410807811956,1829.300048828125,0.9157664314779934,0.7570105040701605,-5.764470696395685,375.367919921875,-1.8449788149710435,1.0437383088641283,-2.19557218311609,105.30999755859376,-0.3312569481209837,0.4731319519949808,3.6107813764106433,Moderate
2023-03-10,5.0,53,201,156.0,247.28571428571428,504.0,231.26666666666668,3290.0,3.24,204.24,82.77999877929688,1.4585151303084576,1.6710304217336769,2.0723493102937147,-5.361841060882688,1.19000244140625,298646,-0.577052155618867,2.898571428571429,2.899,-0.71782569617719,61.54011267143612,3.6657296581304033,62.117164827054985,270.0228944851854,0.0784328110564233,-100,26.0,27.32,27.815666666666665,29.43622222222222,11.89216405528212,-3.3999999999999986,-2.9599999999999973,-0.4956666666666649,1.0666666666666669,-1.487546761565084,1,Elevated,95.58572482866316,1862.0,1.7875662985316731,0.8340148912529168,-3.4783047242306298,369.9515686035156,-1.4429446500080934,1.048839135985006,-4.654717268430919,104.58000183105467,-0.6931874888069345,0.4954847560077126,2.690500384616201,Moderate
2023-03-11,221.0,71,198,370.0,240.14285714285717,724.0,229.36666666666667,3510.0,3.58,201.58,82.77999877929688,1.4585151303084576,1.6710304217336769,2.0723493102937147,-5.361841060882688,1.19000244140625,188632,-0.6537856602554857,3.021428571428572,2.9246666666666665,-0.7191225630973769,60.58564825828165,3.6657296581304033,61.23943391853713,266.4851635766676,-0.0767335046366186,-100,31.28,27.99,27.861666666666668,29.443222222222225,56.98366752318309,5.280000000000001,8.68,0.1283333333333338,54.38829787234043,0.7935403780013642,1,Elevated,94.3461786469596,1862.0,1.7875662985316731,0.8340148912529168,-3.4783047242306298,369.9515686035156,-1.4429446500080934,1.048839135985006,-4.654717268430919,104.58000183105467,-0.6931874888069345,0.4954847560077126,2.690500384616201,Moderate
2023-03-12,11.0,40,135,378.0,233.7142857142857,735.0,225.66666666666663,3508.0,3.51,138.51,82.77999877929688,1.4585151303084576,1.6710304217336769,2.0723493102937147,-5.361841060882688,1.19000244140625,172220,-0.5934512401761602,3.144285714285714,2.9436666666666667,-0.7174517646355744,59.62960313962543,3.6657296581304033,60.22305437980159,202.398784037932,0.0603344200793254,-100,28.12,28.36428571428572,27.837666666666667,29.41955555555556,53.00167210039663,-3.16,-8.440000000000001,0.5266190476190502,10.610079575596815,-0.5608281417198328,1,Elevated,68.91490273921248,1862.0,1.7875662985316731,0.8340148912529168,-3.4783047242306298,369.9515686035156,-1.4429446500080934,1.048839135985006,-4.654717268430919,104.58000183105467,-0.6931874888069345,0.4954847560077126,2.690500384616201,Moderate
2023-03-13,2.0,76,232,379.0,228.42857142857144,723.0,224.83333333333331,3508.0,3.46,235.46,80.7699966430664,-2.428125351377952,1.7163541315413977,2.084519695908628,-6.796684479738002,-2.0100021362304688,286945,-0.3462197716758311,3.2585714285714285,2.958333333333333,-0.7014204347296517,60.44930067084516,4.824147930893149,60.79552044252099,301.07966837341417,0.2472314685003291,100,27.84,28.658571428571427,27.784,29.38466666666667,13.536157342501644,-0.2800000000000011,2.879999999999999,0.8745714285714286,7.936507936507936,-0.666641330214856,1,Elevated,108.27276326086148,1911.699951171875,2.669170309982549,0.9768173860205658,-0.8762845913097173,369.4242858886719,-0.1425274980814683,1.0463482547794654,-5.00887268485859,103.5999984741211,-0.937084853485426,0.5297665688161997,1.638377478608244,Moderate
2023-03-14,9.0,64,205,387.0,217.42857142857144,731.0,227.3,3472.0,3.31,208.31,77.44999694824219,-4.11043683646014,1.830223944794642,2.125779830405081,-8.775034680495075,-3.3199996948242188,299999,-0.6432059587318635,3.3285714285714283,2.973666666666667,-0.7007654036111143,61.536685201090776,6.8181642493042895,62.17989115982264,277.3080554091269,-0.2969861870560323,100,28.04,28.645714285714288,27.791,29.33944444444445,14.384930935280162,0.1999999999999993,0.4800000000000004,0.8547142857142873,10.29023746701847,-0.5642461731086731,1,Elevated,98.48724393168624,1906.199951171875,-0.2877020526483975,0.9767434153342728,-0.8684836980683008,375.5308532714844,1.6529956519027331,1.0762530075825512,-2.2117474847451635,103.5999984741211,0.0,0.5270357264151899,1.2905746094821202,Moderate
2023-03-15,10.0,68,263,267.0,217.42857142857144,731.0,229.1,3424.0,3.02,266.02,73.69000244140625,-4.854738095533618,2.011259184880532,2.172774508537381,-12.782572725089947,-3.7599945068359375,306096,-0.5722937972842344,3.3271428571428574,2.977,-0.7001899121696513,61.75941599661448,8.144254552923144,62.33170979389871,336.49596434682184,0.0709121614476291,100,28.69,28.481428571428573,27.830666666666666,29.31355555555556,13.454560807238146,0.6500000000000021,0.4500000000000028,0.6507619047619073,15.789473684210526,-0.2714700924266301,1,Elevated,122.13204377994902,1926.5999755859373,1.0701933132209571,0.9950264594326756,-0.150299269969556,373.1822509765625,-0.6254086114261259,1.040312521965843,-4.231444015845575,104.6500015258789,1.013516474153331,0.5539642096934231,2.497554446491157,Moderate
2023-03-16,6.0,93,295,264.0,218.42857142857144,737.0,232.26666666666668,3412.0,3.02,298.02,74.69999694824219,1.3705990953644331,2.016299975313025,2.175282215930131,-9.826170629519016,1.0099945068359375,311431,-0.6114542984122043,3.3057142857142856,2.981,-0.6993453896988165,61.81352777158712,4.36951613362936,62.42498206999933,364.8144982036287,-0.0391605011279699,100,27.5,28.21,27.84333333333333,29.282111111111117,10.99580250563985,-1.1900000000000013,-1.8400000000000036,0.3666666666666707,5.905511811023622,-0.7740729348513423,1,Elevated,133.44080286745162,1919.0,-0.3944760553433624,0.9975285822605549,-0.4564814091313263,379.7297668457031,1.7545089167576355,1.0749513610179058,-3.575954698389905,104.41999816894533,-0.2197834243477969,0.5279616602332724,3.1614274942210363,Moderate
2023-03-17,11.0,62,226,270.0,222.0,631.0,230.66666666666663,3421.0,3.07,229.07,72.97000122070312,-2.315924763340671,2.047324007051499,2.1357999664344343,-11.196296888465994,-1.7299957275390625,295436,-0.6198660043369798,3.281428571428572,2.99,-0.6973255638812795,61.76590314939138,5.482878459238769,62.385769153728354,296.93864761296715,-0.0084117059247754,-100,27.04,28.358571428571427,27.732000000000003,29.252222222222223,11.542058529623876,-0.4600000000000008,0.7300000000000004,0.6265714285714239,3.664921465968586,-0.9560972612518924,1,Elevated,106.29830521444116,1969.800048828125,2.6472146340867697,1.1021249779805455,2.791838367520616,375.2897033691406,-1.169269270998885,1.0491545270800142,-6.070732769383147,103.70999908447266,-0.6799455055763515,0.5406425478571708,1.926289026508754,Moderate
2023-03-18,195.0,80,223,244.0,225.57142857142856,821.0,228.96666666666667,3615.0,3.06,226.06,72.97000122070312,-2.315924763340671,2.047324007051499,2.1357999664344343,-11.196296888465994,-1.7299957275390625,187192,-0.8049377293787008,3.207142857142857,2.997333333333333,-0.6998303389459636,60.92695544225949,5.482878459238769,61.73189317163819,293.27477163087696,-0.1850717250417209,-100,31.71,28.42,27.805666666666664,29.28611111111111,47.82535862520861,4.670000000000002,5.130000000000003,0.6143333333333345,61.35770234986945,1.0414893855706095,1,Elevated,104.96353001802316,1969.800048828125,2.6472146340867697,1.1021249779805455,2.791838367520616,375.2897033691406,-1.169269270998885,1.0491545270800142,-6.070732769383147,103.70999908447266,-0.6799455055763515,0.5406425478571708,1.926289026508754,Moderate
2023-03-19,6.0,51,184,239.0,232.57142857142856,804.0,227.56666666666663,3615.0,3.12,187.12,72.97000122070312,-2.315924763340671,2.047324007051499,2.1357999664344343,-11.196296888465994,-1.7299957275390625,172751,-0.6917453478602995,3.151428571428572,3.006333333333333,-0.6966464859060729,59.97852431594578,5.482878459238769,60.67026966380608,253.27314812304485,0.1131923815184012,-100,28.91,28.532857142857143,27.81933333333333,29.29588888888889,48.96596190759201,-2.8000000000000007,-7.470000000000002,0.7135238095238137,18.098958333333336,-0.1660566517320047,1,Elevated,89.17520531645673,1969.800048828125,2.6472146340867697,1.1021249779805455,2.791838367520616,375.2897033691406,-1.169269270998885,1.0491545270800142,-6.070732769383147,103.70999908447266,-0.6799455055763515,0.5406425478571708,1.926289026508754,Moderate
2023-03-20,2.0,44,168,239.0,223.42857142857144,805.0,225.76666666666668,3615.0,2.98,170.98,73.79000091552734,1.1237490490702662,2.0157672058000773,2.1407955664301657,-7.693271626288334,0.8199996948242188,284045,-0.6044850185934879,3.082857142857143,3.012,-0.6886636628873232,60.76861100746969,3.9088434174991766,61.37309602606317,236.26193944356237,0.0872603292668116,100,25.9,28.255714285714287,27.719,29.273333333333337,12.63630164633406,-3.0100000000000016,-0.2100000000000008,0.5367142857142859,1.0389610389610389,-1.4373069809829262,1,Elevated,82.2301565722123,1979.199951171875,0.4772008381938253,0.9594432442751426,6.242950519816137,378.8983459472656,0.961561840287284,1.0570301690841764,-4.148734066787863,103.27999877929688,-0.4146179818452666,0.5067856139614549,0.3497868409991778,Moderate
2023-03-21,0.0,48,144,230.0,214.7142857142857,802.0,224.56666666666663,3565.0,2.87,146.87,75.31999969482422,2.0734500072013384,2.040671059183901,2.1406621891126125,-7.000862228052673,1.529998779296875,282540,-0.6291062364033432,3.02,3.010666666666667,-0.6851274819784225,61.68512283803309,4.814207289190507,62.31422907443643,213.99843636362692,-0.0246212178098552,-100,26.39,28.02,27.67533333333333,29.224666666666664,11.623106089049276,0.490000000000002,3.500000000000004,0.3446666666666651,2.33160621761658,-1.200637334440496,1,Elevated,73.1365287305635,1938.0,-2.0816467354640267,1.0465050493386987,3.847393136144839,383.8734130859375,1.31303479993663,1.0851916979670502,-2.2930455795686977,103.26000213623048,-0.0193615833682714,0.4908684929605345,-0.3474238571793853,Moderate
2023-03-22,14.0,58,230,234.0,210.0,814.0,223.1,3425.0,2.83,232.83,76.69000244140625,1.8189096549826145,1.9670855450144884,2.1333505099267622,-8.364200974782976,1.3700027465820312,94233,-0.0831229157721962,2.992857142857143,3.0043333333333333,-0.6663124785389071,60.38651066616251,4.622415297475401,60.4696335819347,297.9220488794101,0.5459833206311469,-100,26.82,27.752857142857145,27.607,29.163444444444444,15.929916603155736,0.4299999999999997,-0.0600000000000022,0.145857142857146,3.875968992248062,-0.9968041271053972,1,Elevated,107.07489283537711,1946.800048828125,0.4540788869001444,1.0477674405559925,4.012400470985189,377.3297729492188,-1.7046348909956488,1.0924975167678808,-5.198467392057749,102.3499984741211,-0.8812741073826569,0.515277657748157,-1.0441862398415158,Moderate
2023-03-23,5.0,90,266,233.0,205.8571428571429,819.0,225.7,3428.0,2.79,268.79,75.91000366210938,-1.017080133610404,1.936455492110185,2.130661600592891,-10.788568657739372,-0.779998779296875,242899,-0.6671214633350179,2.96,2.997333333333333,-0.6642742837238927,60.05010992945984,4.032392491494527,60.71723139279485,333.5396238842894,-0.5839985475628215,100,27.38,27.735714285714284,27.640666666666664,29.12277777777777,15.119992737814108,0.5599999999999987,0.129999999999999,0.0950476190476194,6.443298969072164,-0.7416746386648821,1,Elevated,121.2724032751568,1993.800048828125,2.414218143681035,1.1272193410561355,6.200065137976707,378.349853515625,0.2703419235734472,1.0811484620799667,-3.891259739544939,102.52999877929688,0.1758674234091817,0.5166958482125239,-0.8509862214954533,Moderate
2023-03-24,0.0,35,134,222.0,192.7142857142857,790.0,221.2333333333333,3424.0,2.63,136.63,74.98999786376953,-1.211969113366107,1.9418277146837968,2.113794828075235,-11.254440397905883,-0.9200057983398438,495829,-0.7753377618457712,2.897142857142857,2.990333333333333,-0.6655953236456018,61.54903348466371,4.2792408678404925,62.32437124650948,203.23361211435,-0.1082162985107533,100,25.65,27.537142857142857,27.518666666666668,29.07422222222222,13.141081492553768,-1.7300000000000004,-2.289999999999999,0.0184761904761892,0.7712082262210797,-1.4411449657999456,1,Elevated,68.8285705964381,1982.0999755859373,-0.5868227984578644,1.126981078387139,6.210482662443728,380.8325500488281,0.656190694970249,1.080944539386448,-2.4146108754847018,103.12000274658205,0.5754452104843821,0.5272479208990783,-0.0968789701012329,Moderate
2023-03-25,0.0,74,212,27.0,191.14285714285717,720.0,218.9,3423.0,2.21,214.21,74.98999786376953,-1.211969113366107,1.9418277146837968,2.113794828075235,-11.254440397905883,-0.9200057983398438,317239,-0.8189707684428288,2.775714285714286,2.9650000000000003,-0.6652701400133582,61.710570631556,4.2792408678404925,62.529541399998834,281.01878226783936,-0.0436330065970576,-100,26.47,26.788571428571423,27.40833333333333,29.044,14.418165032985288,0.8200000000000003,2.5500000000000007,-0.6197619047619085,3.076923076923077,-1.076176921341895,1,Elevated,99.90160462713598,1982.0999755859373,-0.5868227984578644,1.126981078387139,6.210482662443728,380.8325500488281,0.656190694970249,1.080944539386448,-2.4146108754847018,103.12000274658205,0.5754452104843821,0.5272479208990783,-0.0968789701012329,Moderate
2023-03-26,0.0,81,216,21.0,195.7142857142857,710.0,219.1,3373.0,2.31,218.31,74.98999786376953,-1.211969113366107,1.9418277146837968,2.113794828075235,-11.254440397905883,-0.9200057983398438,284309,-0.8703522349497244,2.66,2.944,-0.6690729306488188,61.691179600698135,4.2792408678404925,62.56153183564786,285.1507727034884,-0.0513814665068955,-100,26.62,26.46142857142857,27.345666666666663,28.998444444444445,11.256907332534478,0.1500000000000021,-0.6699999999999982,-0.8842380952380964,3.70843989769821,-0.9916154565076528,1,Elevated,101.54800271426578,1982.0999755859373,-0.5868227984578644,1.126981078387139,6.210482662443728,380.8325500488281,0.656190694970249,1.080944539386448,-2.4146108754847018,103.12000274658205,0.5754452104843821,0.5272479208990783,-0.0968789701012329,Moderate
2023-03-27,7.0,55,189,26.0,198.7142857142857,689.0,218.83333333333331,3380.0,2.37,191.37,78.12000274658203,4.173896482166351,2.0603915744677166,2.1444961263414077,-9.572863411846887,3.1300048828125,461451,-0.8925972250329258,2.572857142857143,2.925666666666667,-0.6695695061080954,63.85720782928131,7.191574397818757,64.74980505431424,263.311379452133,-0.0222449900832014,100,27.6,26.70428571428571,27.37366666666667,28.99533333333333,12.111224950416007,0.9800000000000004,0.8299999999999983,-0.6693809523809584,8.673469387755102,-0.5813396521948774,1,Elevated,92.37459076999036,1952.4000244140625,-1.498408331451362,1.1675512613781769,4.809962059121919,381.5447082519531,0.1870003504253148,1.0805203103950731,-2.45975461200576,102.86000061035156,-0.2521355016537607,0.523615184768683,-0.7430248610191925,Moderate
2023-03-28,87.0,46,144,113.0,198.7142857142857,776.0,216.3,3236.0,2.54,146.54,78.6500015258789,0.6784418339258913,2.065871517689829,2.144050724633193,-9.190623517350817,0.529998779296875,488397,-0.8625250978619783,2.525714285714286,2.9106666666666663,-0.6711757387923131,66.43804604767283,3.663375703350802,67.3005711455348,217.5039468488856,0.0300721271709475,100,28.18,26.96,27.416666666666668,28.952666666666666,27.850360635854734,0.5799999999999983,-0.4000000000000021,-0.456666666666667,13.994910941475828,-0.3246667463749716,1,Elevated,73.54146451044728,1972.4000244140625,1.0243802371392663,1.1689536271609746,6.506830736617442,380.6882629394531,-0.2244678785937814,1.054531776315722,-3.807904097789905,102.43000030517578,-0.4180442374336346,0.5267035820961659,-0.890177244826651,Moderate
2023-03-29,102.0,46,174,201.0,190.7142857142857,877.0,213.66666666666663,3022.0,2.64,176.64,78.27999877929688,-0.470442135287541,2.059361319349238,2.1421859298963493,-8.530033764393819,-0.3700027465820312,488695,-0.7411058668635644,2.498571428571428,2.9006666666666665,-0.6755058242271094,68.1763291072676,3.382806831076161,68.91743497413117,248.9402418052073,0.1214192309984139,100,27.15,27.00714285714286,27.44,28.87388888888889,14.607096154992073,-1.0300000000000011,-1.6099999999999994,-0.4328571428571415,5.583756345177665,-0.7432256679833863,1,Elevated,85.79260972725669,1966.0999755859373,-0.3194102996422643,1.1729394066757028,6.046384875185407,386.2214660644531,1.453473527729976,1.093181084404418,-2.3648379936771717,102.63999938964844,0.2050171666962752,0.5281221402557065,-0.5715431057820686,Moderate
2023-03-30,9.0,65,234,205.0,186.14285714285717,874.0,215.53333333333333,3028.0,2.55,236.55,79.2699966430664,1.2646881441078506,2.078506590288778,2.1208193086155487,-7.156243624857883,0.9899978637695312,483929,-0.8472188887085284,2.4642857142857144,2.8863333333333334,-0.6805845591789841,69.59386197968183,4.0588190968824165,70.44108086839036,311.0498999652728,-0.1061130218449639,-100,28.7,27.195714285714285,27.50933333333333,28.840111111111117,30.030565109224824,1.5500000000000007,2.580000000000002,-0.3136190476190492,18.48101265822785,-0.0609361719155815,1,Elevated,110.33174381243104,1980.300048828125,0.7222457361536483,1.1514166975718676,7.965331018731425,388.4829406738281,0.5855383007110193,1.0974896097791098,-2.111019457899144,102.13999938964844,-0.4871395196543893,0.5184016280154029,-1.7128548986337422,Moderate
2023-03-31,1.0,53,193,206.0,194.57142857142856,873.0,212.26666666666668,2776.0,2.64,195.64,79.7699966430664,0.6307556719743257,2.084334532104455,2.1080953675735308,-6.30726190401516,0.5,456645,-0.9059214314235804,2.4657142857142853,2.875,-0.6850510587916191,70.7478943750673,3.345816394480297,71.65381580649088,270.6396322009712,-0.0587025427150519,-100,26.29,27.287142857142857,27.494666666666667,28.74077777777778,12.793512713575264,-2.41,-3.960000000000001,-0.2075238095238099,2.272727272727273,-1.108150621191009,1,Elevated,93.9250897190903,1969.0,-0.5706230646619459,1.1608698413099965,6.894679695982631,393.9583740234375,1.4094398431272692,1.1005591118931168,0.6545510117517805,102.51000213623048,0.3622505862473479,0.5240015073477983,-1.299825212967065,Moderate
2023-04-01,0.0,63,172,206.0,188.8571428571429,855.0,210.7,2606.0,2.58,174.58,79.7699966430664,0.6307556719743257,2.084334532104455,2.1080953675735308,-6.30726190401516,0.5,292667,-0.8596801564629677,2.518571428571429,2.8680000000000003,-0.6875767163568557,70.69669360230576,3.345816394480297,71.55637375876873,249.48219015324904,0.0462412749606125,-100,26.35,27.270000000000003,27.504666666666665,28.64922222222222,11.031206374803062,0.0600000000000022,2.4700000000000024,-0.2346666666666621,2.518891687657431,-1.0764182095756856,1,Elevated,85.48160130954587,1969.0,-0.5706230646619459,1.1608698413099965,6.894679695982631,393.9583740234375,1.4094398431272692,1.1005591118931168,0.6545510117517805,102.51000213623048,0.3622505862473479,0.5240015073477983,-1.299825212967065,Moderate
2023-04-02,0.0,47,165,206.0,181.57142857142856,854.0,211.1,2604.0,2.44,167.44,79.7699966430664,0.6307556719743257,2.084334532104455,2.1080953675735308,-6.30726190401516,0.5,269663,-0.9133701127074244,2.5371428571428574,2.860666666666667,-0.6923042995815278,70.51796432676343,3.345816394480297,71.43133443947086,242.2171508339512,-0.0536899562444566,-100,25.82,27.15571428571429,27.523,28.566888888888894,11.668449781222284,-0.5300000000000011,-0.5900000000000034,-0.367285714285714,1.256281407035176,-1.3080747747099628,1,Elevated,82.60059344568629,1969.0,-0.5706230646619459,1.1608698413099965,6.894679695982631,393.9583740234375,1.4094398431272692,1.1005591118931168,0.6545510117517805,102.51000213623048,0.3622505862473479,0.5240015073477983,-1.299825212967065,Moderate
2023-04-03,3.0,52,178,202.0,180.0,850.0,208.76666666666668,2561.0,2.42,180.42,84.93000030517578,6.468602080050201,2.366006175131327,2.2182304473483474,2.3253015725009485,5.160003662109375,446450,-0.7339590605883133,2.544285714285714,2.850666666666667,-0.6877005614054907,72.57961121530899,9.067138412431625,73.3135702758973,262.80070868832894,0.179411052119111,100,29.64,27.447142857142858,27.624666666666663,28.538222222222224,11.697055260595556,3.82,4.350000000000001,-0.1775238095238087,29.32330827067669,0.53306637716628,1,Elevated,90.45756942015213,1983.9000244140625,0.7567305441372518,1.1631703771412605,7.797217892652819,395.4596252441406,0.3810684883712723,1.1011024655428123,1.2911663731131728,102.08999633789062,-0.4097217730828606,0.5281843649325051,-1.7042213191403754,Moderate
2023-04-04,3.0,44,153,118.0,181.28571428571428,850.0,207.86666666666667,2546.0,2.25,155.25,84.94000244140625,0.0117769176904758,2.366053378135064,2.2154143949888985,2.2757366889806896,0.0100021362304687,472072,-0.86147728821766,2.5028571428571427,2.837333333333333,-0.6916971784343706,74.97113256140649,2.605403964723609,75.83260984962415,233.68801381434776,-0.1275182276293467,100,26.17,27.16,27.647,28.471222222222227,12.337591138146731,-3.469999999999999,-7.289999999999999,-0.4870000000000019,2.25,-1.1255967052289968,1,Elevated,78.30868355581427,2022.199951171875,1.9305371382877248,1.195112230946356,10.32187404101883,393.26556396484375,-0.5548129667958812,1.0377772003236412,2.7912598610292827,101.58999633789062,-0.4897639513524288,0.5293081464164987,-2.486085582355757,Moderate
2023-04-05,120.0,97,318,136.0,201.8571428571429,969.0,209.5,2651.0,2.54,320.54,84.98999786376953,0.0588596902828753,2.2949197477144017,2.186987136667561,5.446649469922726,0.0499954223632812,474224,-0.8498817220336601,2.4885714285714284,2.833333333333333,-0.6956609400101967,76.49599690244322,2.8984443849895496,77.34587862447688,400.7843230094665,0.0115955661839999,100,31.48,27.77857142857143,27.837,28.497444444444444,36.35797783092001,5.309999999999999,8.779999999999998,-0.0584285714285712,60.59850374064838,1.4423378648233445,1,Elevated,144.8445534788912,2020.9000244140625,-0.0642828003758588,1.195222838733777,10.311136703824374,392.23583984375,-0.2618393816921638,1.0389911690285292,2.663611548168987,101.8499984741211,0.2559328138626027,0.5256235745944219,-2.6197513717446164,Moderate
2023-04-06,5.0,68,228,132.0,201.0,973.0,207.7,2653.0,2.54,230.54,85.12000274658203,0.1529649206732264,2.2697359678945705,2.1755079417786214,3.539719857093382,0.1300048828125,457109,-0.7572494636762392,2.487142857142857,2.824,-0.6993142034296992,77.68032093642871,2.776672874277135,78.43757040010496,311.7542432743821,0.0926322583574208,-100,29.33,27.868571428571432,27.877,28.51033333333333,33.4631612917871,-2.150000000000002,-7.460000000000001,-0.0084285714285705,26.990049751243784,0.3960866356573886,1,Elevated,109.01418322973186,2011.9000244140625,-0.4453461275309434,1.1865016897694824,10.665567899563388,393.7659606933594,0.3901022533328246,1.0372456286032965,2.518768404008509,101.81999969482422,-0.0294538829124224,0.5254243406982926,-2.6577426576011587,Moderate
2023-04-07,2.0,50,199,133.0,201.8571428571429,845.0,205.56666666666663,2652.0,2.54,201.54,85.12000274658203,0.1529649206732264,2.2697359678945705,2.1755079417786214,3.539719857093382,0.1300048828125,381370,-0.8735754981011405,2.472857142857143,2.8076666666666665,-0.7105518380475423,78.32675905916408,2.776672874277135,79.20033455726522,283.5170074315423,-0.1163260344249013,-100,26.6,27.912857142857145,27.769,28.49377777777778,11.181630172124509,-2.729999999999997,-0.5799999999999947,0.1438571428571435,4.466501240694789,-0.9110166523066148,1,Elevated,97.56673606116392,2011.9000244140625,-0.4453461275309434,1.1865016897694824,10.665567899563388,393.7659606933594,0.3901022533328246,1.0372456286032965,2.518768404008509,101.81999969482422,-0.0294538829124224,0.5254243406982926,-2.6577426576011587,Moderate
2023-04-08,2.0,86,253,135.0,213.42857142857144,838.0,204.4,2651.0,2.67,255.67,85.12000274658203,0.1529649206732264,2.2697359678945705,2.1755079417786214,3.539719857093382,0.1300048828125,267842,-0.94685020143382,2.4857142857142853,2.791,-0.7202640125394932,77.94721758270376,2.776672874277135,78.89406778413758,337.3407406584147,-0.0732747033326793,-100,27.71,28.107142857142858,27.712666666666667,28.486000000000004,11.666373516663397,1.1099999999999994,3.839999999999996,0.3944761904761904,10.643564356435643,-0.3730091375037347,1,Elevated,119.15748270653836,2011.9000244140625,-0.4453461275309434,1.1865016897694824,10.665567899563388,393.7659606933594,0.3901022533328246,1.0372456286032965,2.518768404008509,101.81999969482422,-0.0294538829124224,0.5254243406982926,-2.6577426576011587,Moderate
2023-04-09,3.0,64,194,138.0,217.57142857142856,836.0,204.16666666666663,2652.0,2.75,196.75,85.12000274658203,0.1529649206732264,2.2697359678945705,2.1755079417786214,3.539719857093382,0.1300048828125,243920,-0.8351363396165566,2.53,2.7746666666666666,-0.7288668186727496,77.51897159613068,2.776672874277135,78.35410793574724,277.8807808100244,0.1117138618172632,-100,27.06,28.28428571428572,27.748,28.476666666666667,11.558569309086318,-0.6500000000000021,-1.7600000000000016,0.5362857142857145,6.419753086419753,-0.6794838542699917,1,Elevated,95.48149073686032,2011.9000244140625,-0.4453461275309434,1.1865016897694824,10.665567899563388,393.7659606933594,0.3901022533328246,1.0372456286032965,2.518768404008509,101.81999969482422,-0.0294538829124224,0.5254243406982926,-2.6577426576011587,Moderate
2023-04-10,0.0,51,178,135.0,217.57142857142856,615.0,203.5,2652.0,2.74,180.74,84.18000030517578,-1.1043261408306249,2.27239680702669,2.178059882948385,1.2265471358211988,-0.94000244140625,372872,-0.8622134859054388,2.575714285714286,2.746666666666667,-0.7358144128610814,78.96070021810606,3.4993776614394347,79.8229137040115,264.06229136545096,-0.0270771462888821,100,26.61,27.85142857142857,27.59233333333333,28.46366666666667,10.835385731444408,-0.4499999999999993,0.2000000000000028,0.2590952380952416,4.679802955665025,-0.8856756507294996,1,Elevated,89.66033380537807,1989.0999755859373,-1.1332595333490847,1.2073603391952643,9.967930223941778,394.170166015625,0.1026511589660827,1.0140011467978585,3.732106725424944,102.58000183105467,0.7464173428681553,0.533404040942405,-2.499759791183298,Moderate
2023-04-11,0.0,47,167,132.0,219.57142857142856,604.0,204.56666666666663,2648.0,2.75,169.75,85.61000061035156,1.6987411499069127,2.2845432750742733,2.1849371650410125,3.832630417309857,1.4300003051757812,452678,-0.8769559179547712,2.647142857142857,2.7213333333333334,-0.7452645687870351,81.15536112703988,4.366547466712172,82.03231704499466,256.14886451170685,-0.0147424320493324,100,26.91,27.957142857142856,27.552,28.43622222222222,10.17371216024666,0.3000000000000007,0.75,0.4051428571428559,6.388206388206388,-0.727818992815827,1,Elevated,86.0530823956838,2004.800048828125,0.7893053860986932,1.2101539255337104,10.335720904134572,394.2760009765625,0.0268500688439532,1.013341981698634,3.407766077999508,102.1999969482422,-0.3704473347917791,0.5300582819190767,-2.359798666200752,Moderate
2023-04-12,11.0,54,214,23.0,204.7142857142857,613.0,203.96666666666667,2558.0,2.33,216.33,87.33000183105469,2.009112496718224,2.2913617936834125,2.174044942175911,4.100610879049227,1.720001220703125,472162,-0.7583322220459112,2.617142857142857,2.683666666666667,-0.7590016504660377,82.6047350424568,4.71053537830656,83.3630672645027,304.4036026428093,0.11862369590886,100,27.61,27.40428571428572,27.54433333333333,28.389555555555557,16.9931184795443,0.6999999999999993,0.3999999999999986,-0.1400476190476176,10.784313725490197,-0.3770369641084673,1,Elevated,105.08882760422318,2010.9000244140625,0.3042685274026846,1.2086542606534587,9.951336736315518,392.6689147949219,-0.4076043628473691,1.0139945119225573,3.3683178502818656,101.5,-0.6849285412373285,0.5387691117260192,-3.213504966454161,Moderate
2023-04-13,10.0,32,125,28.0,190.0,614.0,201.3,2568.0,2.16,127.16,86.08999633789062,-1.4199077833101703,2.3082642122804864,2.172301538979439,2.11125469201896,-1.2400054931640625,467022,-0.7259466591939764,2.562857142857143,2.6453333333333333,-0.7617596738147748,83.91173590887124,3.9392974647925527,84.63768256806522,215.7369800328578,0.0323855628519348,-100,26.23,26.96142857142857,27.484,28.34511111111111,12.061927814259674,-1.379999999999999,-2.0799999999999983,-0.5225714285714282,2.444987775061125,-1.0215129969381929,1,Elevated,69.36725549953007,2041.300048828125,1.5117620988104763,1.227777401574108,11.079071832505472,397.8846435546875,1.3282764596962426,1.0329324625186744,5.144675215144057,101.01000213623048,-0.4827565160290925,0.5410213121260186,-3.3212108625691794,Moderate
2023-04-14,0.0,45,142,26.0,181.8571428571429,604.0,197.26666666666668,2400.0,2.1,144.1,86.30999755859375,0.2555479498914659,2.3070789104627334,2.1663727918857685,1.8407050838864287,0.220001220703125,428215,-0.7475794757851426,2.5,2.6146666666666665,-0.7676025297648051,84.86735063741557,2.746697368742842,85.61493011320071,232.46162748194357,-0.0216328165911662,-100,26.05,26.882857142857144,27.396,28.27433333333333,12.708164082955832,-0.1799999999999997,1.1999999999999993,-0.5131428571428565,2.073170731707317,-1.09125166722114,1,Elevated,75.86166497013728,2002.199951171875,-1.9154507774933327,1.2924948775562766,9.200979065823557,396.9127502441406,-0.2442650970050031,1.0291299599221484,4.078387143290874,101.5500030517578,0.5346014296673918,0.5413560335992644,-3.313335016647667,Moderate
2023-04-15,2.0,68,190,26.0,172.85714285714286,600.0,193.76666666666668,2400.0,2.0,192.0,86.30999755859375,0.2555479498914659,2.3070789104627334,2.1663727918857685,1.8407050838864287,0.220001220703125,282407,-0.7999320891039865,2.404285714285714,2.5806666666666667,-0.7738851227878646,84.64022986275093,2.746697368742842,85.44016195185492,280.18685932059776,-0.0523526133188438,-100,26.55,26.717142857142854,27.36433333333333,28.23188888888889,11.66176306659422,0.5,0.6799999999999997,-0.647190476190481,4.622871046228711,-0.8268991553257539,1,Elevated,94.98671133786812,2002.199951171875,-1.9154507774933327,1.2924948775562766,9.200979065823557,396.9127502441406,-0.2442650970050031,1.0291299599221484,4.078387143290874,101.5500030517578,0.5346014296673918,0.5413560335992644,-3.313335016647667,Moderate
2023-04-16,4.0,55,183,27.0,171.28571428571428,593.0,192.33333333333331,2403.0,1.97,184.97,86.30999755859375,0.2555479498914659,2.3070789104627334,2.1663727918857685,1.8407050838864287,0.220001220703125,255341,-0.9026491778247436,2.292857142857143,2.544,-0.7833112285707899,84.32647547120673,2.746697368742842,85.22912464903148,272.94582201777433,-0.102717088720757,-100,26.15,26.58714285714285,27.33466666666667,28.199333333333332,11.213585443603783,-0.4000000000000021,-0.9000000000000021,-0.7475238095238161,2.4271844660194173,-1.0027715484155395,1,Elevated,92.13250387730344,2002.199951171875,-1.9154507774933327,1.2924948775562766,9.200979065823557,396.9127502441406,-0.2442650970050031,1.0291299599221484,4.078387143290874,101.5500030517578,0.5346014296673918,0.5413560335992644,-3.313335016647667,Moderate
2023-04-17,3.0,66,215,30.0,176.57142857142858,401.0,192.06666666666663,2381.0,2.04,217.04,84.76000213623047,-1.7958469078985018,2.320623699941334,2.144706756767142,-1.246649973199787,-1.5499954223632812,410858,-0.8232381490658292,2.1928571428571426,2.51,-0.7839212425603609,86.07672337591119,4.241135605159815,86.89996152497702,308.18109713013683,0.0794110287589143,100,26.89,26.62714285714286,27.174,28.176,11.297055143794571,0.740000000000002,1.140000000000004,-0.5468571428571387,7.142857142857142,-0.6283817412343223,1,Elevated,105.89244654705934,1994.199951171875,-0.3995604932123586,1.2954626287173383,7.928776526030901,398.3369140625,0.3588102970951023,0.9924517011423676,2.803091896927423,102.0999984741211,0.5416005965878323,0.5492628639941045,-2.315344667690289,Moderate
2023-04-18,0.0,47,159,30.0,175.42857142857142,395.0,191.2333333333333,2375.0,2.04,161.04,84.7699966430664,0.0117915367909837,2.3192565566202847,2.100213533154548,-1.6361147100445006,0.0099945068359375,462421,-0.827180191609283,2.091428571428572,2.4740000000000006,-0.7884357373519938,88.34347071594377,2.4946595644157186,89.17065090755305,252.70531047196877,-0.0039420425434538,100,25.47,26.42142857142857,27.05933333333333,28.13355555555556,10.61971021271727,-1.4200000000000017,-2.160000000000004,-0.6379047619047604,0.4830917874396135,-1.2912881952914304,1,Elevated,83.2479940072769,2007.4000244140625,0.661923255711172,1.296550168545343,8.631419335067903,398.5967102050781,0.0652202026492076,0.9924558868925326,2.798915879441477,101.75,-0.3427996859469151,0.551217397253212,-2.491613332189835,Moderate
2023-04-19,6.0,59,207,25.0,174.42857142857142,399.0,192.53333333333333,2325.0,2.04,209.04,83.12000274658203,-1.9464361942018948,2.263263325929047,2.0897044623365115,-0.2041039345379802,-1.649993896484375,463421,-0.7801993407275645,2.05,2.4426666666666668,-0.7942928814231295,89.74713720148141,4.230109913584739,90.52733654220896,303.7974464557937,0.0469808508817185,100,26.83,26.31,27.09033333333333,28.08655555555556,11.434904254408591,1.3599999999999994,2.780000000000001,-0.7803333333333313,7.228915662650602,-0.6149388497372317,1,Elevated,103.41351127387568,1995.199951171875,-0.607754961333562,1.2454423869587838,9.995034142875504,398.52935791015625,-0.0168973534395711,0.9440280434122426,4.381593684067164,101.97000122070312,0.2162174159244578,0.4975162665169984,-3.455786244047432,Moderate
2023-04-20,0.0,47,167,15.0,180.42857142857144,399.0,193.3,2320.0,2.09,169.09,81.0999984741211,-2.430226426507187,2.303285303384345,2.101436559464965,-1.8872551643780988,-2.020004272460937,496959,-0.637387373048394,2.04,2.4166666666666665,-0.7945689193112979,91.42502479047045,4.922237246329342,92.06241216351884,266.0746494098482,0.1428119676791704,100,26.84,26.397142857142857,27.10533333333333,28.04955555555556,12.41405983839585,0.0100000000000015,-1.349999999999998,-0.7081904761904738,7.451923076923077,-0.5942691772140583,1,Elevated,88.01737733123551,2007.5999755859373,0.621492818641034,1.2443125424298869,10.751918666300142,396.3545837402344,-0.5456998654568723,0.9524523719272684,3.642827474183541,101.83999633789062,-0.1274932639562465,0.4966684135477478,-3.615376861461006,Moderate
2023-04-21,0.0,41,150,15.0,181.57142857142856,385.0,190.63333333333333,2319.0,2.09,152.09,81.66000366210938,0.6905119587233832,2.2944399762317254,2.102311274439266,0.0858038085071344,0.5600051879882812,468195,-0.5894718186912702,2.0385714285714287,2.3920000000000003,-0.811447216075267,94.35138019066125,2.993532315805822,94.94085200935253,250.02438432515837,0.0479155543571238,-100,25.6,26.33285714285714,27.064666666666668,28.01155555555556,10.23957777178562,-1.2399999999999984,-1.25,-0.7318095238095275,0.9592326139088728,-1.176985689711324,1,Elevated,81.02158332819283,1979.5,-1.3996800123359354,1.279230224059589,8.210788124566836,396.6625671386719,0.0777040082471591,0.8771211586032385,5.673006692002058,101.81999969482422,-0.0196353532850301,0.4953867679497222,-3.3140233070727443,Moderate
2023-04-22,13.0,75,218,26.0,185.57142857142856,393.0,189.03333333333333,2332.0,2.15,220.15,81.66000366210938,0.6905119587233832,2.2944399762317254,2.102311274439266,0.0858038085071344,0.5600051879882812,286795,-0.6060191990229602,2.06,2.3706666666666663,-0.8094104739315318,94.6948784515722,2.993532315805822,95.30089765059516,318.444429966401,-0.01654738033169,-100,27.07,26.40714285714285,27.05433333333333,27.999,13.282736901658453,1.4699999999999989,2.7099999999999973,-0.6471904761904774,9.090909090909092,-0.4529015633803946,1,Elevated,108.31759245644136,1979.5,-1.3996800123359354,1.279230224059589,8.210788124566836,396.6625671386719,0.0777040082471591,0.8771211586032385,5.673006692002058,101.81999969482422,-0.0196353532850301,0.4953867679497222,-3.3140233070727443,Moderate
2023-04-23,0.0,42,153,22.0,181.28571428571428,393.0,189.66666666666663,2332.0,2.08,155.08,81.66000366210938,0.6905119587233832,2.2944399762317254,2.102311274439266,0.0858038085071344,0.5600051879882812,269772,-0.6209297855717871,2.0757142857142856,2.352333333333333,-0.8042635413890658,92.9259203149141,2.993532315805822,93.54685010048588,251.6203824162917,-0.0149105865488269,-100,25.87,26.367142857142856,27.061666666666664,27.96377777777777,13.374552932744134,-1.1999999999999993,-2.669999999999998,-0.6945238095238082,1.909307875894988,-1.0162300134763924,1,Elevated,81.93878294641952,1979.5,-1.3996800123359354,1.279230224059589,8.210788124566836,396.6625671386719,0.0777040082471591,0.8771211586032385,5.673006692002058,101.81999969482422,-0.0196353532850301,0.4953867679497222,-3.3140233070727443,Moderate
2023-04-24,4.0,65,208,23.0,180.28571428571428,397.0,189.53333333333333,2334.0,2.08,210.08,82.7300033569336,1.3103106133225628,2.2914116868157897,2.090973408422453,-0.0603955340668371,1.0699996948242188,442711,-0.5699730500170237,2.0814285714285714,2.348,-0.7959636174415388,93.90777318973224,3.607761853545037,94.47774623974924,308.1655080932943,0.0509567355547634,100,26.74,26.345714285714283,27.070666666666668,27.931444444444445,11.054783677773816,0.8699999999999974,2.0699999999999967,-0.7249523809523843,7.142857142857142,-0.579381136274628,1,Elevated,104.37065398936788,1989.0999755859373,0.484969718915762,1.2477069041988995,6.825992244142731,397.0763244628906,0.1043096471651905,0.8216616049040997,7.3319748208569235,101.3499984741211,-0.4616001002865966,0.4877487219376071,-3.0885478106526976,Moderate
2023-04-25,1.0,60,206,24.0,187.0,398.0,189.2,2325.0,2.15,208.15,80.7699966430664,-2.369160684559457,2.289260766822528,2.075750426915429,0.0,-1.9600067138671875,481889,-0.6123760717645178,2.097142857142857,2.3426666666666667,-0.787364412002032,95.45389097701997,4.658421451381985,96.06626704878448,308.8746885001665,-0.0424030217474941,100,27.17,26.58857142857143,27.089,27.918444444444447,11.512015108737469,0.4300000000000032,-0.4399999999999942,-0.5004285714285714,10.21377672209026,-0.3637649117059845,1,Elevated,104.3366219903097,1994.0,0.2463437974061122,1.1595330964684114,4.305071451075526,390.7732238769531,-1.5873775890475117,0.8847429737285882,5.778975233565142,101.86000061035156,0.5032088247743705,0.4735331928831851,-1.6795346422752822,Moderate
2023-04-26,115.0,63,226,133.0,189.7142857142857,506.0,190.4333333333333,1837.0,2.39,228.39,77.69000244140625,-3.8132899958769007,2.2713226957149533,2.097596116574637,0.3098844449593185,-3.079994201660156,496807,-0.6131606553792661,2.147142857142857,2.3433333333333333,-0.7780498596802432,95.73056139147155,6.115601136087786,96.34372204685084,330.8493231829386,-0.0007845836147483,100,30.83,27.16,27.196666666666665,27.826,35.203922918073744,3.6599999999999966,3.2299999999999933,-0.0366666666666652,49.5260663507109,1.763249476961715,1,Elevated,113.07098486380528,1985.699951171875,-0.416251194991224,1.1614311797941916,4.170601302928678,389.1180419921875,-0.4235658391187002,0.8468562198681907,3.618128471292459,101.47000122070312,-0.3828778591316917,0.4771355938532539,-2.05598193512525,Moderate
2023-04-27,4.0,55,212,137.0,196.14285714285717,423.0,192.7,1840.0,2.46,214.46,78.37000274658203,0.8752738882826572,2.078702347058591,2.091414755488289,6.350929773542924,0.6800003051757812,502245,-0.5213404041880015,2.2,2.3406666666666665,-0.7666770365577774,95.83892579636256,3.5890692126955406,96.36026620055056,314.4093354132461,0.0918202511912645,100,27.93,27.31571428571429,27.188333333333333,27.784888888888887,33.359101255956325,-2.8999999999999986,-6.559999999999995,0.1273809523809532,16.430260047281322,0.0876916495571794,1,Elevated,106.49168092518832,1989.9000244140625,0.2115160067214017,1.1482945219139895,3.285583391999869,396.8646240234375,1.990805153004316,0.9002569947162911,6.346060935347753,101.5,0.0295641854104466,0.4318931326666441,-3.0100348590056614,Moderate
2023-04-28,6.0,53,187,143.0,201.42857142857144,327.0,193.13333333333333,1831.0,2.53,189.53,79.54000091552734,1.492915819753926,2.081143107401347,2.0780622276270257,6.479255910329784,1.1699981689453125,490103,-0.5280137252008368,2.262857142857143,2.337,-0.7595739651690198,95.84994378322612,4.221984518188251,96.37795750842696,290.12994202661525,-0.0066733210128352,-100,26.08,27.384285714285717,27.152666666666665,27.73744444444444,11.133366605064175,-1.8500000000000012,1.0499999999999972,0.2316190476190485,3.0660377358490565,-1.0096656962914397,1,Elevated,96.7763853089607,1990.0999755859373,0.0100483023981912,1.1444844001839725,3.705053443769546,400.2519226074219,0.8535148710519413,0.8611048757682541,5.404410597617848,101.66999816894533,0.1674858807342971,0.4340004008770249,-2.63359514290612,Moderate
2023-04-29,4.0,71,187,134.0,197.0,322.0,191.56666666666663,1828.0,2.48,189.48,79.54000091552734,1.492915819753926,2.081143107401347,2.0780622276270257,6.479255910329784,1.1699981689453125,305677,-0.5547325508493348,2.31,2.3346666666666662,-0.7498244205737133,94.45507290651987,4.221984518188251,95.00980545736924,288.7117899755575,-0.026718825648498,-100,26.53,27.307142857142853,27.080333333333336,27.710555555555555,11.033594128242488,0.4500000000000028,2.3000000000000043,0.2268095238095178,5.647058823529412,-0.719275348112438,1,Elevated,96.48275489874916,1990.0999755859373,0.0100483023981912,1.1444844001839725,3.705053443769546,400.2519226074219,0.8535148710519413,0.8611048757682541,5.404410597617848,101.66999816894533,0.1674858807342971,0.4340004008770249,-2.63359514290612,Moderate
2023-04-30,2.0,53,146,136.0,196.0,323.0,190.0,1827.0,2.51,148.51,79.54000091552734,1.492915819753926,2.081143107401347,2.0780622276270257,6.479255910329784,1.1699981689453125,281878,-0.5329031769152299,2.371428571428571,2.330333333333334,-0.7373904787567684,93.08747311235592,4.221984518188251,93.62037628927114,246.35236080745935,0.0218293739341048,-100,25.93,27.31571428571428,27.06833333333333,27.67122222222222,10.809146869670522,-0.6000000000000014,-1.0500000000000045,0.2473809523809507,2.3474178403755865,-1.0610146463237289,1,Elevated,79.81686906512952,1990.0999755859373,0.0100483023981912,1.1444844001839725,3.705053443769546,400.2519226074219,0.8535148710519413,0.8611048757682541,5.404410597617848,101.66999816894533,0.1674858807342971,0.4340004008770249,-2.63359514290612,Moderate
2023-05-01,0.0,54,168,132.0,190.28571428571428,323.0,189.86666666666667,1824.0,2.44,170.44,79.30999755859375,-0.2891669025473886,2.027854735904381,2.075932615069176,8.68849696016154,-0.2300033569335937,367415,-0.4972295521073047,2.422857142857143,2.3256666666666663,-0.7253087919449129,93.6723967501947,3.185871334467924,94.169626302302,267.79549763676994,0.0356736248079251,100,25.38,27.12142857142857,27.036,27.647,11.278368124039623,-0.5500000000000007,0.0500000000000007,0.0854285714285687,0.468384074941452,-1.3666959692008775,1,Elevated,88.28427379424758,1983.4000244140625,-0.3366640497496798,1.0431407556757823,0.6904241673680644,399.8477478027344,-0.1009801032446078,0.8247397756911353,6.543756520129751,102.1500015258789,0.4721189786351498,0.4307754000527308,-1.504192047406272,Moderate
2023-05-02,1.0,70,203,132.0,189.8571428571429,324.0,191.13333333333333,1685.0,2.47,205.47,75.31999969482422,-5.030888900005004,2.241482686070343,2.1427759406433005,2.0734500072013384,-3.9899978637695312,470965,-0.5493290720496506,2.468571428571429,2.3266666666666667,-0.7131740905896539,95.24764021014305,7.479716586795481,95.79696928219268,308.7466858689881,-0.0520995199423459,100,28.17,27.264285714285712,27.11433333333333,27.595777777777776,10.760497599711732,2.7900000000000027,3.3400000000000034,0.1499523809523815,19.509345794392523,0.3664226491536281,1,Elevated,104.33928049115674,2014.300048828125,1.5579320375974648,1.0772841364173602,1.7734487935626486,395.3537902832031,-1.1239171770321854,0.8472099567864072,4.342970749792552,101.95999908447266,-0.1860033661948756,0.4260923664597691,-1.2780787281426842,Moderate
2023-05-03,108.0,74,271,125.0,196.28571428571428,429.0,194.2333333333333,1789.0,2.52,273.52,72.33000183105469,-3.96972633548085,2.3272331759766702,2.161124905695933,-3.96972633548085,-2.9899978637695312,500864,-0.7650779065054034,2.487142857142857,2.33,-0.7142113854535569,95.67344471099068,6.693932145005605,96.43852261749608,376.6524547625016,-0.2157488344557527,100,31.3,27.33142857142857,27.169666666666668,27.61111111111111,32.978744172278766,3.129999999999999,0.3399999999999963,0.161761904761903,59.79020979020979,2.310502059073058,1,Elevated,131.37327738150145,2028.5999755859373,0.7099203897717121,1.003581812492868,4.674921340863647,392.64007568359375,-0.6864015639423737,0.8306612236286749,2.2837378934846164,101.33999633789062,-0.6080842998717251,0.4383937632789871,-1.8593896558386505,Moderate
2023-05-04,81.0,80,242,202.0,200.57142857142856,507.0,197.2,1867.0,2.77,244.77,72.5,0.2350313350501398,2.299796109403032,2.156514410645876,-5.4635575798912654,0.1699981689453125,499124,-0.6809614414687617,2.531428571428571,2.3473333333333333,-0.7081941905619268,95.88513404382654,3.0811832024422987,96.5660954852953,344.4172786877376,0.0841164650366417,-100,28.24,27.375714285714285,27.23866666666667,27.62088888888889,18.32058232518321,-3.0600000000000023,-6.190000000000001,0.1370476190476139,21.16279069767442,0.387498153459735,1,Elevated,118.453692378036,2048.0,0.9563257738115284,1.0128502192365432,5.198271452314396,389.8589782714844,-0.7083070690803606,0.7749548536654827,3.320492105443207,101.4000015258789,0.0592117526708957,0.4104982993129425,-0.928184623747108,Moderate
2023-05-05,1.0,39,139,197.0,193.7142857142857,388.0,191.2333333333333,1865.0,2.69,141.69,75.30000305175781,3.862073174838354,2.40722883230781,2.161147958862882,-0.8035839558996671,2.8000030517578125,474368,-0.6366212126261249,2.5542857142857143,2.3523333333333336,-0.7010855069150089,95.88626088339213,6.349660402736131,96.52288209601824,244.5625424987544,0.0443402288426367,-100,28.62,27.73857142857143,27.14333333333333,27.62911111111111,27.021701144213186,0.3800000000000025,3.440000000000005,0.5952380952380949,22.8538283062645,0.6189330570047197,1,Elevated,78.5204405802981,2017.4000244140625,-1.4941394329071045,0.9649931859213654,1.1836681215756206,397.0763244628906,1.8512709963499407,0.837345682096817,4.949511879880308,101.20999908447266,-0.1873791307170358,0.409564649898357,-1.287427787515738,Moderate
2023-05-06,3.0,78,210,196.0,197.0,386.0,190.63333333333333,1868.0,2.72,212.72,75.30000305175781,3.862073174838354,2.40722883230781,2.161147958862882,-0.8035839558996671,2.8000030517578125,315899,-0.2711544565094465,2.5885714285714285,2.3583333333333334,-0.6848823400094493,94.78125383438464,6.349660402736131,95.05240829089408,314.12206869363024,0.3654667561166784,-100,28.17,27.972857142857144,27.104666666666667,27.63133333333333,12.527333780583394,-0.4499999999999993,-0.8300000000000018,0.8681904761904775,19.444444444444446,0.3363345113986581,1,Elevated,106.63834581927328,2017.4000244140625,-1.4941394329071045,0.9649931859213654,1.1836681215756206,397.0763244628906,1.8512709963499407,0.837345682096817,4.949511879880308,101.20999908447266,-0.1873791307170358,0.409564649898357,-1.287427787515738,Moderate
2023-05-07,1.0,45,158,195.0,198.7142857142857,385.0,189.26666666666668,1867.0,2.7,160.7,75.30000305175781,3.862073174838354,2.40722883230781,2.161147958862882,-0.8035839558996671,2.8000030517578125,279990,-0.6832579943990139,2.6157142857142857,2.363666666666667,-0.6785384232193784,93.98792747910964,6.349660402736131,94.67118547350866,261.7208458762448,-0.4121035378895674,-100,27.21,28.15571428571429,27.125,27.630222222222223,12.660517689447838,-0.9600000000000009,-0.5100000000000016,1.0307142857142857,11.316397228637411,-0.2623371653596514,1,Elevated,85.75410125579619,2017.4000244140625,-1.4941394329071045,0.9649931859213654,1.1836681215756206,397.0763244628906,1.8512709963499407,0.837345682096817,4.949511879880308,101.20999908447266,-0.1873791307170358,0.409564649898357,-1.287427787515738,Moderate
2023-05-08,2.0,64,189,197.0,201.7142857142857,385.0,187.13333333333333,1856.0,2.75,191.75,77.01000213623047,2.270915026785958,2.430585717483252,2.174699773464297,2.6936982664415687,1.7099990844726562,441011,-0.6208605739818823,2.66,2.366333333333334,-0.6676721023043138,95.34302248420543,4.970870570913366,95.96388305818732,292.6847536291007,0.0623974204171315,100,27.11,28.402857142857147,27.105000000000004,27.610444444444447,11.011987102085657,-0.1000000000000014,0.8599999999999994,1.2978571428571437,10.368663594470046,-0.3133471291180399,1,Elevated,97.88112484000284,2026.300048828125,0.4411630963793378,0.9600694039171054,2.229961847869011,397.1821594238281,0.0266535561093128,0.8324737343593622,4.2931228890239925,101.37000274658205,0.1580907652966479,0.3946728472276369,-1.697051933077076,Moderate
2023-05-09,13.0,77,185,209.0,199.14285714285717,395.0,186.83333333333331,1735.0,2.78,187.78,77.44000244140625,0.5583694237731862,2.309097430633063,2.1719792785077883,-0.870456069211456,0.4300003051757812,484467,-0.6775986630120924,2.704285714285714,2.3673333333333337,-0.6624208464174983,97.22536885215114,2.9545124613273948,97.90296751516324,288.6374799764906,-0.05673808903021,100,26.84,28.212857142857143,27.097666666666665,27.55377777777777,12.783690445151048,-0.2699999999999996,-0.1699999999999981,1.1151904761904774,8.85057471264368,-0.4662616484914353,1,Elevated,95.8743984875636,2036.199951171875,0.4885704044411021,0.9150496893847034,4.292149442221094,395.44036865234375,-0.4385370113328068,0.8391551449969845,3.6419481386738672,101.63999938964844,0.2663476726358471,0.3971452661904359,-1.186079344219204,Moderate
2023-05-10,5.0,81,305,106.0,204.0,400.0,191.06666666666663,1739.0,2.62,307.62,76.41000366210938,-1.3300603652178444,2.317746743646776,2.1727851299498724,-2.848058258501729,-1.029998779296875,501160,-0.7057112615474181,2.7185714285714284,2.363333333333333,-0.6572041056055643,98.22925770069638,3.932612934714793,98.9349689622438,410.48758189695855,-0.0281125985353257,100,27.32,27.64428571428572,27.12133333333333,27.525111111111112,13.340562992676626,0.4800000000000004,0.75,0.5229523809523862,12.844036697247708,-0.1357952460565576,1,Elevated,144.4080389663347,2030.5,-0.279930817628915,0.9026916121589972,2.945648695334868,397.2879943847656,0.4672324524475302,0.8387899208645478,4.360452648878388,101.4800033569336,-0.157414436910297,0.3913764743149598,-0.927459675301967,Moderate
2023-05-11,8.0,75,270,33.0,208.0,408.0,194.5,1747.0,2.48,272.48,74.9800033569336,-1.871483099908422,2.3400932521080424,2.1274085162683805,-4.215630395788983,-1.4300003051757812,490773,-0.6950714397028591,2.677142857142857,2.3543333333333334,-0.6511412896638339,98.52736154271848,4.633139391595363,99.22243298242134,376.3355723740167,0.010639821844559,-100,27.38,27.52142857142857,27.137,27.50888888888889,12.053199109222795,0.0599999999999987,-0.4200000000000017,0.3844285714285718,13.386727688787186,-0.0856979816724487,1,Elevated,130.68974235312243,2014.699951171875,-0.7781358693979334,0.9138703183393786,2.471897471615292,396.5951232910156,-0.1744002093048369,0.8031733128003695,2.685934920259281,102.05999755859376,0.571535457700123,0.4044773248672574,-0.5650836267572901,Moderate
2023-05-12,4.0,54,211,36.0,218.28571428571428,401.0,194.4,1737.0,2.59,213.59,74.16999816894531,-1.0802949476173662,2.331495577075656,2.079971090404592,-6.433705929224587,-0.8100051879882812,478157,-0.6427004821468194,2.662857142857143,2.363,-0.6472868983338641,98.57427406491097,4.05516111761548,99.2169745470578,316.86213566467325,0.0523709575560397,-100,26.46,27.212857142857143,27.098666666666663,27.475666666666665,12.161854787780197,-0.9199999999999982,-0.9799999999999968,0.1141904761904761,5.707762557077626,-0.6800043386492525,1,Elevated,106.90145935645776,2014.5,-0.0099246129310115,0.9060210743139409,1.7270085506543964,396.0755615234375,-0.1310055865706871,0.7986161865810262,1.9544283814470376,102.68000030517578,0.6074884983473305,0.4100408580088814,0.5286870165989832,Moderate
2023-05-13,60.0,77,224,93.0,220.28571428571428,451.0,197.7,1796.0,2.71,226.71,74.16999816894531,-1.0802949476173662,2.331495577075656,2.079971090404592,-6.433705929224587,-0.8100051879882812,301484,-0.5380302800803388,2.6614285714285715,2.381333333333333,-0.6410230190300762,97.27889373151667,4.05516111761548,97.81692401159702,328.5820851292125,0.1046702020664805,-100,28.86,27.31142857142857,27.186333333333334,27.48711111111111,22.923351010332404,2.3999999999999986,3.3199999999999967,0.1250952380952377,26.08200455580866,0.915079576545849,1,Elevated,111.8694492493656,2014.5,-0.0099246129310115,0.9060210743139409,1.7270085506543964,396.0755615234375,-0.1310055865706871,0.7986161865810262,1.9544283814470376,102.68000030517578,0.6074884983473305,0.4100408580088814,0.5286870165989832,Moderate
2023-05-14,10.0,56,167,102.0,221.57142857142856,461.0,198.53333333333333,1796.0,2.76,169.76,74.16999816894531,-1.0802949476173662,2.331495577075656,2.079971090404592,-6.433705929224587,-0.8100051879882812,279417,-0.3255650745021642,2.6699999999999995,2.4033333333333338,-0.6269558723206435,96.11450849762235,4.05516111761548,96.44007357212452,270.25523468974,0.2124652055781745,-100,27.57,27.36285714285714,27.237,27.48788888888889,21.56232602789087,-1.2899999999999991,-3.6899999999999977,0.1258571428571393,14.886363636363637,0.0547290857265705,1,Elevated,88.8140791614711,2014.5,-0.0099246129310115,0.9060210743139409,1.7270085506543964,396.0755615234375,-0.1310055865706871,0.7986161865810262,1.9544283814470376,102.68000030517578,0.6074884983473305,0.4100408580088814,0.5286870165989832,Moderate
2023-05-15,0.0,48,142,100.0,214.8571428571429,459.0,196.9333333333333,1796.0,2.68,144.68,75.2300033569336,1.4291562817269954,2.345762332615058,2.0136615050160467,-5.691354490645361,1.0600051879882812,454605,-0.4291982701525526,2.66,2.426,-0.6145980783555959,97.4620051609252,4.344054063406589,97.89120343107776,246.9152574944844,-0.1036331956503883,100,26.6,27.29,27.238666666666667,27.48211111111111,13.31816597825194,-0.9699999999999988,0.3200000000000003,0.0513333333333321,6.91609977324263,-0.5869973624170244,1,Elevated,79.18786231157819,2018.0,0.1737403822288374,0.8982848656068588,2.488572879634332,397.4419860839844,0.3449908788341282,0.7596394540887426,0.8842589192785244,102.43000030517578,-0.2434748726694358,0.4074299246983019,-0.0780429513096425,Moderate
2023-05-16,1.0,38,138,88.0,208.14285714285717,456.0,195.4333333333333,1680.0,2.5,140.5,74.91000366210938,-0.4253617978799751,1.9827208911738448,2.01061500876738,-11.797947258992023,-0.3199996948242187,489071,-0.5720540431985138,2.62,2.4436666666666667,-0.6035782405347215,99.29100663082482,3.587877414953022,99.86306067402334,243.9509380889764,-0.1428557730459612,100,25.6,27.11285714285714,27.220333333333333,27.428999999999995,12.714278865229808,-1.0,-0.0300000000000011,-0.1074761904761913,1.244343891402715,-1.232872269772293,1,Elevated,77.60776310078589,1988.4000244140625,-1.4667976008888806,0.9321181986229122,0.2268259460972199,394.7860412597656,-0.6682597504073295,0.7671396065568735,-0.1703293942988848,102.55999755859376,0.1269132607933709,0.4006263764106923,0.4603793099840603,Moderate
2023-05-17,1.0,68,249,84.0,200.14285714285717,454.0,196.56666666666663,1676.0,2.42,251.42,76.95999908447266,2.736611029429437,2.062948926506545,2.031665958363285,-9.394870647005693,2.049995422363281,492926,-0.6502628780085018,2.591428571428572,2.4563333333333333,-0.597812398166144,99.93321127991446,5.739047020636551,100.58347415792296,357.7425211785595,-0.0782088348099879,100,27.56,27.147142857142857,27.242666666666665,27.407444444444444,11.19104417404994,1.9599999999999973,2.9599999999999973,-0.095523809523808,15.011286681715577,0.1039843534632435,1,Elevated,122.9803136398392,1980.699951171875,-0.3872497056751189,0.8609315924994898,-2.0522204036228286,399.5782775878906,1.2138819074841043,0.7908547750905678,1.6052037608894842,102.87999725341795,0.3120121903682715,0.3923756566337906,1.2698109676436695,Moderate
2023-05-18,162.0,53,186,238.0,188.14285714285717,616.0,197.46666666666667,1815.0,2.6,188.6,75.86000061035156,-1.4293119636263452,2.071706893271433,2.031809028865455,-10.742437325451448,-1.0999984741210938,470956,-0.5566005903780973,2.608571428571429,2.475,-0.5887930781251043,100.0,4.575262589442923,100.5566005903781,293.731863179821,0.0936622876304045,-100,30.56,27.60142857142857,27.412333333333333,27.430333333333333,44.46831143815203,3.0,1.0400000000000027,0.1890952380952413,48.1981981981982,2.0863918815756977,1,Elevated,97.3814251538528,1956.5,-1.2217878410890617,0.8864345713380641,-3.186700165077916,403.4275207519531,0.9633264318818836,0.8053701080518184,2.853304000129464,103.58000183105467,0.6804088222440718,0.4076807052149569,1.698579659157451,Moderate
2023-05-19,1.0,55,187,235.0,184.7142857142857,611.0,196.8,1815.0,2.58,189.58,75.58000183105469,-0.3690993633589157,2.069465171419609,2.031102052126358,-11.20770748084876,-0.279998779296875,460822,-0.5896345499074538,2.607142857142857,2.4930000000000003,-0.5824409184311007,99.97966211089604,3.5593352828634006,100.56929666080347,293.7086319436669,-0.0330339595293565,-100,28.44,27.884285714285717,27.466,27.425111111111114,42.56516979764679,-2.119999999999997,-5.119999999999997,0.4182857142857124,23.820224719101123,0.6785648234465004,1,Elevated,97.36959344530608,1978.699951171875,1.1346767785266998,0.9120285784941068,-1.65018504097173,402.8404846191406,-0.145512168262174,0.8045836789081495,2.304547581970384,103.1999969482422,-0.3668708979483459,0.4147402636233079,1.3553302470576511,Moderate
2023-05-20,18.0,101,260,193.0,189.8571428571429,629.0,199.9,1830.0,2.59,262.59,75.58000183105469,-0.3690993633589157,2.069465171419609,2.031102052126358,-11.20770748084876,-0.279998779296875,296184,-0.4878672463144868,2.59,2.5096666666666665,-0.5774569142066371,98.40854257074672,3.5593352828634006,98.89640981706124,365.0457450999246,0.1017673035929669,-100,28.28,27.801428571428573,27.514,27.43155555555556,14.008836517964832,-0.1600000000000001,1.9599999999999973,0.287428571428574,23.094170403587444,0.5663524451823897,1,Elevated,126.2390160765576,1978.699951171875,1.1346767785266998,0.9120285784941068,-1.65018504097173,402.8404846191406,-0.145512168262174,0.8045836789081495,2.304547581970384,103.1999969482422,-0.3668708979483459,0.4147402636233079,1.3553302470576511,Moderate
2023-05-21,10.0,51,150,193.0,187.42857142857144,639.0,199.9,1838.0,2.57,152.57,75.58000183105469,-0.3690993633589157,2.069465171419609,2.031102052126358,-11.20770748084876,-0.279998779296875,270868,-0.5584380110569988,2.5628571428571427,2.5256666666666665,-0.5764224539521615,96.86440457797354,3.5593352828634006,97.42284258903054,253.55217787189395,-0.0705707647425119,-100,26.53,27.652857142857147,27.545,27.405555555555555,12.15285382371256,-1.75,-1.59,0.1078571428571457,6.375838926174497,-0.5863862466840346,1,Elevated,81.93630263095147,1978.699951171875,1.1346767785266998,0.9120285784941068,-1.65018504097173,402.8404846191406,-0.145512168262174,0.8045836789081495,2.304547581970384,103.1999969482422,-0.3668708979483459,0.4147402636233079,1.3553302470576511,Moderate
2023-05-22,6.0,91,283,199.0,207.57142857142856,632.0,202.06666666666663,1844.0,2.81,285.81,75.98999786376953,0.5424662910584743,2.0712817490313387,2.0023698925972324,-9.729154682484232,0.4099960327148437,438418,-0.5544394599592395,2.5814285714285714,2.5476666666666667,-0.5747031293167042,98.05089621306784,3.586663508338236,98.60533567302708,388.0019991813653,0.0039985510977592,100,27.82,27.827142857142857,27.57,27.421666666666663,13.219992755488798,1.2899999999999991,3.039999999999999,0.2571428571428562,17.410714285714285,0.2673992888395091,1,Elevated,135.47973253794072,1974.800048828125,-0.1970941749627197,0.8894733067126089,-0.7189144303116346,403.0041198730469,0.0406203597091092,0.8046007533710356,2.241152329390572,103.1999969482422,0.0,0.3930784893010843,0.6044015462278951,Moderate
2023-05-23,2.0,63,216,200.0,218.7142857142857,634.0,204.16666666666663,1817.0,2.94,218.94,76.83999633789062,1.1185662561077114,2.0544258591255447,1.998056131739613,-10.24413527617767,0.8499984741210938,465778,-0.659092227414245,2.644285714285714,2.5763333333333334,-0.5759752107114527,99.58469701788168,4.197405642851023,100.24378924529591,323.3811948881469,-0.1046527674550055,100,27.35,28.077142857142857,27.619333333333334,27.39988888888889,12.623263837275026,-0.4699999999999988,-1.759999999999998,0.457809523809523,13.585746102449887,-0.0337999351564332,1,Elevated,109.3037201061996,1972.4000244140625,-0.1215325275835788,0.8763365586660034,-1.6161224872775382,398.4812927246094,-1.1222781419361838,0.8338916192637574,1.0665857768748177,103.48999786376952,0.2810086473866713,0.3886871208552813,1.2622318532755417,Moderate
2023-05-24,90.0,51,176,289.0,208.28571428571428,720.0,203.1,1837.0,3.01,179.01,78.36000061035156,1.9781420417785744,2.053212641285115,2.003042394783499,-10.271385586428996,1.5200042724609375,495729,-0.566545507035528,2.728571428571428,2.607333333333333,-0.5758609592787363,99.99957743516288,5.058493241706589,100.56612294219842,284.634616183905,0.092546720378717,100,30.16,28.448571428571427,27.73333333333333,27.40411111111111,28.762733601893583,2.8099999999999987,3.2799999999999976,0.7152380952380923,42.77777777777778,1.8577998955698,1,Elevated,93.74062188512232,1962.800048828125,-0.4867154465174605,0.8771909291016223,-2.39196255417784,395.5943603515625,-0.724483790269681,0.8417102750499836,0.7450158253979655,103.88999938964844,0.3865122563877721,0.3682236842606972,2.354679201624066,Moderate
2023-05-25,2.0,50,183,129.0,207.8571428571429,721.0,202.33333333333331,1829.0,2.68,185.68,76.26000213623047,-2.679936776115444,2.0886453832782323,2.0197438270834502,-11.418276942513582,-2.0999984741210938,480668,-0.5732704446715617,2.74,2.625,-0.5745574383756377,99.99002277467966,5.910409853645033,100.56329321935122,292.1537030729963,-0.0067249376360337,-100,29.62,28.314285714285717,27.815,27.416555555555554,30.933624688180167,-0.5399999999999991,-3.349999999999998,0.4992857142857154,35.92017738359202,1.4715680438121863,1,Elevated,96.74882258532828,1943.0999755859373,-1.0036719356079749,0.8395069112935117,-4.810663346555177,399.0201416015625,0.8659833388311,0.8210659292036216,0.2853837325136554,104.20999908447266,0.3080178041237946,0.3547349440972814,3.168000079760813,Moderate
2023-05-26,250.0,64,229,378.0,213.8571428571429,856.0,202.4333333333333,2051.0,3.24,232.24,76.94999694824219,0.9047925422020152,2.098818850911246,2.0198162174045025,-10.844630836650516,0.6899948120117188,450474,-0.6217431569186578,2.834285714285714,2.6533333333333333,-0.5748435217602841,99.62745431917604,4.088074476778313,100.24919747609472,336.57727195287305,-0.048472712247096,-100,32.46,28.888571428571428,27.869333333333334,27.47988888888889,65.44236356123548,2.84,3.379999999999999,1.0192380952380944,74.5575221238938,3.137833458512375,1,Elevated,114.58106928593028,1944.0999755859373,0.0514641558625239,0.7718237498532684,-2.901806862592915,404.1877136230469,1.2950654572832176,0.8519678374634061,1.8328872968760512,104.20999908447266,0.0,0.3457030911726405,2.619395325236073,Moderate
2023-05-27,5.0,81,240,365.0,211.0,857.0,203.36666666666667,2056.0,3.14,243.14,76.94999694824219,0.9047925422020152,2.098818850911246,2.0198162174045025,-10.844630836650516,0.6899948120117188,285920,-0.6857631531601511,2.912857142857143,2.676,-0.5803242800593557,97.93465175649246,4.088074476778313,98.6204149096526,345.8484893864309,-0.0640199962414933,-100,30.31,29.178571428571427,27.948666666666664,27.51788888888889,60.32009998120747,-2.150000000000002,-4.990000000000002,1.2299047619047627,45.143487858719645,1.7304070830865217,1,Elevated,118.61531277264184,1944.0999755859373,0.0514641558625239,0.7718237498532684,-2.901806862592915,404.1877136230469,1.2950654572832176,0.8519678374634061,1.8328872968760512,104.20999908447266,0.0,0.3457030911726405,2.619395325236073,Moderate
2023-05-28,113.0,75,234,468.0,223.0,964.0,204.9333333333333,2168.0,3.48,237.48,76.94999694824219,0.9047925422020152,2.098818850911246,2.0198162174045025,-10.844630836650516,0.6899948120117188,264852,-0.5070621904308726,3.0428571428571423,2.707666666666667,-0.5796258955670235,96.17200079129178,4.088074476778313,96.67906298172264,338.24713745850096,0.1787009627292785,-100,31.57,29.898571428571422,28.131666666666668,27.57477777777778,35.89350481364639,1.2600000000000016,3.410000000000004,1.7669047619047582,65.63876651982379,2.3996426709897314,1,Elevated,115.96304238705584,1944.0999755859373,0.0514641558625239,0.7718237498532684,-2.901806862592915,404.1877136230469,1.2950654572832176,0.8519678374634061,1.8328872968760512,104.20999908447266,0.0,0.3457030911726405,2.619395325236073,Moderate
2023-05-29,0.0,70,228,462.0,215.14285714285717,960.0,206.3,2156.0,3.36,231.36,76.94999694824219,0.9047925422020152,2.098818850911246,2.0198162174045025,-10.844630836650516,0.6899948120117188,377593,-0.5357845611588592,3.1214285714285714,2.737,-0.5789942959106742,96.73476325100728,4.088074476778313,97.27054781216611,332.71862228894446,-0.0287223707279865,100,30.18,30.235714285714288,28.25333333333333,27.61433333333333,33.943611853639936,-1.3900000000000006,-2.650000000000002,1.9823809523809568,43.07692307692308,1.5234070769639767,1,Elevated,113.63333935314456,1944.0999755859373,0.0514641558625239,0.7718237498532684,-2.901806862592915,404.1877136230469,1.2950654572832176,0.8519678374634061,1.8328872968760512,104.20999908447266,0.0,0.3457030911726405,2.619395325236073,Moderate
2023-05-30,101.0,53,171,561.0,208.7142857142857,1059.0,207.13333333333333,2255.0,3.5,174.5,73.54000091552734,-4.431444012932795,2.213027904891319,2.0646158550979967,-13.237377227374049,-3.409996032714844,443979,-0.6798813437336139,3.201428571428572,2.77,-0.5838935681379538,98.0032481150478,7.968209640561519,98.6831294587814,281.1513390993429,-0.1440967825747546,100,33.03,31.04714285714286,28.49,27.68433333333333,32.32048391287378,2.8500000000000014,4.240000000000002,2.557142857142857,80.7017543859649,3.010886366603289,1,Elevated,92.72390974798088,1958.0,0.7149850619113884,0.7834068461419536,-1.8152618623123675,404.3417053222656,0.0380990549758264,0.850151987954685,1.5074654263208531,104.16999816894533,-0.0383849111205925,0.3354578620837962,2.027423825426289,Moderate
2023-05-31,59.0,59,227,530.0,216.0,1118.0,209.1,2296.0,3.5,230.5,72.66000366210938,-1.1966239359022968,2.2153610649731457,2.0578820947959997,-14.285706571332678,-0.8799972534179688,502320,-0.5940442612065258,3.271428571428572,2.805333333333333,-0.5871207251079279,99.05891680668692,4.840555658008711,99.65296106789344,334.99351672590217,0.0858370825270881,100,30.16,31.04714285714286,28.64933333333333,27.73,18.82918541263544,-2.870000000000001,-5.720000000000002,2.3978095238095243,42.4507658643326,1.3607621707258788,1,Elevated,114.06681447678218,1963.9000244140625,0.3013291324853062,0.7746968636332746,-2.1669821396309463,402.0995788574219,-0.5545127883992973,0.8573529949129067,0.8788001914369792,104.31999969482422,0.143996859475437,0.326584343494716,2.5257982258714677,Moderate
2023-06-01,4.0,61,225,532.0,222.0,1121.0,209.83333333333331,2299.0,3.56,228.56,74.27999877929688,2.22955551271502,2.2515016231529263,2.071837101013152,-10.635230600553204,1.6199951171875,487919,-0.4914339936459262,3.397142857142857,2.841666666666667,-0.5851908891611369,99.1915865149857,5.544580195923267,99.68302050863164,333.7876007045549,0.1026102675605995,-100,30.34,31.15,28.72166666666667,27.78633333333333,22.113051337803,0.1799999999999997,3.0500000000000007,2.428333333333331,46.06986899563319,1.4288187092885145,1,Elevated,113.57843618009564,1978.0,0.7179579108230971,0.7807570867407412,-0.8620665393347049,405.9198913574219,0.950091146788945,0.8734499085683394,1.8544514476978025,103.55999755859376,-0.7285296572601241,0.3574556766569563,1.5592785317803948,Moderate
2023-06-02,16.0,51,169,298.0,213.42857142857144,1029.0,206.4333333333333,2308.0,3.01,172.01,76.12999725341797,2.490574184872929,2.273814942321515,2.0775826449258648,-6.128238365243677,1.8499984741210935,448639,-0.5771382104260945,3.364285714285714,2.858,-0.57892623262516,98.78291154059,5.377212963718812,99.3600497510161,276.7472627147349,-0.0857042167801682,-100,28.95,30.648571428571422,28.64333333333333,27.812555555555555,18.32852108390085,-1.3900000000000006,-1.5700000000000005,2.005238095238095,29.193899782135077,0.6365745831284253,1,Elevated,90.82689513569076,1952.4000244140625,-1.2942353683487062,0.8039787427431215,-2.749549304799348,411.7899475097656,1.4461119736492556,0.9007089930652276,3.894332096244258,104.0199966430664,0.4441860711829282,0.3627445735835932,2.1406131024817032,Moderate
2023-06-03,6.0,87,232,299.0,212.28571428571428,954.0,206.1,2311.0,3.03,235.03,76.12999725341797,2.490574184872929,2.273814942321515,2.0775826449258648,-6.128238365243677,1.8499984741210935,286265,-0.8524639878829144,3.3485714285714283,2.8666666666666667,-0.5846429841722984,97.11723138022822,5.377212963718812,97.96969536811112,338.37690833182995,-0.2753257774568199,-100,29.62,30.55,28.68933333333333,27.85833333333333,13.5766288872841,0.6700000000000017,2.0600000000000023,1.8606666666666705,35.54347826086956,0.9898838967078126,1,Elevated,115.75682425910976,1952.4000244140625,-1.2942353683487062,0.8039787427431215,-2.749549304799348,411.7899475097656,1.4461119736492556,0.9007089930652276,3.894332096244258,104.0199966430664,0.4441860711829282,0.3627445735835932,2.1406131024817032,Moderate
2023-06-04,1.0,52,203,187.0,207.8571428571429,954.0,208.2333333333333,2311.0,2.71,205.71,76.12999725341797,2.490574184872929,2.273814942321515,2.0775826449258648,-6.128238365243677,1.8499984741210935,263804,-0.7770938312915417,3.238571428571429,2.8673333333333333,-0.589325404794479,95.46951022544302,5.377212963718812,96.24660405673455,307.3338170204533,0.0753701565913727,-100,28.28,30.08,28.678,27.886111111111116,14.576850782956862,-1.34,-2.0100000000000016,1.402000000000001,23.10195227765727,0.2229989083238302,1,Elevated,103.68420599683444,1952.4000244140625,-1.2942353683487062,0.8039787427431215,-2.749549304799348,411.7899475097656,1.4461119736492556,0.9007089930652276,3.894332096244258,104.0199966430664,0.4441860711829282,0.3627445735835932,2.1406131024817032,Moderate
2023-06-05,2.0,67,270,189.0,213.8571428571429,953.0,210.2333333333333,2312.0,2.74,272.74,76.70999908447266,0.7618571548400288,2.2747996904322565,2.079616591495511,-6.061724657910517,0.5800018310546875,427995,-0.623742284764648,3.15,2.868,-0.6010783324029858,96.3466922250574,3.6428293110633367,96.97043450982206,373.3532638208854,0.1533515465268937,100,27.72,29.728571428571428,28.663,27.88155555555555,11.26675773263447,-0.5600000000000023,0.7799999999999976,1.0655714285714275,16.666666666666664,-0.091469710438795,1,Elevated,129.94721862638977,1958.0,0.2868252159348383,0.7673554303882146,-1.0861328618337995,411.0008850097656,-0.1916177179097533,0.9026021708246028,3.614739342439921,104.0,-0.0192238451372173,0.3627410256095675,2.141033501973766,Moderate
2023-06-06,0.0,75,226,88.0,221.7142857142857,952.0,212.5,2182.0,2.64,228.64,76.29000091552734,-0.5475142405917843,2.2579715739581414,2.0724180347266308,-7.784361392590844,-0.4199981689453125,468676,-0.7531423914837384,3.0271428571428567,2.866,-0.6034078123058099,97.8232120186204,3.58392195380901,98.57635441010412,330.8002763639131,-0.1294001067190904,100,27.96,29.004285714285714,28.688,27.860666666666667,12.047000533595453,0.240000000000002,0.8000000000000043,0.3162857142857156,19.22246220302376,0.0566366338716294,1,Elevated,112.60483966354444,1965.5,0.3830439223697635,0.7652031232790327,-1.186465028183692,411.8958129882813,0.2177435648330394,0.9027615292065584,3.732151128737371,104.12999725341795,0.124997359055734,0.3485591159722244,2.742968743119145,Moderate
2023-06-07,3.0,62,230,32.0,222.14285714285717,953.0,213.86666666666667,2176.0,2.54,232.54,76.94999694824219,0.8651147264313597,2.2300890004840164,2.0732932563279736,-4.729478585600688,0.6599960327148438,473638,-0.6995134868088597,2.89,2.859,-0.6060295760667092,98.07852725824908,3.568151585475445,98.77804074505794,334.8861923305334,0.0536289046748786,100,27.55,28.63142857142857,28.702666666666666,27.840111111111117,11.868144523374394,-0.4100000000000001,-0.6500000000000021,-0.0712380952380904,14.6551724137931,-0.1661145385498607,1,Elevated,114.19886878320176,1942.699951171875,-1.1600126597875904,0.7899289589604637,-2.5727206032158945,410.47161865234375,-0.3457656744808912,0.848315488622186,5.040876286240437,104.0999984741211,-0.0288089696419246,0.3402905117163226,2.1990946891295104,Moderate
2023-06-08,4.0,59,217,32.0,221.0,944.0,214.9333333333333,2175.0,2.53,219.53,75.95999908447266,-1.286546982497505,2.132018769488502,2.067021990876208,-2.226803066763139,-0.9899978637695312,460467,-0.6903128409956263,2.742857142857143,2.850666666666667,-0.6064533819994936,97.89072066398394,3.641246058662321,98.58103350497956,321.7522795636419,0.0092006458132334,-100,27.35,28.204285714285717,28.71966666666667,27.85511111111111,10.34600322906617,-0.1999999999999993,0.2100000000000008,-0.5153809523809549,13.225806451612904,-0.2909227609252659,1,Elevated,108.98470512446085,1963.5999755859373,1.0758235929050786,0.8148556605789101,-1.1129564450507723,412.9543762207031,0.6048548682880295,0.8443757808850297,6.125733493743835,103.33999633789062,-0.7300693058313601,0.3615710353835389,1.8429044000109585,Moderate
2023-06-09,2.0,58,212,18.0,227.14285714285717,941.0,211.83333333333331,1956.0,2.55,214.55,74.79000091552734,-1.5402819682030169,2.1413504611000733,2.072207567284363,-4.568076694639167,-1.1699981689453125,448257,-0.7242801120686801,2.677142857142857,2.8483333333333336,-0.6070723436835356,97.47674015330026,4.138440098767006,98.20102026536894,316.889460364136,-0.0339672710730538,-100,27.58,28.00857142857143,28.72833333333333,27.814,10.76983635536527,0.2299999999999968,0.4299999999999961,-0.7197619047619064,15.879828326180256,-0.1378411516558097,1,Elevated,107.1155800925806,1962.199951171875,-0.0712988608407738,0.8135512017932117,-1.3920334138567525,413.6953430175781,0.1794306682632251,0.7738566046782992,4.24092196061967,103.55999755859376,0.2128906797942864,0.3625601387508376,2.029554244919951,Moderate
2023-06-10,0.0,69,203,12.0,223.0,933.0,209.6,1945.0,2.46,205.46,74.79000091552734,-1.5402819682030169,2.1413504611000733,2.072207567284363,-4.568076694639167,-1.1699981689453125,287697,-0.7454415823515246,2.595714285714286,2.8476666666666666,-0.6087513484384911,95.8876146559258,4.138440098767006,96.6330562382773,306.2314963370443,-0.0211614702828444,-100,27.81,27.75,28.742666666666665,27.810555555555556,11.405807351414222,0.2300000000000004,3.552713678800501e-15,-0.9926666666666648,17.77301927194861,-0.0003273186189969,1,Elevated,103.16598728716228,1962.199951171875,-0.0712988608407738,0.8135512017932117,-1.3920334138567525,413.6953430175781,0.1794306682632251,0.7738566046782992,4.24092196061967,103.55999755859376,0.2128906797942864,0.3625601387508376,2.029554244919951,Moderate
2023-06-11,3.0,64,203,14.0,223.0,932.0,209.33333333333331,1946.0,2.5,205.5,74.79000091552734,-1.5402819682030169,2.1413504611000733,2.072207567284363,-4.568076694639167,-1.1699981689453125,261084,-0.7154095024702177,2.565714285714286,2.8446666666666665,-0.6111749824492712,94.18895878772096,4.138440098767006,94.90436829019116,304.5428083889582,0.0300320798813068,-100,27.65,27.66,28.782333333333334,27.80844444444444,11.150160399406534,-0.1600000000000001,-0.3900000000000005,-1.1223333333333336,16.45299145299145,-0.0933468084539412,1,Elevated,102.83624969754504,1962.199951171875,-0.0712988608407738,0.8135512017932117,-1.3920334138567525,413.6953430175781,0.1794306682632251,0.7738566046782992,4.24092196061967,103.55999755859376,0.2128906797942864,0.3625601387508376,2.029554244919951,Moderate
2023-06-12,50.0,66,176,62.0,209.57142857142856,922.0,207.7333333333333,1987.0,2.53,178.53,71.83999633789062,-3.944383662956019,2.227333615236901,2.102474869613085,-9.680669460658208,-2.9500045776367188,432291,-0.5846518131265045,2.5357142857142856,2.8386666666666667,-0.61272903355081,95.21255950338929,7.139784224258741,95.79721131651576,281.4669955407745,0.1307576893437132,100,30.61,28.072857142857146,28.840666666666664,27.837,20.353788446718568,2.960000000000001,3.120000000000001,-0.7678095238095217,51.1727078891258,1.6096434444449552,1,Elevated,93.42735595300668,1955.300048828125,-0.3516411433824196,0.8154079749912944,-1.7486521875649252,417.4483337402344,0.9071870848922804,0.775619670957412,4.296396884439013,103.62999725341795,0.067593372416419,0.3620698392952988,1.927804779946696,Moderate
2023-06-13,2.0,63,217,64.0,208.28571428571428,914.0,209.4,1979.0,2.49,219.49,74.29000091552734,3.410362893273855,2.3288900891238224,2.134110561536131,-6.329588699530175,2.4500045776367188,480006,-0.6636821484904388,2.5142857142857147,2.8296666666666668,-0.6239996026837525,96.78222354243302,6.372211852350695,97.44590569092344,323.30811754327414,-0.0790303353639343,100,29.75,28.32857142857143,28.91333333333333,27.848777777777777,20.39515167681967,-0.8599999999999994,-3.82,-0.5847619047619048,38.51063829787234,1.0975536731984346,1,Elevated,109.83406587912498,1944.5999755859373,-0.5472343361623944,0.818810262363275,-1.9562392029105369,420.2005615234375,0.6592978246059422,0.7797751075639171,5.090140893014161,103.33999633789062,-0.2798426355432371,0.3588783513848578,1.164948403559496,Moderate
2023-06-14,142.0,73,271,203.0,214.14285714285717,1056.0,213.7,2115.0,2.83,273.83,73.19999694824219,-1.4672283670107422,2.158154386448134,2.120889338752084,-2.8146611194525994,-1.0900039672851562,483300,-0.6831424531311251,2.5557142857142856,2.8346666666666667,-0.6324644087830382,97.00676980170128,3.906848865404136,97.6899122548324,375.4267611202365,-0.0194603046406862,100,31.71,28.92285714285714,29.083666666666662,27.895555555555557,41.49730152320343,1.9600000000000009,2.8200000000000003,-0.1608095238095259,68.04670912951167,2.1442393058275964,1,Elevated,130.63272199712813,1955.300048828125,0.550245468298094,0.769206683870003,-2.929057169726268,420.7009887695313,0.1190924743839971,0.7407794386804368,6.41126988264642,103.01000213623048,-0.3193286368824433,0.3625703341388912,1.029818616306466,Moderate
2023-06-15,7.0,71,294,206.0,225.14285714285717,1062.0,218.9,2111.0,2.93,296.93,75.66999816894531,3.3743187481955816,2.116975567166723,2.1470182519196976,4.617719139136822,2.470001220703125,478335,-0.6567735949445644,2.6128571428571425,2.849,-0.6352883938412399,96.92275765186666,5.953066229275987,97.57953124681124,400.4625974760872,0.0263688581865606,-100,31.28,29.48428571428571,29.273,27.942666666666664,38.1318442909328,-0.4299999999999997,-2.390000000000001,0.2112857142857116,62.07627118644068,1.8419443789502357,1,Elevated,140.66913274107264,1957.800048828125,0.1278576145639753,0.7553896735201603,-3.490088120372903,425.9165649414063,1.2397347073344278,0.7438724669111074,8.475061848915333,102.12000274658205,-0.863993176576594,0.380770667118564,0.7696925566196944,Moderate
2023-06-16,4.0,55,226,208.0,227.14285714285717,1065.0,218.13333333333333,1920.0,2.93,228.93,76.61000061035156,1.2422392812902583,2.1259727582947607,2.121115595279592,5.668966359105609,0.94000244140625,445411,-0.6149070189853486,2.667142857142857,2.866,-0.6341098652071349,96.55093972159553,3.93510867549558,97.16584674058086,330.03095541607644,0.0418665759592158,-100,27.79,29.51428571428572,29.28066666666667,27.899111111111107,10.80933287979608,-3.490000000000002,-3.0600000000000023,0.2336190476190474,17.758985200845668,-0.0617553107589085,1,Elevated,112.5792128183144,1958.4000244140625,0.0306453964130204,0.7285230846555776,-4.3749988079071045,424.4658508300781,-0.3406099294418596,0.7300261176184348,8.876766853499184,102.3000030517578,0.1762635138411239,0.381718462304956,0.8875754559522386,Moderate
2023-06-17,8.0,101,312,216.0,242.7142857142857,911.0,222.33333333333331,1922.0,3.12,315.12,76.61000061035156,1.2422392812902583,2.1259727582947607,2.121115595279592,5.668966359105609,0.94000244140625,280193,-0.6949095967502322,2.761428571428572,2.8833333333333333,-0.6387201654195394,95.05816683235382,3.93510867549558,95.75307642910406,414.80818510459966,-0.0800025777648836,-100,29.01,29.685714285714287,29.229,27.900222222222222,13.100012888824416,1.2200000000000024,4.710000000000004,0.4567142857142876,31.0126582278481,0.6278785879930884,1,Elevated,146.77265875601904,1958.4000244140625,0.0306453964130204,0.7285230846555776,-4.3749988079071045,424.4658508300781,-0.3406099294418596,0.7300261176184348,8.876766853499184,102.3000030517578,0.1762635138411239,0.381718462304956,0.8875754559522386,Moderate
2023-06-18,11.0,83,288,224.0,254.8571428571429,921.0,225.7,1931.0,3.26,291.26,76.61000061035156,1.2422392812902583,2.1259727582947607,2.121115595279592,5.668966359105609,0.94000244140625,259964,-0.7266856825316989,2.87,2.906,-0.6432885365070142,93.48639779439937,3.93510867549558,94.21308347693105,389.4081921524266,-0.0317760857814666,-100,28.54,29.812857142857144,29.232333333333333,27.929555555555552,12.158880428907333,-0.4700000000000024,-1.6900000000000048,0.580523809523811,25.894736842105264,0.3476724826667909,1,Elevated,136.92066016558445,1958.4000244140625,0.0306453964130204,0.7285230846555776,-4.3749988079071045,424.4658508300781,-0.3406099294418596,0.7300261176184348,8.876766853499184,102.3000030517578,0.1762635138411239,0.381718462304956,0.8875754559522386,Moderate
2023-06-19,0.0,71,238,174.0,263.7142857142857,903.0,224.96666666666667,1931.0,3.22,241.22,76.61000061035156,1.2422392812902583,2.1259727582947607,2.121115595279592,5.668966359105609,0.94000244140625,406345,-0.6181803622291567,2.968571428571429,2.927,-0.6476323070375032,94.3484378873511,3.93510867549558,94.96661824958024,340.1217269250758,0.1085053203025421,100,28.16,29.46285714285714,29.22833333333333,27.94922222222222,13.142526601512706,-0.379999999999999,0.0900000000000034,0.2345238095238038,21.84873949579832,0.1205642121016522,1,Elevated,117.05536712011428,1958.4000244140625,0.0306453964130204,0.7285230846555776,-4.3749988079071045,424.4658508300781,-0.3406099294418596,0.7300261176184348,8.876766853499184,102.3000030517578,0.1762635138411239,0.381718462304956,0.8875754559522386,Moderate
2023-06-20,0.0,74,245,172.0,267.7142857142857,893.0,228.13333333333333,1917.0,3.27,248.27,75.9000015258789,-0.9267707594518892,2.019077002592997,2.1147254939598468,0.7968106903112337,-0.7099990844726562,465644,-0.6239473601096586,3.08,2.950333333333333,-0.6498159520059251,95.87261360420888,3.02552883107601,96.49656096431852,347.79208979539453,-0.0057669978805018,100,27.57,29.15142857142857,29.263,27.957555555555555,10.528834989402508,-0.5899999999999999,-0.2100000000000008,-0.1115714285714268,15.30398322851153,-0.2221455224273121,1,Elevated,119.81752372529412,1935.5,-1.1693231274807592,0.7099807480126666,-4.059681938283399,422.2637023925781,-0.518804618367652,0.6814731387874604,6.343208188943894,102.54000091552734,0.2346020103715096,0.3812002004970439,1.314101218343677,Moderate
2023-06-21,280.0,84,311,310.0,273.42857142857144,1167.0,229.06666666666663,2192.0,3.6,314.6,77.12000274658203,1.6073797051073146,1.9973842067123504,2.1214257008582,0.1428393809897121,1.220001220703125,472724,-0.5918090946710024,3.1900000000000004,2.9766666666666666,-0.6510616064963172,96.14106748016135,3.619047849918637,96.73287657483236,414.951924424751,0.0321382654386561,100,33.75,29.442857142857147,29.46066666666667,28.028333333333336,69.46069132719327,6.18,6.77,-0.0178095238095217,85.98326359832636,3.097631369241852,1,Elevated,146.63419445493395,1933.300048828125,-0.1136631966868972,0.7016154304451114,-4.58964604248936,420.10009765625,-0.5123823629805235,0.6934062213496435,5.770132844251563,102.06999969482422,-0.4583589004356625,0.3913310397539819,0.6905365781552986,Moderate
2023-06-22,8.0,77,277,311.0,271.0,1173.0,231.1,2200.0,3.61,280.61,74.13999938964844,-3.864112099069738,2.11625579787551,2.1439452609455056,-4.261367442820918,-2.9800033569335938,458246,-0.6154358392729637,3.2871428571428574,2.999,-0.6496063935582744,96.08212751066117,6.40650464122734,96.69756334993411,383.7140679911615,-0.0236267446019613,-100,32.2,29.574285714285715,29.622333333333337,28.10111111111111,64.6181337230098,-1.5499999999999972,-7.729999999999997,-0.0480476190476224,72.96450939457203,2.179014594221465,1,Elevated,134.14611452647776,1912.699951171875,-1.065540637043738,0.7098529112866401,-6.065219672013211,421.6165466308594,0.3609732497254159,0.6837331979809649,6.619500701894387,102.38999938964844,0.313510037994491,0.3924326857632866,0.737898469602305,Moderate
2023-06-23,5.0,63,216,312.0,269.57142857142856,1088.0,232.4333333333333,2205.0,3.63,219.63,73.8499984741211,-0.3911531129144219,2.104705148991944,2.143666638931684,-3.350353442343512,-0.2900009155273437,419917,-0.7049579187663925,3.387142857142857,3.0196666666666667,-0.6542201406159699,95.48887778047664,2.830893606140717,96.19383569924302,318.65472930538374,-0.0895220794934287,-100,27.87,29.58571428571429,29.546,28.116666666666667,11.247610397467144,-4.330000000000002,-2.7800000000000047,0.0397142857142895,18.75,-0.1316814986926245,1,Elevated,108.22312458230488,1919.0999755859373,0.334606816408467,0.7164791793568629,-5.486334617781951,418.4291076660156,-0.7560042389973987,0.7044041786669506,5.321357196808529,102.9000015258789,0.4980976064758335,0.4000856961912986,1.3992886499528234,Moderate
2023-06-24,49.0,84,279,353.0,264.85714285714283,1135.0,235.63333333333333,2254.0,3.64,282.64,73.8499984741211,-0.3911531129144219,2.104705148991944,2.143666638931684,-3.350353442343512,-0.2900009155273437,282450,-0.9394846954121728,3.4614285714285717,3.0516666666666667,-0.6664272823073236,93.93776746789132,2.830893606140717,94.8772521633035,380.34814576944416,-0.2345267766457803,-100,29.88,29.71,29.55466666666667,28.152888888888885,20.072633883228903,2.009999999999998,6.34,0.1553333333333313,41.16424116424117,0.9209007632344114,1,Elevated,133.163807875117,1919.0999755859373,0.334606816408467,0.7164791793568629,-5.486334617781951,418.4291076660156,-0.7560042389973987,0.7044041786669506,5.321357196808529,102.9000015258789,0.4980976064758335,0.4000856961912986,1.3992886499528234,Moderate
2023-06-25,1.0,59,213,343.0,254.14285714285717,886.0,235.1,2248.0,3.49,216.49,73.8499984741211,-0.3911531129144219,2.104705148991944,2.143666638931684,-3.350353442343512,-0.2900009155273437,264438,-0.6607106976825654,3.494285714285714,3.0600000000000005,-0.6677262003327873,92.48198465244512,2.830893606140717,93.14269535012768,312.4635889562684,0.2787739977296074,-100,28.11,29.648571428571437,29.409666666666663,28.158555555555555,22.49386998864804,-1.7699999999999996,-3.7799999999999976,0.2389047619047666,21.57676348547718,-0.0259026596363416,1,Elevated,106.35689651248182,1919.0999755859373,0.334606816408467,0.7164791793568629,-5.486334617781951,418.4291076660156,-0.7560042389973987,0.7044041786669506,5.321357196808529,102.9000015258789,0.4980976064758335,0.4000856961912986,1.3992886499528234,Moderate
2023-06-26,4.0,85,312,347.0,264.7142857142857,885.0,237.5,2165.0,3.6,315.6,74.18000030517578,0.4468542151295107,2.0795261404564527,2.1417265693711984,-1.0669552093102608,0.3300018310546875,426124,-0.6079327456715984,3.5485714285714285,3.075333333333333,-0.6651318534165023,93.579119475043,2.633075876516989,94.1870522207146,412.4201280972316,0.052777952010967,100,27.95,29.618571428571432,29.331000000000003,28.156,11.963889760054832,-0.1600000000000001,1.6099999999999994,0.2875714285714288,20.082815734989648,-0.1098862063634675,1,Elevated,146.13064079474972,1923.699951171875,0.2396944215755647,0.7115260792023287,-4.5168016183783966,416.7195129394531,-0.4085745220017256,0.7096913440810891,5.074290748066135,102.69000244140624,-0.204080739901491,0.3899603243448403,0.6172887496404433,Moderate
2023-06-27,0.0,48,168,347.0,253.7142857142857,772.0,235.3,2063.0,3.46,171.46,72.26000213623047,-2.5882962537698284,2.1239231351096857,2.157258703408689,-2.575159875781896,-1.9199981689453125,466059,-0.6382763922724385,3.575714285714286,3.0746666666666664,-0.6695056601445545,95.15361953388908,4.969735376457704,95.79189592616152,272.22163130261924,-0.0303436466008401,100,27.78,29.648571428571422,29.204666666666665,28.163,12.351718233004204,-0.1699999999999981,-0.009999999999998,0.4439047619047613,17.458677685950413,-0.2045893879934884,1,Elevated,89.7302733358154,1914.0,-0.5042341018913099,0.7138542833666346,-4.988830975428149,421.28814697265625,1.0963331188829972,0.7270504591187763,6.365599874994254,102.48999786376952,-0.1947653840507435,0.3756161685809394,-0.1850432809130775,Moderate
2023-06-28,7.0,54,208,74.0,239.0,779.0,234.63333333333333,2061.0,2.75,210.75,74.02999877929688,2.4494832420977053,2.156592625659943,2.174697808911076,-1.59511434811882,1.7699966430664062,464430,-0.5433397945822338,3.454285714285714,3.054333333333333,-0.669757501258667,95.83314291831414,4.7655873025695294,96.37648271289638,311.89207001546595,0.0949365976902046,-100,27.87,28.808571428571437,29.127666666666663,28.153777777777773,18.974682988451026,0.0899999999999998,0.259999999999998,-0.3190952380952332,18.8659793814433,-0.1516383622137876,1,Elevated,105.4815314636071,1912.300048828125,-0.0888166756465524,0.7111246785375537,-5.237856846971011,421.5006103515625,0.0504318434859873,0.7271321312835288,6.053367563057166,102.91000366210938,0.4098017436765966,0.3802514306809194,0.4686159870189277,Moderate
2023-06-29,3.0,59,232,69.0,232.57142857142856,681.0,236.66666666666663,2063.0,2.66,234.66,74.33999633789062,0.4187458647918252,2.156776379240716,2.1605337538888643,-0.760922835873612,0.30999755859375,450740,-0.5604547355794841,3.3185714285714285,3.026333333333333,-0.6657766143201959,95.8860496009736,2.6516145276199024,96.44650433655308,333.75811886417296,-0.0171149409972503,-100,26.43,27.98428571428571,28.907666666666668,28.15533333333333,11.78557470498625,-1.4400000000000013,-1.5300000000000011,-0.9233809523809562,5.1440329218107,-0.9226862645123758,1,Elevated,114.21394667835858,1909.199951171875,-0.1621135583900534,0.6681015879864507,-3.9831056261189657,423.161865234375,0.3941287015994721,0.7091027199671531,7.187646220738175,103.33999633789062,0.4178336998150955,0.3868228167256825,0.7605292490878268,Moderate
2023-06-30,3.0,44,172,67.0,226.28571428571428,625.0,234.83333333333331,2066.0,2.56,174.56,74.9000015258789,0.7533026843893564,2.0995470016320263,2.1623428367225634,-2.676712036252316,0.5600051879882812,436145,-0.6135961922087677,3.165714285714286,2.995,-0.6664283453536038,95.36821204366126,3.120520889646614,95.98180823587003,273.66232912551664,-0.0531414566292836,-100,25.95,27.71,28.767333333333333,28.15088888888889,11.26570728314642,-0.4800000000000004,0.9600000000000009,-1.0573333333333323,2.6694045174537986,-1.1739884515913943,1,Elevated,90.26857000303266,1921.0999755859373,0.623299011020717,0.6802182577066233,-3.009036050648428,428.1554870605469,1.1800736872652928,0.7075169372164112,7.151842598943703,102.91000366210938,-0.4160951142046731,0.3910760211884279,0.0291664166917726,Moderate
2023-07-01,4.0,59,188,22.0,213.28571428571428,625.0,233.6,2070.0,2.33,190.33,74.9000015258789,0.7533026843893564,2.0995470016320263,2.1623428367225634,-2.676712036252316,0.5600051879882812,277569,-0.7159969394743444,2.9785714285714286,2.954,-0.6739137768812179,93.72216549767496,3.120520889646614,94.4381624371493,287.888683326796,-0.1024007472655766,-100,26.33,27.20285714285714,28.633666666666667,28.15655555555556,13.012003736327884,0.379999999999999,0.8599999999999994,-1.4308095238095255,4.713114754098361,-0.9776323231184526,1,Elevated,96.26784084328852,1921.0999755859373,0.623299011020717,0.6802182577066233,-3.009036050648428,428.1554870605469,1.1800736872652928,0.7075169372164112,7.151842598943703,102.91000366210938,-0.4160951142046731,0.3910760211884279,0.0291664166917726,Moderate
2023-07-02,4.0,39,138,25.0,202.57142857142856,613.0,232.56666666666663,2071.0,2.23,140.23,74.9000015258789,0.7533026843893564,2.0995470016320263,2.1623428367225634,-2.676712036252316,0.5600051879882812,245685,-0.8284201699254847,2.7985714285714285,2.9279999999999995,-0.6822898421978643,92.13399468382131,3.120520889646614,92.9624148537468,236.31293574339344,-0.1124232304511403,-100,25.57,26.840000000000003,28.521,28.11133333333333,11.562116152255705,-0.759999999999998,-1.139999999999997,-1.6809999999999974,1.0224948875255624,-1.3508761461930083,1,Elevated,75.93269132660801,1921.0999755859373,0.623299011020717,0.6802182577066233,-3.009036050648428,428.1554870605469,1.1800736872652928,0.7075169372164112,7.151842598943703,102.91000366210938,-0.4160951142046731,0.3910760211884279,0.0291664166917726,Moderate
2023-07-03,2.0,81,242,23.0,192.57142857142856,609.0,232.9,2070.0,2.16,244.16,74.6500015258789,-0.3337783643617475,2.084544160947291,2.1409625774926204,-1.595042281488657,-0.25,403018,-0.6815453609960282,2.592857142857143,2.8990000000000005,-0.676592554634968,93.0476189879979,2.577826753457904,93.72916434899392,340.46699110245186,0.1468748089294564,100,26.52,26.635714285714283,28.41766666666667,28.115222222222226,11.83437404464728,0.9499999999999992,1.7099999999999973,-1.7819523809523865,6.530612244897959,-0.8496305292081443,1,Elevated,117.44096357118195,1921.699951171875,0.0312308361648083,0.646570711840466,-1.7786889255366756,428.6481628417969,0.1150693605802999,0.6941445081171771,6.25159187029054,102.98999786376952,0.0777321920255813,0.3699168545456134,-0.5696118525345129,Moderate
2023-07-04,0.0,63,176,23.0,193.7142857142857,608.0,232.0,1950.0,2.21,178.21,74.6500015258789,-0.3337783643617475,2.084544160947291,2.1409625774926204,-1.595042281488657,-0.25,417533,-0.7354727819126929,2.414285714285714,2.8823333333333334,-0.6752051863223397,94.25059065173896,2.577826753457904,94.98606343365164,275.77389018710954,-0.0539274209166646,100,26.01,26.382857142857144,28.342,28.05444444444444,11.16963710458332,-0.509999999999998,-1.4599999999999973,-1.9591428571428544,3.2586558044806515,-1.101644112408405,1,Elevated,91.3123433881135,1921.699951171875,0.0312308361648083,0.646570711840466,-1.7786889255366756,428.6481628417969,0.1150693605802999,0.6941445081171771,6.25159187029054,102.98999786376952,0.0777321920255813,0.3699168545456134,-0.5696118525345129,Moderate
2023-07-05,1.0,99,318,17.0,209.42857142857144,607.0,233.6,1946.0,2.41,320.41,76.6500015258789,2.679169402704784,2.141093860147372,2.149520401245931,1.4157180059561458,2.0,437506,-0.7310628224785292,2.3657142857142857,2.8713333333333333,-0.6787825375794692,94.32501683999128,4.961835063447771,95.0560796624698,420.4279147259176,0.0044099594341637,100,28.43,26.46285714285714,28.365666666666662,28.044444444444444,12.222049797170822,2.419999999999998,2.929999999999996,-1.9028095238095268,26.82926829268293,0.2082642190234307,1,Elevated,149.1599499578731,1919.5999755859373,-0.1092769755578593,0.6060804382472965,-2.9868083612644702,428.01068115234375,-0.1487190998852861,0.6942005384341894,6.248179488960726,103.37000274658205,0.3689726096655965,0.3704079151353339,0.1647343055882988,Moderate
2023-07-06,2.0,60,186,16.0,202.8571428571429,609.0,232.26666666666668,1946.0,2.38,188.38,76.5199966430664,-0.1696084543046039,2.139612412875049,2.145670941290986,0.6974586053378085,-0.1300048828125,459376,-0.6724875710158736,2.325714285714286,2.862666666666667,-0.6760940435638736,94.25224178471356,2.3789667277134336,94.92472935572944,285.6836960834429,0.0585752514626555,100,25.91,26.38857142857143,28.29733333333333,28.03677777777778,10.79287625731328,-2.52,-4.939999999999998,-1.9087619047618996,2.636916835699797,-1.1442018138519423,1,Elevated,95.28853256223124,1908.699951171875,-0.5678279096005601,0.6118959885166341,-3.34717925976733,424.6590270996094,-0.7830771988471485,0.716828255677068,5.373371178782027,103.16999816894533,-0.1934841562566625,0.3721988364296941,-0.0290685854495875,Moderate
2023-07-07,2.0,50,193,15.0,205.8571428571429,608.0,231.03333333333333,1946.0,2.41,195.41,78.47000122070312,2.5483594657389697,2.179886104248296,2.1616097641893792,2.121297449891646,1.9500045776367188,441486,-0.7131641150033238,2.3042857142857147,2.8583333333333334,-0.676549064503689,94.00064355059637,4.94037531497643,94.71380766559967,295.0641829805761,-0.0406765439874501,-100,26.9,26.524285714285718,28.27566666666667,28.02777777777778,10.503382719937251,0.9899999999999984,3.509999999999998,-1.7513809523809556,10.728744939271255,-0.6055829059089152,1,Elevated,99.08291165911052,1926.199951171875,0.9168544269755774,0.6400369489826642,-2.3423277565569944,423.5869445800781,-0.2524572542007441,0.6790552103484013,6.300333871085706,102.2699966430664,-0.8723481068644734,0.4006212180687236,-1.1788590645340324,Moderate
2023-07-08,6.0,78,210,17.0,209.0,610.0,230.8,1949.0,2.49,212.49,78.47000122070312,2.5483594657389697,2.179886104248296,2.1616097641893792,2.121297449891646,1.9500045776367188,275047,-0.7525697726017346,2.327142857142857,2.857,-0.678624295557226,92.54968110440294,4.94037531497643,93.30225087700468,310.7326261919811,-0.0394056575984108,-100,27.87,26.74428571428572,28.293000000000003,28.03677777777778,11.797028287992056,0.9700000000000024,-0.019999999999996,-1.5487142857142864,20.2020202020202,-0.0896882875477625,1,Elevated,105.63260030139152,1926.199951171875,0.9168544269755774,0.6400369489826642,-2.3423277565569944,423.5869445800781,-0.2524572542007441,0.6790552103484013,6.300333871085706,102.2699966430664,-0.8723481068644734,0.4006212180687236,-1.1788590645340324,Moderate
2023-07-09,0.0,50,165,13.0,212.8571428571429,608.0,229.2333333333333,1949.0,2.53,167.53,78.47000122070312,2.5483594657389697,2.179886104248296,2.1616097641893792,2.121297449891646,1.9500045776367188,247213,-0.7769166722701205,2.37,2.856333333333333,-0.6803788475639407,90.97645656534291,4.94037531497643,91.75337323761303,264.2237485525894,-0.0243468996683858,-100,26.97,26.944285714285712,28.272666666666662,28.04077777777778,11.721734498341926,-0.9000000000000021,-1.8700000000000043,-1.3283809523809538,11.088709677419354,-0.5766764915118486,1,Elevated,87.33882477351318,1926.199951171875,0.9168544269755774,0.6400369489826642,-2.3423277565569944,423.5869445800781,-0.2524572542007441,0.6790552103484013,6.300333871085706,102.2699966430664,-0.8723481068644734,0.4006212180687236,-1.1788590645340324,Moderate
2023-07-10,0.0,53,166,11.0,202.0,608.0,228.0,1949.0,2.39,168.39,77.69000244140625,-0.994008878760011,2.158695973741157,2.1555717878082925,-0.8550257321677468,-0.779998779296875,409748,-0.614199661875954,2.402857142857143,2.854,-0.6760041168814218,91.93153917520353,3.2382074257179427,92.54573883707948,264.1739462627974,0.1627170103941665,100,26.06,26.87857142857143,28.214333333333336,28.031333333333336,12.21358505197083,-0.91,-0.009999999999998,-1.335761904761906,4.024144869215292,-1.0571459680796929,1,Elevated,87.16043073770307,1925.0,-0.0622962933388593,0.6353415963438709,-1.925822696544832,424.6590270996094,0.2530962139529746,0.6559213164010569,7.347088245195721,101.97000122070312,-0.2933366893618894,0.3949243561476038,-1.848106824742768,Moderate
2023-07-11,11.0,72,173,22.0,201.57142857142856,616.0,227.0,1949.0,2.44,175.44,79.4000015258789,2.201054229290756,2.134009972997603,2.1679771510366623,4.117491872133905,1.7099990844726562,453159,-0.571746963123061,2.435714285714286,2.852,-0.6712153655698498,93.4345788249317,4.7468133895017495,94.00632578805477,274.19313917755653,0.042452698752893,100,27.73,27.124285714285712,28.217,28.032666666666668,12.912263493764463,1.6700000000000017,2.580000000000002,-1.0927142857142869,18.67469879518072,-0.1623306221304459,1,Elevated,90.87599051341164,1931.300048828125,0.3272752637986986,0.6134722600432498,-0.6072732698302996,427.363525390625,0.6368634877461865,0.6496693915860025,7.103246386335171,101.7300033569336,-0.2353612443821373,0.3898247854218111,-2.379805920091005,Moderate
2023-07-12,85.0,64,234,106.0,189.57142857142856,651.0,228.9333333333333,2024.0,2.44,236.44,80.11000061035156,0.894205378876789,2.1338828674506334,2.1694225793604542,4.106567624992685,0.7099990844726562,465915,-0.5566101101984067,2.44,2.849,-0.6702806421389131,93.69769586349716,3.438745008826691,94.25430597369557,334.13305098252226,0.0151368529246542,100,29.5,27.277142857142856,28.180000000000003,28.069,24.875684264623278,1.7699999999999996,0.0999999999999978,-0.9028571428571476,38.77755511022044,0.7690067464833601,1,Elevated,114.8023591982698,1956.199951171875,1.2892819196508976,0.6583252584067627,0.6223947192988799,430.8020629882813,0.8045931375433302,0.627771975855267,6.5846507620603845,100.5199966430664,-1.1894295428475643,0.4388606120482923,-3.540929348262567,Moderate
2023-07-13,276.0,50,189,380.0,190.0,925.0,228.0,2300.0,2.96,191.96,81.36000061035156,1.5603545006570352,1.9632551232704247,2.1715768214475206,10.633668204337887,1.25,451758,-0.6344823160535622,2.5228571428571427,2.8646666666666665,-0.6693073143910173,93.47664750204709,4.586976444361248,94.11112981810064,290.6581062624619,-0.0778722058551555,-100,32.95,28.282857142857143,28.28666666666667,28.145666666666667,53.78936102927578,3.450000000000003,1.6800000000000033,-0.0038095238095259,81.39999999999999,2.504883111069063,1,Elevated,97.44101654136465,1959.199951171875,0.1533585561231953,0.6458291259647511,0.0612845338036294,434.2212829589844,0.7936870002398511,0.635551773623704,7.389684824350318,99.7699966430664,-0.746120200006728,0.4531579207812823,-4.223866375367392,Moderate
2023-07-14,7.0,37,133,385.0,181.42857142857144,790.0,223.4,2305.0,2.89,135.89,79.87000274658203,-1.83136412560444,1.9838777043524387,2.179248182231769,9.922926948918542,-1.4899978637695312,432115,-0.6717009224660951,2.591428571428572,2.8666666666666667,-0.6689259300355164,93.07611081340288,4.807534524848733,93.74781173586898,234.4453462607177,-0.0372186064125329,-100,28.95,28.575714285714287,28.194666666666667,28.17233333333333,64.68609303206267,-4.000000000000004,-7.450000000000006,0.3810476190476208,32.83433133732535,0.406680937268206,1,Elevated,75.02857615711328,1960.0999755859373,0.0459383644596522,0.6434544031791165,-0.1934950242316269,433.9507751464844,-0.0622972256579923,0.6205124484404122,7.921221001914169,99.91000366210938,0.1403297822529348,0.4530783915863115,-4.227373509984433,Moderate
2023-07-15,0.0,60,166,379.0,175.14285714285714,783.0,219.13333333333333,2301.0,2.79,168.79,79.87000274658203,-1.83136412560444,1.9838777043524387,2.179248182231769,9.922926948918542,-1.4899978637695312,275500,-0.7187215106695815,2.6342857142857143,2.862,-0.6709908605596836,91.48887120724582,4.807534524848733,92.2075927179154,265.8051272427641,-0.0470205882034863,-100,27.62,28.54,28.07266666666667,28.188666666666663,12.635102941017433,-1.3299999999999983,2.6700000000000053,0.4673333333333289,17.52988047808765,-0.2991399888022949,1,Elevated,87.88053235352258,1960.0999755859373,0.0459383644596522,0.6434544031791165,-0.1934950242316269,433.9507751464844,-0.0622972256579923,0.6205124484404122,7.921221001914169,99.91000366210938,0.1403297822529348,0.4530783915863115,-4.227373509984433,Moderate
2023-07-16,1.0,61,184,380.0,177.85714285714286,780.0,217.7333333333333,2299.0,2.84,186.84,79.87000274658203,-1.83136412560444,1.9838777043524387,2.179248182231769,9.922926948918542,-1.4899978637695312,252818,-0.766446084865059,2.6785714285714284,2.859,-0.676042162755674,89.98177806519142,4.807534524848733,90.74822415005649,282.3957586749052,-0.0477245741954776,-100,27.51,28.61714285714286,28.063333333333333,28.195555555555558,10.938622870977389,-0.1099999999999994,1.2199999999999989,0.5538095238095266,15.705765407554672,-0.3613196032642045,1,Elevated,94.8086586399508,1960.0999755859373,0.0459383644596522,0.6434544031791165,-0.1934950242316269,433.9507751464844,-0.0622972256579923,0.6205124484404122,7.921221001914169,99.91000366210938,0.1403297822529348,0.4530783915863115,-4.227373509984433,Moderate
2023-07-17,2.0,60,199,382.0,182.57142857142856,774.0,213.96666666666667,2301.0,2.89,201.89,78.5,-1.715290721760565,1.984703743325944,2.1581783139361863,5.681207983378855,-1.3700027465820312,414855,-0.6610559126151554,2.75,2.8513333333333333,-0.674913706617838,91.03554521506358,4.268115263424394,91.69660112767872,297.8547163911031,0.1053901722499036,100,27.24,28.785714285714285,28.00433333333333,28.215222222222227,11.22695086124952,-0.2700000000000031,-0.1600000000000037,0.7813809523809532,13.095238095238097,-0.5193234210547182,1,Elevated,100.8025663309055,1952.4000244140625,-0.392834613937143,0.6323139937804481,-1.2942353683487062,435.4575805664063,0.3472295721590246,0.6068807139983876,7.276728693981571,99.83999633789062,-0.070070384999199,0.4394739316631544,-3.592121773272894,Moderate
2023-07-18,0.0,110,279,371.0,197.7142857142857,763.0,213.66666666666663,2295.0,3.06,282.06,79.62999725341797,1.439486947029267,1.951943428291561,2.16242761097037,4.597399351466369,1.1299972534179688,456778,-0.6558558552839574,2.8385714285714285,2.844666666666667,-0.6725527123762466,92.57566884188438,3.851170310467465,93.23152469716834,379.1426950076358,0.0052000573311979,100,28.34,28.872857142857143,27.997666666666667,28.232,12.126000286655987,1.1000000000000014,1.3700000000000043,0.875190476190479,27.623762376237625,0.0576894718439518,1,Elevated,133.01077306362066,1977.199951171875,1.2702277426602349,0.6304560128472455,1.2702277426602349,438.6932678222656,0.743054524771547,0.5710650166710135,6.533263008287005,99.94000244140624,0.1001663733812385,0.4285728145323146,-3.922317182589641,Moderate
2023-07-19,1.0,74,239,287.0,198.42857142857144,764.0,213.7,2296.0,2.92,241.92,79.45999908447266,-0.2134850870386229,1.949839455139485,2.158257799747064,3.584930299597211,-0.1699981689453125,451228,-0.6847024000857492,2.907142857142857,2.8346666666666667,-0.674770113638133,92.92689064898448,2.521817572137829,93.61159304907022,338.05341062120806,-0.0288465448017918,-100,26.83,28.49142857142857,27.953333333333333,28.231888888888893,11.74423272400896,-1.5100000000000016,-2.610000000000003,0.5380952380952415,9.782608695652174,-0.7488019245997736,1,Elevated,116.49904563866916,1977.5,0.0151754418134197,0.6287968103901331,0.995914198161385,439.6688537597656,0.2223845244635258,0.5659355042677922,6.975159858674962,100.27999877929688,0.340200449854855,0.4367907824144292,-3.5769242506760834,Moderate
2023-07-20,7.0,77,259,18.0,208.42857142857144,771.0,214.16666666666663,2303.0,2.52,261.52,79.63999938964844,0.2265294579030019,1.9456011442340992,2.152762755960288,4.39113702178402,0.1800003051757812,463935,-0.6536585588939243,2.8442857142857143,2.8096666666666663,-0.6757604869309419,92.91351725441784,2.611244304315503,93.56717581331176,357.6984201176272,0.0310438411918249,100,27.03,27.645714285714288,27.93533333333333,28.24777777777778,15.355219205959123,0.2000000000000028,1.7100000000000044,-0.2896190476190448,11.439842209072978,-0.6562777190246033,1,Elevated,124.36593288438856,1968.300048828125,-0.4652314119785061,0.631669945233204,0.1424598742368443,436.7518615722656,-0.6634520873051941,0.5888139292689234,6.034547523961242,100.87999725341795,0.5983231765305685,0.4541642761846123,-3.121098709040182,Moderate
2023-07-21,2.0,67,206,13.0,218.8571428571429,493.0,210.66666666666663,2292.0,2.65,208.65,81.06999969482422,1.7955805074524545,1.9645257961042315,2.1457024031591003,5.3541298375271,1.4300003051757812,440722,-0.6413767924205283,2.81,2.778,-0.6774127435225927,92.6630928115148,4.295519287309396,93.30446960393532,306.2499888912447,0.012281766473396,-100,27.51,27.44,27.72733333333333,28.25266666666667,12.36140883236698,0.4800000000000004,0.2799999999999976,-0.2873333333333292,16.24015748031496,-0.4007865524349874,1,Elevated,103.83910163571085,1964.300048828125,-0.2032210486598074,0.5937486715520475,1.111859690078254,436.7518615722656,0.0,0.581153992346939,6.402450675202553,101.06999969482422,0.1883450104870121,0.4571353140157879,-2.910661694245964,Moderate
2023-07-22,2.0,62,162,15.0,218.28571428571428,487.0,206.83333333333331,2294.0,2.65,164.65,81.06999969482422,1.7955805074524545,1.9645257961042315,2.1457024031591003,5.3541298375271,1.4300003051757812,283867,-0.7966804144583923,2.79,2.746,-0.6834542293621071,91.2985292239581,4.295519287309396,92.09520963841648,261.0407289257259,-0.155303622037864,-100,27.21,27.38142857142857,27.561,28.26755555555556,10.77651811018932,-0.3000000000000007,-0.7800000000000011,-0.1795714285714211,13.261296660117877,-0.5750730052963996,1,Elevated,85.99724964260706,1964.300048828125,-0.2032210486598074,0.5937486715520475,1.111859690078254,436.7518615722656,0.0,0.581153992346939,6.402450675202553,101.06999969482422,0.1883450104870121,0.4571353140157879,-2.910661694245964,Moderate
2023-07-23,9.0,66,225,23.0,224.14285714285717,491.0,207.13333333333333,2299.0,2.71,227.71,81.06999969482422,1.7955805074524545,1.9645257961042315,2.1457024031591003,5.3541298375271,1.4300003051757812,255682,-0.770815070055096,2.771428571428572,2.7153333333333336,-0.6856494677383972,90.01334522357749,4.295519287309396,90.78416029363258,322.789679580942,0.0258653444032963,-100,27.53,27.384285714285717,27.549666666666667,28.276333333333334,12.129326722016485,0.3200000000000003,0.620000000000001,-0.1653809523809535,16.666666666666664,-0.407054441761059,1,Elevated,110.95903977365028,1964.300048828125,-0.2032210486598074,0.5937486715520475,1.111859690078254,436.7518615722656,0.0,0.581153992346939,6.402450675202553,101.06999969482422,0.1883450104870121,0.4571353140157879,-2.910661694245964,Moderate
2023-07-24,0.0,97,260,21.0,232.8571428571429,442.0,206.5,2298.0,2.87,262.87,82.73999786376953,2.0599459420646005,1.972628174445994,2.1103054972953506,8.925748895490448,1.6699981689453125,414715,-0.7094910040558255,2.768571428571428,2.6896666666666667,-0.6779830113598523,91.0483551898474,4.925149006059639,91.75784619390323,359.5529951999629,0.0613240659992704,100,28.75,27.6,27.512,28.293888888888887,13.706620329996351,1.2199999999999989,0.8999999999999986,0.0880000000000045,31.409001956947165,0.2491937943299055,1,Elevated,125.46962884120452,1960.300048828125,-0.2036348775934837,0.5617637330224061,-0.1680549398472952,438.7029113769531,0.4467181428062794,0.5781462872398155,6.235200942025787,101.3499984741211,0.2770345108759509,0.4459136992350534,-1.9256802151055183,Moderate
2023-07-25,0.0,53,185,21.0,219.42857142857144,441.0,205.56666666666663,2183.0,2.63,187.63,83.63999938964844,1.08774661483646,1.946065235294796,2.045655810261411,11.833130586690132,0.9000015258789062,449183,-0.7298693942213621,2.707142857142857,2.661,-0.6802883012444788,92.49403557557712,4.217124908800269,93.2239049697985,285.0710298785988,-0.0203783901655365,100,26.83,27.384285714285717,27.46933333333333,28.249444444444443,12.501891950827684,-1.9200000000000017,-3.140000000000001,-0.0850476190476214,9.765625,-0.781380482278881,1,Elevated,95.3836309574798,1962.0999755859373,0.0918189416405201,0.5618801147875284,-0.0050950763645585,439.9005737304688,0.2730007762557385,0.578264716997374,6.334427291770872,101.3499984741211,0.0,0.4430427984512385,-2.134027748718559,Moderate
2023-07-26,1.0,64,236,21.0,219.0,438.0,203.03333333333333,2180.0,2.6,238.6,82.91999816894531,-0.8608336034878539,1.7838088812340107,2.044359255814756,15.42316591852435,-0.720001220703125,456946,-0.7378766025001756,2.661428571428572,2.627666666666667,-0.6846197631387647,92.73522619426213,4.1869590765743,93.4731027967623,336.2600618733366,-0.0080072082788135,100,27.01,27.41,27.438,28.239222222222224,10.540036041394066,0.1800000000000032,2.100000000000005,-0.0279999999999986,11.500974658869396,-0.6750309679373923,1,Elevated,115.80940418998216,1968.9000244140625,0.3465699461157268,0.5612144204058935,0.6955441746185453,439.9682312011719,0.0153801733262959,0.5637454654738758,5.394655012553229,100.88999938964844,-0.4538718218038418,0.4476265146585206,-2.644020010025772,Moderate
2023-07-27,4.0,66,242,18.0,216.57142857142856,442.0,205.5,2178.0,2.54,244.54,84.23999786376953,1.59189547029992,1.710712197254958,2.033150300302553,13.393453796771372,1.3199996948242188,453369,-0.6870728384094991,2.664285714285714,2.5970000000000004,-0.6862463113433335,92.63592345754444,4.641953047232015,93.32299629595394,342.504949343186,0.0508037640906765,-100,27.31,27.45,27.42233333333333,28.25288888888889,11.454018820453385,0.2999999999999971,0.1199999999999938,0.0276666666666614,14.688715953307394,-0.5211702024641546,1,Elevated,118.3373804780836,1945.4000244140625,-1.1935598409570591,0.5952952702053563,0.0411420774539372,437.05126953125,-0.6629937034222211,0.5762750294284164,4.010158374543882,101.7699966430664,0.8722343728235327,0.4789511325494426,-1.5192565806667837,Moderate
2023-07-28,0.0,29,90,16.0,200.0,435.0,201.56666666666663,2174.0,2.34,92.34,84.98999786376953,0.8903134128907197,1.6741206939151356,2.0320816298160262,16.10655929926301,0.75,430482,-0.6855132322945402,2.62,2.583333333333333,-0.6909854259337436,92.3702710299564,4.175090036732156,93.05578426225094,189.57087429898309,0.0015596061149588,-100,24.85,27.07,27.321666666666665,28.234222222222225,12.807798030574796,-2.4599999999999973,-2.7599999999999945,-0.2516666666666651,0.1941747572815534,-1.84363364529368,0,Stable,57.217192867143055,1960.4000244140625,0.7710496459214289,0.6036006307593422,0.2608282851010113,441.3302001953125,0.9790454718623164,0.5966017216780876,4.9035329073310985,101.62000274658205,-0.1473851836808482,0.476639087695541,-1.3493829344942363,Moderate
2023-07-29,2.0,73,209,16.0,206.7142857142857,434.0,200.8,2174.0,2.41,211.41,84.98999786376953,0.8903134128907197,1.6741206939151356,2.0320816298160262,16.10655929926301,0.75,269609,-0.7318941947038631,2.585714285714286,2.575,-0.696700074571223,90.95287118721312,4.175090036732156,91.684765381917,307.2698554186491,-0.0463809624093228,-100,27.11,27.055714285714284,27.34433333333333,28.247333333333337,11.331904812046616,2.259999999999998,4.719999999999995,-0.2886190476190471,12.693798449612403,-0.623827031282799,1,Elevated,104.57098909107629,1960.4000244140625,0.7710496459214289,0.6036006307593422,0.2608282851010113,441.3302001953125,0.9790454718623164,0.5966017216780876,4.9035329073310985,101.62000274658205,-0.1473851836808482,0.476639087695541,-1.3493829344942363,Moderate
2023-07-30,0.0,56,171,7.0,199.0,431.0,200.76666666666668,2174.0,2.32,173.32,84.98999786376953,0.8903134128907197,1.6741206939151356,2.0320816298160262,16.10655929926301,0.75,252143,-0.8384923437186487,2.53,2.567,-0.7041966129548857,89.51300498063088,4.175090036732156,90.35149732434954,267.8465873610817,-0.1065981490147855,-100,26.53,26.912857142857145,27.36366666666667,28.260111111111108,11.83299074507393,-0.5799999999999983,-2.8399999999999963,-0.4508095238095286,7.35009671179884,-0.9575609060930852,1,Elevated,89.06833547956278,1960.4000244140625,0.7710496459214289,0.6036006307593422,0.2608282851010113,441.3302001953125,0.9790454718623164,0.5966017216780876,4.9035329073310985,101.62000274658205,-0.1473851836808482,0.476639087695541,-1.3493829344942363,Moderate
2023-07-31,6.0,72,226,13.0,194.14285714285717,433.0,202.03333333333333,2179.0,2.24,228.24,85.55999755859375,0.6706667950949541,1.5851646653493583,2.022734692323257,13.069908324257453,0.5699996948242188,412464,-0.6834416243310737,2.44,2.564,-0.7031114357834433,90.56859541952235,3.5628222928700577,91.25203704385343,323.0548593367235,0.1550507193875749,100,26.76,26.62857142857143,27.378,28.244444444444444,12.77525359693787,0.2300000000000004,0.8099999999999987,-0.7494285714285702,9.555984555984557,-0.8184711259931305,1,Elevated,110.97153632591872,1970.5,0.5151997276145792,0.6103043174105106,0.6486847918650618,442.1705017089844,0.1904019968042014,0.5608932730226975,3.816225548732577,101.86000061035156,0.2361718729412265,0.4531311421298407,-0.2546045135502828,Moderate
2023-08-01,1.0,61,214,14.0,198.28571428571428,430.0,204.56666666666663,2072.0,2.28,216.28,84.91000366210938,-0.7596936828326184,1.591590289841441,2.017256181280893,10.834098662879166,-0.649993896484375,445745,-0.6757184961242592,2.39,2.5656666666666665,-0.6980213799900691,92.1341198882175,3.434693838961976,92.80983838434176,312.5245322233037,0.0077231282068145,100,26.33,26.557142857142857,27.40333333333333,28.189222222222224,11.438615641034067,-0.4300000000000032,-0.6600000000000037,-0.8461904761904755,5.491329479768786,-1.0356815715930523,1,Elevated,106.44784521245316,1940.699951171875,-1.512308999143619,0.6716044475997519,-0.9038027482400236,440.9051818847656,-0.2861610666763825,0.5594160199611908,3.872945496684599,102.3000030517578,0.4319678370015012,0.4590729825732813,0.0,Moderate
2023-08-02,0.0,61,235,13.0,198.14285714285717,428.0,204.33333333333331,1991.0,2.27,237.27,83.19999694824219,-2.01390488766433,1.633619339614807,2.0263594967122085,9.617912089071922,-1.7100067138671875,455413,-0.7774627270977772,2.3428571428571425,2.569333333333333,-0.701218625526794,92.5441251593226,4.609315436186329,93.32158788642036,335.2009033226067,-0.101744230973518,100,26.88,26.538571428571423,27.41533333333333,28.174111111111117,10.808721154867587,0.5500000000000007,0.980000000000004,-0.8767619047619029,11.153846153846157,-0.7187702009771249,1,Elevated,115.41604375175862,1937.4000244140625,-0.170037967786818,0.6369362948263162,0.0981671100006353,434.7718200683594,-1.391084085287353,0.6141935738609933,2.962157913386654,102.58999633789062,0.2834733895228591,0.4600161838592003,0.0487569942626331,Moderate
2023-08-03,1.0,59,229,10.0,196.28571428571428,429.0,206.1,1991.0,2.23,231.23,85.13999938964844,2.331733789140777,1.6584744445997626,2.034555396930128,10.399372870123312,1.94000244140625,451441,-0.7469127350172464,2.2985714285714285,2.57,-0.7015999572969458,92.80946457592016,5.030145520752871,93.55637731093742,329.8165228316903,0.0305499920805307,-100,27.04,26.5,27.449666666666666,28.15655555555556,10.752749960402657,0.1600000000000001,-0.3900000000000005,-0.9496666666666655,12.76391554702495,-0.61901722259354,1,Elevated,113.21533367048865,1932.0,-0.2787253198107908,0.6387092379092334,-0.0672450626023168,433.52581787109375,-0.2865876167111536,0.6077910655713922,3.1958383941699253,102.54000091552734,-0.0487332334028089,0.4518677738682471,0.4604695033882278,Moderate
2023-08-04,0.0,53,194,10.0,211.14285714285717,428.0,201.96666666666667,1988.0,2.38,196.38,86.23999786376953,1.2919878811448848,1.4630312644386887,1.9929512989431777,16.32047285370024,1.0999984741210938,427790,-0.7774380196095495,2.3042857142857143,2.5690000000000004,-0.7031457972013132,92.73343420634184,4.387066430953597,93.5108722259514,294.277938656905,-0.030525284592303,-100,26.53,26.74,27.386333333333333,28.13833333333333,11.852626422961514,-0.509999999999998,-0.6699999999999982,-0.646333333333331,7.567049808429119,-0.8876582355682262,1,Elevated,99.00900101757172,1939.5999755859373,0.3933734775329878,0.6096844627258253,1.4063901866877335,431.5650329589844,-0.4522879217985553,0.6141621329183433,2.3596052877012053,102.0199966430664,-0.5071233351063853,0.4580523404570298,-0.3613660990210321,Moderate
2023-08-05,1.0,58,173,9.0,206.0,427.0,201.53333333333333,1988.0,2.31,175.31,86.23999786376953,1.2919878811448848,1.4630312644386887,1.9929512989431777,16.32047285370024,1.0999984741210938,277127,-0.8570846215045248,2.29,2.566666666666667,-0.7092990322176015,91.30728570641573,4.387066430953597,92.16437032792024,271.8614367588739,-0.0796466018949753,-100,26.61,26.66857142857143,27.40966666666667,28.131666666666664,11.298233009474874,0.0799999999999983,0.5899999999999963,-0.7410952380952409,8.891013384321225,-0.8377211705780351,1,Elevated,90.31170063796549,1939.5999755859373,0.3933734775329878,0.6096844627258253,1.4063901866877335,431.5650329589844,-0.4522879217985553,0.6141621329183433,2.3596052877012053,102.0199966430664,-0.5071233351063853,0.4580523404570298,-0.3613660990210321,Moderate
2023-08-06,3.0,62,210,12.0,211.57142857142856,428.0,202.1,1989.0,2.36,212.36,86.23999786376953,1.2919878811448848,1.4630312644386887,1.9929512989431777,16.32047285370024,1.0999984741210938,252355,-0.8922641066714035,2.295714285714286,2.565,-0.7152690319398709,89.82728366558406,4.387066430953597,90.71954777225548,307.4666142032091,-0.0351794851668787,-100,26.75,26.7,27.404666666666667,28.127666666666663,11.075897425834391,0.1400000000000005,0.0600000000000022,-0.7046666666666681,9.923664122137405,-0.7573320246784568,1,Elevated,104.84273612683256,1939.5999755859373,0.3933734775329878,0.6096844627258253,1.4063901866877335,431.5650329589844,-0.4522879217985553,0.6141621329183433,2.3596052877012053,102.0199966430664,-0.5071233351063853,0.4580523404570298,-0.3613660990210321,Moderate
2023-08-07,0.0,65,198,6.0,207.57142857142856,422.0,201.7,1976.0,2.31,200.31,85.33999633789062,-1.043601053075871,1.4817043308063862,1.995887080994608,15.558562086898233,-0.9000015258789062,405574,-0.7962866291189217,2.3057142857142856,2.559,-0.7167262604904437,90.8486933043193,4.08116159257208,91.64497993343822,296.0361415260103,0.0959774775524818,100,26.67,26.687142857142856,27.364666666666665,28.12577777777778,11.579887387762408,-0.0799999999999983,-0.2199999999999988,-0.6775238095238088,9.523809523809524,-0.7996384329038304,1,Elevated,100.08546062371649,1933.5,-0.3144965798473342,0.6106927621103496,0.7503530090799959,435.3320617675781,0.8728762807230783,0.6097283711838649,4.039621955519923,102.0500030517578,0.029412281590635,0.4479697312654602,-0.8260432084710168,Moderate
2023-08-08,0.0,63,178,5.0,202.42857142857144,422.0,202.13333333333333,1971.0,2.29,180.29,86.16999816894531,0.9725824545016692,1.484236892836489,1.9969638785699255,16.163383411219744,0.8300018310546875,439822,-0.7987316279664559,2.307142857142857,2.551,-0.7174534256803217,92.35591165076988,4.0731576884601335,93.15464327873632,277.5178009671964,-0.0024449988475342,100,26.56,26.72,27.351000000000003,28.11733333333333,10.21222499423767,-0.1100000000000029,-0.0300000000000046,-0.6310000000000038,8.17490494296578,-0.8528292302089313,1,Elevated,92.37619173113131,1924.0999755859373,-0.4861662484645701,0.6163172590256233,0.0207945326306635,433.43890380859375,-0.4348767585133917,0.6105536401693752,4.012144944018936,102.52999877929688,0.4703534671092635,0.4556174283157697,-0.1558123072405881,Moderate
2023-08-09,67.0,86,311,72.0,213.28571428571428,489.0,206.96666666666667,2030.0,2.55,313.55,87.55000305175781,1.6014911362848716,1.3756705373055076,1.999434830015529,21.15970172087924,1.3800048828125,448564,-0.8094199086635937,2.347142857142857,2.5563333333333333,-0.7239607672399095,92.6596575158947,5.093131845678304,93.4690774245583,412.11220927023663,-0.0106882806971377,100,30.05,27.172857142857143,27.484,28.147,26.05344140348569,3.490000000000002,3.600000000000005,-0.3111428571428547,48.007590132827325,1.0367018961818304,1,Elevated,146.151068223183,1915.4000244140625,-0.4521569191967556,0.6149124408917555,0.0731465211109005,430.5412292480469,-0.6685312589814196,0.5994583033770835,2.1963784981567924,102.48999786376952,-0.0390138652136773,0.4542563395657324,0.0,Moderate
2023-08-10,0.0,80,263,71.0,218.14285714285717,478.0,209.96666666666667,2026.0,2.63,265.63,86.4000015258789,-1.313536819866301,1.3775819824970816,2.0044635755800178,16.709446103680612,-1.1500015258789062,452420,-0.8609420944486359,2.404285714285714,2.562666666666667,-0.7336006049507621,92.65387463784629,4.362063412731444,93.5148167322949,363.5068801450264,-0.0515221857850421,100,28.82,27.427142857142854,27.520333333333333,28.17322222222222,24.457610928925213,-1.2300000000000004,-4.720000000000002,-0.0931904761904753,33.52272727272727,0.3537977808248052,1,Elevated,126.69978871155158,1914.4000244140625,-0.0522084153312008,0.6147576581624385,0.1098141260428509,430.69580078125,0.0359016797236932,0.5994840249999016,2.181536682003382,102.5199966430664,0.029269957968725,0.4477133026271494,-0.3789787242875819,Moderate
2023-08-11,1.0,45,176,72.0,215.57142857142856,394.0,208.03333333333333,1967.0,2.6,178.6,86.80999755859375,0.4745324368912618,1.3774705085325545,1.8869044101108776,16.774282801985073,0.4099960327148437,424196,-0.8017106745044478,2.435714285714286,2.568,-0.7417706237609635,92.32741200009016,3.529431225622324,93.1291226745946,275.2585539002169,0.0592314199441881,-100,25.82,27.32571428571428,27.397666666666662,28.139444444444447,10.796157099720938,-3.0,-1.7699999999999996,-0.0719523809523856,2.1739130434782608,-1.25831777249975,1,Elevated,91.47759702516784,1912.9000244140625,-0.0783535301332349,0.6141601526164172,0.1938022908452463,430.4446716308594,-0.0583077777714824,0.5968301144319419,1.721045064505211,102.83999633789062,0.3121339302597947,0.4446218384345981,-0.4838397694201135,Moderate
2023-08-12,13.0,72,197,84.0,219.0,131.0,208.3,1970.0,2.68,199.68,86.80999755859375,0.4745324368912618,1.3774705085325545,1.8869044101108776,16.774282801985073,0.4099960327148437,272576,-0.8685609620197658,2.488571428571429,2.558666666666667,-0.7495732452931703,90.92526361785616,3.529431225622324,91.79382457987592,295.00325580549827,-0.066850287515318,-100,26.47,27.305714285714284,27.18166666666667,28.12722222222222,13.534251437576591,0.6499999999999986,3.649999999999999,0.1240476190476158,7.075471698113208,-0.8954376577298585,1,Elevated,99.64253740622414,1912.9000244140625,-0.0783535301332349,0.6141601526164172,0.1938022908452463,430.4446716308594,-0.0583077777714824,0.5968301144319419,1.721045064505211,102.83999633789062,0.3121339302597947,0.4446218384345981,-0.4838397694201135,Moderate
2023-08-13,12.0,75,198,93.0,217.28571428571428,136.0,210.46666666666667,1982.0,2.73,200.73,86.80999755859375,0.4745324368912618,1.3774705085325545,1.8869044101108776,16.774282801985073,0.4099960327148437,247167,-0.8571225110339389,2.541428571428572,2.553333333333333,-0.7557539649120983,89.47799470134996,3.529431225622324,90.33511721238388,294.5945484380062,0.0114384509858269,-100,26.3,27.24142857142857,27.09333333333333,28.12388888888889,10.757192254929134,-0.1699999999999981,-0.8199999999999967,0.1480952380952409,5.4613935969868175,-0.9838707421990552,1,Elevated,99.77079593272572,1912.9000244140625,-0.0783535301332349,0.6141601526164172,0.1938022908452463,430.4446716308594,-0.0583077777714824,0.5968301144319419,1.721045064505211,102.83999633789062,0.3121339302597947,0.4446218384345981,-0.4838397694201135,Moderate
2023-08-14,3.0,79,270,96.0,227.57142857142856,139.0,213.9333333333333,1984.0,2.83,272.83,86.20999908447266,-0.6911628740873033,1.3944424550528656,1.8884852476564145,15.10012994417096,-0.5999984741210938,391299,-0.8328976970896206,2.615714285714286,2.554666666666667,-0.7595598377927663,90.38415369340449,3.5956183235572645,91.2170513904941,367.6426697140514,0.0242248139443183,100,26.62,27.23428571428571,27.06,28.13522222222222,12.921124069721593,0.3200000000000003,0.4899999999999984,0.1742857142857126,9.962406015037594,-0.822926227098269,1,Elevated,128.81365760752175,1910.5999755859373,-0.1202388414851651,0.6033934033343213,-0.5465618725437493,432.8207092285156,0.5519960529779544,0.5663734957728785,1.089609337952746,103.19000244140624,0.3403404472765992,0.4425475017081294,0.2720812062316335,Moderate
2023-08-15,4.0,80,266,100.0,240.14285714285717,142.0,216.66666666666663,1987.0,2.95,268.95,84.88999938964844,-1.531144541053553,1.4350597010545951,1.8956757483887696,13.71734448018682,-1.3199996948242188,407087,-0.8587558581921708,2.7100000000000004,2.558333333333333,-0.7626368302370033,91.5913510055165,4.33793869012683,92.45010686370868,365.7380455538355,-0.0258581611025502,100,27.0,27.29714285714286,27.043,28.129,11.529290805512751,0.379999999999999,0.0599999999999987,0.2541428571428596,13.696060037523452,-0.6121992186576358,1,Elevated,127.80519684879246,1902.5,-0.4239493190328014,0.607857970894102,-0.9991128511069868,427.7788696289063,-1.1648794736731194,0.6070887553003246,-0.2027987725708446,103.20999908447266,0.0193784694188403,0.4423677656618556,0.2136141618277687,Moderate
2023-08-16,1.0,65,230,34.0,228.57142857142856,141.0,217.7,1826.0,2.7,232.7,83.44999694824219,-1.6963157636467607,1.421854828430269,1.9041838683887613,8.871487654266307,-1.44000244140625,426633,-0.6940778089480387,2.731428571428572,2.552,-0.7637375601147661,91.68351709165212,4.0053193575036605,92.37759490060016,329.0829142581038,0.1646780492441321,100,26.3,26.76142857142857,27.011666666666667,28.081666666666667,13.92339024622066,-0.6999999999999993,-1.0799999999999983,-0.2502380952380925,5.52434456928839,-0.9705520987127048,1,Elevated,113.15764672312147,1896.0999755859373,-0.3364007576379779,0.6102673802903691,-1.2242133933569654,424.63970947265625,-0.7338277739087906,0.6211027207153325,-0.7875905504534986,103.41999816894533,0.2034677708898868,0.4387286302539516,0.0483655035647512,Moderate
2023-08-17,88.0,55,212,122.0,221.28571428571428,229.0,215.46666666666667,1913.0,2.76,214.76,84.12000274658203,0.802882951278483,1.422018620131881,1.90241248417342,9.932052322174624,0.6700057983398438,441397,-0.6609505578941948,2.75,2.5420000000000003,-0.7639073835351075,91.56315654055246,3.218106803627826,92.22410709844664,310.20221390207445,0.0331272510538439,100,28.28,26.68428571428572,27.009666666666664,28.079888888888885,28.16563625526922,1.9800000000000004,2.68,-0.3253809523809465,30.46728971962617,0.1090255542123457,1,Elevated,105.63606414114048,1884.0999755859373,-0.6328780209119422,0.6123223302553896,-1.2888340868261627,421.4040222167969,-0.761984144129535,0.620225687313189,-0.7664984552533727,103.44000244140624,0.0193427507398036,0.4371674799528098,0.2617081295463341,Moderate
2023-08-18,0.0,51,190,121.0,223.28571428571428,228.0,213.83333333333331,1895.0,2.79,192.79,84.80000305175781,0.8083693330637853,1.3624838410900997,1.8958736592379977,8.066779320228434,0.6800003051757812,419326,-0.8028121014864436,2.777142857142857,2.5376666666666665,-0.7678443735817971,91.31351462512552,2.977531106176728,92.11632672661196,287.8838578327887,-0.1418615435922487,-100,27.18,26.87857142857143,27.02133333333333,28.067666666666668,28.60930771796125,-1.1000000000000014,-3.080000000000002,-0.1427619047619046,16.138059701492537,-0.4830142630246065,1,Elevated,96.73027778779309,1886.0999755859373,0.1061514795348328,0.585891635787625,-2.081817911039874,421.6069030761719,0.0481440253720766,0.6188305689881364,-0.4674463009876617,103.37999725341795,-0.0580096544586572,0.4045822837011266,1.08536290875767,Moderate
2023-08-19,0.0,73,226,108.0,227.42857142857144,221.0,212.7333333333333,1885.0,2.79,228.79,84.80000305175781,0.8083693330637853,1.3624838410900997,1.8958736592379977,8.066779320228434,0.6800003051757812,271210,-0.7971629320384791,2.792857142857143,2.546666666666667,-0.7726278526866158,89.80538854680266,2.977531106176728,90.60255147884114,322.3700825850179,0.0056491694479644,-100,26.0,26.81142857142857,26.987,28.061777777777777,10.02824584723982,-1.1799999999999995,-0.0799999999999983,-0.1755714285714305,3.445065176908752,-1.118350935152748,1,Elevated,110.82752273823893,1886.0999755859373,0.1061514795348328,0.585891635787625,-2.081817911039874,421.6069030761719,0.0481440253720766,0.6188305689881364,-0.4674463009876617,103.37999725341795,-0.0580096544586572,0.4045822837011266,1.08536290875767,Moderate
2023-08-20,21.0,55,175,117.0,224.14285714285717,240.0,211.7,1900.0,2.73,177.73,84.80000305175781,0.8083693330637853,1.3624838410900997,1.8958736592379977,8.066779320228434,0.6800003051757812,251005,-0.7283693020902858,2.792857142857143,2.549333333333333,-0.7755276030089411,88.32080089496101,2.977531106176728,89.0491701970513,269.75670130322806,0.0687936299481932,-100,26.07,26.778571428571432,26.939,28.04233333333333,15.143968149740967,0.0700000000000002,1.25,-0.160428571428568,4.4609665427509295,-1.063047717974082,1,Elevated,90.09284648188095,1886.0999755859373,0.1061514795348328,0.585891635787625,-2.081817911039874,421.6069030761719,0.0481440253720766,0.6188305689881364,-0.4674463009876617,103.37999725341795,-0.0580096544586572,0.4045822837011266,1.08536290875767,Moderate
2023-08-21,0.0,91,275,114.0,224.8571428571429,238.0,215.46666666666667,1898.0,2.76,277.76,84.45999908447266,-0.4009480601995241,1.3477660097131294,1.8842663609847732,8.714115626617902,-0.3400039672851562,399494,-0.7056736383900233,2.7828571428571425,2.553,-0.772494043806662,89.22561393975666,2.620125632574444,89.93128757814668,370.3114132107211,0.0226956637002625,100,26.77,26.8,26.924333333333333,28.035888888888888,14.613478318501311,0.6999999999999993,0.629999999999999,-0.1243333333333325,11.873840445269018,-0.6810272901007093,1,Elevated,130.1383077686591,1893.300048828125,0.38174398681865,0.5916330137545249,-1.6467507102272738,424.3500061035156,0.6506304824065445,0.6289159859507041,-0.0727692045555561,103.33000183105467,-0.0483608277147884,0.4001373865742193,1.333726188163897,Moderate
2023-08-22,0.0,64,191,110.0,214.14285714285717,229.0,214.33333333333331,1808.0,2.65,193.65,84.02999877929688,-0.5091171084973811,1.305250874520207,1.8790991797543184,5.831230685693267,-0.4300003051757812,435666,-0.6782051070732011,2.74,2.551,-0.7694070450405989,90.634038192349,2.397491051586915,91.3122432994222,287.35973435100914,0.0274685313168221,100,25.4,26.571428571428573,26.85333333333333,27.983,11.23734265658411,-1.370000000000001,-2.0700000000000003,-0.2819047619047623,0.7407407407407408,-1.3847019898670232,1,Elevated,96.6814450805192,1896.4000244140625,0.1637339833090001,0.5887485891246125,-1.80707417447844,423.2005615234375,-0.270871818910201,0.618950858581698,-0.9741036892145672,103.55999755859376,0.2225836866964314,0.3978033571493118,1.7988736275171169,Moderate
2023-08-23,18.0,68,257,127.0,218.0,247.0,214.2333333333333,1824.0,2.72,259.72,83.20999908447266,-0.9758416122055746,1.315436776772427,1.881630044681364,3.86967725689984,-0.8199996948242188,439670,-0.6857888699949116,2.742857142857143,2.5460000000000003,-0.7686169739052351,90.82931792401097,2.678246114667986,91.51510679400586,353.9133529086739,-0.0075837629217104,100,26.26,26.56571428571428,26.770333333333333,27.945666666666668,14.337918814608557,0.860000000000003,2.230000000000004,-0.204619047619051,5.6377079482439925,-0.903418506267876,1,Elevated,123.2623198046684,1918.5,1.165364654156531,0.5793216007181092,-1.927203359211338,427.9140319824219,1.113767534243526,0.6356873302591372,-0.6703846740719888,103.36000061035156,-0.1931218162969039,0.3247630859885326,2.8253124374542526,Moderate
2023-08-24,32.0,82,303,71.0,231.0,279.0,218.16666666666663,1606.0,2.75,305.75,83.36000061035156,0.1802686306084711,1.2877105650860552,1.8722166606196264,2.4582104043710418,0.1500015258789062,440041,-0.7199923587657834,2.741428571428571,2.55,-0.7682877393900491,90.75777926214543,1.7138002361316305,91.47777162091124,398.9415718570429,-0.0342034887708717,100,26.32,26.285714285714285,26.75333333333333,27.877444444444443,13.271017443854358,0.0599999999999987,-0.8000000000000043,-0.4676190476190491,6.4575645756457565,-0.8602827300134526,1,Elevated,141.28107441863492,1918.199951171875,-0.0156397616953296,0.5779630252528638,-2.092690946397602,421.9836120605469,-1.3858905010431188,0.6633781925960028,-2.818302874295875,103.9800033569336,0.5998478549930741,0.2965260853416199,4.219712193565317,Moderate
2023-08-25,1.0,63,213,72.0,234.28571428571428,279.0,217.4,1602.0,2.8,215.8,84.4800033569336,1.343573342588189,1.2544809705266375,1.877574863908388,5.7718798695657325,1.1200027465820312,422179,-0.7574875172243457,2.742857142857143,2.556666666666666,-0.7689414365475215,90.48571793452813,3.1752423000714,91.24320545175247,310.2184477518239,-0.0374951584585623,-100,26.53,26.192857142857147,26.73733333333333,27.835444444444445,16.88747579229281,0.2100000000000008,0.1500000000000021,-0.5444761904761855,9.023941068139964,-0.7264103736939521,1,Elevated,105.83873801037907,1911.0999755859373,-0.3701374083343034,0.5801016018563302,-2.4998724866241773,424.9584655761719,0.7049689681309701,0.6792088669273822,-2.072195761668372,104.08000183105467,0.0961708702564845,0.2966251949409021,4.173754395053408,Moderate
2023-08-26,3.0,83,219,75.0,233.28571428571428,278.0,216.63333333333333,1492.0,2.83,221.83,84.4800033569336,1.343573342588189,1.2544809705266375,1.877574863908388,5.7718798695657325,1.1200027465820312,267464,-0.8073575032650185,2.748571428571428,2.566333333333333,-0.7729509253760387,89.03096023007559,3.1752423000714,89.83831773334062,314.843560033412,-0.0498699860406728,-100,26.54,26.270000000000003,26.711666666666662,27.779555555555557,10.949349930203368,0.009999999999998,-0.2000000000000028,-0.4416666666666593,9.558823529411764,-0.7053160306279006,1,Elevated,107.9697604666967,1911.0999755859373,-0.3701374083343034,0.5801016018563302,-2.4998724866241773,424.9584655761719,0.7049689681309701,0.6792088669273822,-2.072195761668372,104.08000183105467,0.0961708702564845,0.2966251949409021,4.173754395053408,Moderate
2023-08-27,1.0,74,209,55.0,238.14285714285717,279.0,220.6,1493.0,2.88,211.88,84.4800033569336,1.343573342588189,1.2544809705266375,1.877574863908388,5.7718798695657325,1.1200027465820312,245485,-0.9370985048689184,2.77,2.5843333333333334,-0.7813371011285181,87.58330787510612,3.1752423000714,88.52040637997503,303.5756486800464,-0.1297410016038999,-100,26.28,26.3,26.759333333333338,27.736222222222224,11.548705008019498,-0.259999999999998,-0.269999999999996,-0.4593333333333369,5.871559633027523,-0.8342074023382641,1,Elevated,103.72617819602358,1911.0999755859373,-0.3701374083343034,0.5801016018563302,-2.4998724866241773,424.9584655761719,0.7049689681309701,0.6792088669273822,-2.072195761668372,104.08000183105467,0.0961708702564845,0.2966251949409021,4.173754395053408,Moderate
2023-08-28,3.0,81,244,58.0,233.7142857142857,280.0,221.76666666666668,1395.0,2.83,246.83,84.41999816894531,-0.0710288655349056,1.2030130736543274,1.865946905483158,7.541398941331612,-0.0600051879882812,394683,-0.7407946473620615,2.78,2.5983333333333336,-0.7816337828837914,88.56204629056934,2.028181833322394,89.3028409379314,338.16102277125384,0.1963038575068569,100,25.89,26.174285714285716,26.718666666666667,27.656888888888886,11.881519287534283,-0.3900000000000005,-0.1300000000000025,-0.5443809523809549,2.7472527472527477,-1.062714551493244,1,Elevated,117.40384092091526,1917.9000244140625,0.3558185817065906,0.5823995845618164,-1.7670559090652516,427.6532897949219,0.6341382598641143,0.6872230788434728,-1.7922045957572297,104.05999755859376,-0.0192200923414764,0.2955455278584521,4.2267641982089765,Moderate
2023-08-29,3.0,70,208,61.0,236.14285714285717,283.0,223.0,1339.0,2.87,210.87,85.48999786376953,1.2674718289887643,1.1975438970091918,1.8517207543449592,7.359036559680443,1.0699996948242188,438578,-0.760525082029832,2.8114285714285714,2.6166666666666667,-0.7790348741608307,90.02095139064522,3.2009193819660005,90.78147647267504,304.85239585464103,-0.0197304346677705,100,26.15,26.28142857142857,26.706,27.612333333333336,10.498652173338852,0.259999999999998,0.6499999999999986,-0.4245714285714292,5.210237659963437,-0.8870927838696252,1,Elevated,103.78466304732144,1936.5,0.9698094451831452,0.5609665855507577,-2.0584640995844894,433.83489990234375,1.4454723615913825,0.7263098550766154,-1.107463523212815,103.5500030517578,-0.4900965969644288,0.3170517769067493,3.6121678228575815,Moderate
2023-08-30,7.0,78,278,50.0,239.14285714285717,284.0,224.7333333333333,1342.0,2.89,280.89,85.86000061035156,0.4328023813635395,1.194842249818548,1.8509583657664683,8.054368990207461,0.3700027465820312,443595,-0.7336434868112381,2.835714285714286,2.638333333333333,-0.7807082695768363,90.26456001923138,2.4330815302028337,90.9982035060426,374.3212850362455,0.0268815952185939,100,26.14,26.26428571428572,26.68533333333333,27.565666666666665,11.13440797609297,-0.009999999999998,-0.269999999999996,-0.4210476190476164,5.109489051094891,-0.8747962055546501,1,Elevated,131.52887331328964,1944.300048828125,0.4027910574812887,0.5673706027653402,-1.678885015012643,435.6217956542969,0.4118838185575457,0.729438852278889,-0.9204786900097406,103.16000366210938,-0.3766290469866096,0.3266596876889618,2.8719634202938327,Moderate
2023-08-31,40.0,69,247,58.0,231.14285714285717,323.0,225.83333333333331,1366.0,2.83,249.83,86.86000061035156,1.1646866909984954,1.206013407395692,1.8499277711711524,9.065797684626276,1.0,446789,-0.6881367178145468,2.847142857142857,2.6566666666666667,-0.7811222102998457,90.27272960608192,3.277279866856815,90.96086632389644,344.0681461907533,0.0455067689966913,100,27.27,26.4,26.716666666666665,27.547,17.427533844983458,1.129999999999999,1.139999999999997,-0.3166666666666664,18.761384335154823,-0.170641388359368,1,Elevated,119.43508521152202,1938.199951171875,-0.3137426067507776,0.5642579621399902,-1.5292433526164273,434.9843444824219,-0.1463313310385627,0.7199591642241215,-0.4046959487432611,103.62000274658205,0.4459083638454819,0.3196712049246418,2.7161038538501936,Moderate
2023-09-01,1.0,66,239,58.0,234.8571428571429,324.0,225.96666666666667,1361.0,2.85,241.85,88.55000305175781,1.9456624793125377,1.2127378751214657,1.8418676098180853,9.2265984767373,1.69000244140625,429772,-0.5613322187332297,2.8542857142857145,2.676,-0.7739178600210277,90.0720817359339,4.081060202107733,90.63341395466712,336.56447415677485,0.126804499081317,-100,27.29,26.50857142857143,26.730333333333338,27.52111111111111,18.634022495406583,0.0199999999999995,-1.1099999999999994,-0.2217619047619088,19.272727272727277,-0.143693101928086,1,Elevated,116.49910687177652,1939.800048828125,0.0825558609307774,0.563991024115181,-1.24726362526012,435.795654296875,0.1865147159304081,0.7208622665839637,-0.2189360503120352,104.23999786376952,0.5983353606965114,0.3325317497569721,3.1364382888265263,Moderate
2023-09-02,1.0,98,292,56.0,245.28571428571428,324.0,228.06666666666663,1361.0,2.95,294.95,88.55000305175781,1.9456624793125377,1.2127378751214657,1.8418676098180853,9.2265984767373,1.69000244140625,269178,-0.6111426051196893,2.8714285714285714,2.7000000000000006,-0.7693921890244424,88.64582368216112,4.081060202107733,89.25696628728082,388.2880264893885,-0.0498103863864596,-100,27.51,26.647142857142857,26.746,27.51255555555556,11.2490519319323,0.2200000000000024,0.2000000000000028,-0.0988571428571418,21.77858439201452,-0.001590927551418,1,Elevated,137.46381733829926,1939.800048828125,0.0825558609307774,0.563991024115181,-1.24726362526012,435.795654296875,0.1865147159304081,0.7208622665839637,-0.2189360503120352,104.23999786376952,0.5983353606965114,0.3325317497569721,3.1364382888265263,Moderate
2023-09-03,0.0,55,188,55.0,242.28571428571428,324.0,227.86666666666667,1359.0,2.87,190.87,88.55000305175781,1.9456624793125377,1.2127378751214657,1.8418676098180853,9.2265984767373,1.69000244140625,244048,-0.6873268913995031,2.87,2.716333333333333,-0.766388484750774,87.20799204701675,4.081060202107733,87.89531893841625,282.846379140524,-0.0761842862798137,-100,26.16,26.63,26.733666666666668,27.495222222222225,11.38092143139907,-1.3500000000000014,-1.5700000000000038,-0.103666666666669,5.615942028985507,-0.8280592107323451,1,Elevated,95.55948786852636,1939.800048828125,0.0825558609307774,0.563991024115181,-1.24726362526012,435.795654296875,0.1865147159304081,0.7208622665839637,-0.2189360503120352,104.23999786376952,0.5983353606965114,0.3325317497569721,3.1364382888265263,Moderate
2023-09-04,10.0,69,209,62.0,237.28571428571428,333.0,229.06666666666663,1369.0,2.83,211.83,88.55000305175781,1.9456624793125377,1.2127378751214657,1.8418676098180853,9.2265984767373,1.69000244140625,370772,-0.575942820380994,2.87,2.7336666666666662,-0.7570170913799897,87.94078990201504,4.081060202107733,88.51673272239603,304.42779292450376,0.1113840710185091,100,26.86,26.768571428571427,26.742,27.483000000000004,12.956920355092546,0.6999999999999993,2.0500000000000007,0.026571428571426,14.647377938517176,-0.3862181047334437,1,Elevated,104.06777062532232,1939.800048828125,0.0825558609307774,0.563991024115181,-1.24726362526012,435.795654296875,0.1865147159304081,0.7208622665839637,-0.2189360503120352,104.23999786376952,0.5983353606965114,0.3325317497569721,3.1364382888265263,Moderate
2023-09-05,1.0,62,201,60.0,236.28571428571428,331.0,228.76666666666668,1367.0,2.79,203.79,90.04000091552734,1.6826626904785424,1.1957130040672732,1.8006731297976266,8.822822383651951,1.4899978637695312,431348,-0.6476622025067837,2.858571428571429,2.748,-0.7488636945745024,89.3414593073192,3.760657932911011,89.98912150982598,297.539779442737,-0.0717193821257897,100,26.4,26.804285714285715,26.73033333333333,27.470222222222223,12.55859691062895,-0.4600000000000008,-1.16,0.0739523809523845,8.303249097472925,-0.661819300511303,1,Elevated,101.0180874751296,1926.199951171875,-0.7011082232143528,0.5761417970456408,-1.7395346021970015,433.9122009277344,-0.4321872764379564,0.7197385809050436,-1.0920170176628607,104.80999755859376,0.5468147606537244,0.3409275269020447,3.413911333561725,Moderate
2023-09-06,4.0,44,169,57.0,220.7142857142857,335.0,227.8,1367.0,2.61,171.61,90.5999984741211,0.6219430840733953,1.187984544138662,1.799772128876027,8.321376297539818,0.55999755859375,449177,-0.6759837489538824,2.8185714285714285,2.758,-0.7448535985690011,89.68266476272514,2.6420652579660397,90.35864851167902,264.6107137696451,-0.0283215464470986,100,25.19,26.668571428571425,26.681,27.44622222222222,12.541607732235494,-1.2099999999999973,-0.7499999999999964,-0.0124285714285754,0.3603603603603603,-1.3800983535870035,1,Elevated,87.77255580552222,1918.0999755859373,-0.4205158234486306,0.5791676876828167,-2.242495313566295,430.9952087402344,-0.6722540138911159,0.7264901783101358,-2.0244040408300967,104.86000061035156,0.0477082844409615,0.3404955609930727,3.4632483365322653,Moderate
2023-09-07,1.0,60,210,18.0,215.42857142857144,336.0,228.86666666666667,1366.0,2.48,212.48,89.91999816894531,-0.7505522258590469,1.184518684330853,1.7968805886294963,8.441871869965368,-0.6800003051757812,462356,-0.6434084951892607,2.768571428571429,2.764333333333333,-0.7396761608097613,89.85899950419058,2.7792580971864367,90.50240799937984,305.7616660965663,0.0325752537646216,100,25.63,26.43428571428572,26.65,27.42455555555556,12.062876268823109,0.4399999999999977,1.649999999999995,-0.2157142857142808,1.9784172661870505,-1.090306480598617,1,Elevated,104.20418483875054,1917.5,-0.0312796826846484,0.5737909856558138,-2.6105959559505343,429.6719970703125,-0.307013081140628,0.727634587779195,-2.3402221798490497,105.05999755859376,0.1907275863800128,0.3233229435919613,4.133212602014513,Moderate
2023-09-08,4.0,51,190,21.0,208.42857142857144,273.0,224.83333333333331,1370.0,2.4,192.4,90.6500015258789,0.8118364899897257,1.1630328835137551,1.7975880850087194,7.609216316072853,0.7300033569335938,433739,-0.6530936968579938,2.704285714285714,2.759333333333333,-0.734465287082908,89.74298980585806,2.7357910051107663,90.39608350271604,285.53187450782684,-0.0096852016687331,-100,25.18,26.13285714285714,26.487666666666662,27.395333333333337,11.448426008343668,-0.4499999999999993,-0.889999999999997,-0.354809523809525,0.3590664272890485,-1.3327204681942737,1,Elevated,96.13353310258752,1918.4000244140625,0.0469373879563139,0.5346247440959023,-1.3878893626585675,430.3190307617188,0.1505878195037224,0.7201385758522755,-1.5403773513235075,105.08999633789062,0.0285539501180265,0.2922382896927697,3.262257840558158,Moderate
2023-09-09,1.0,62,177,21.0,192.0,274.0,221.96666666666667,1368.0,2.21,179.21,90.6500015258789,0.8118364899897257,1.1630328835137551,1.7975880850087194,7.609216316072853,0.7300033569335938,280034,-0.6860009646205664,2.5985714285714288,2.7453333333333334,-0.7286339160886389,88.39402199090014,2.7357910051107663,89.0800229555207,271.02581396063147,-0.0329072677625725,-100,25.39,25.83,26.37333333333333,27.370222222222225,12.664536338812862,0.2100000000000008,0.6600000000000001,-0.5433333333333294,1.0752688172043012,-1.1819454174985036,1,Elevated,90.59432099314849,1918.4000244140625,0.0469373879563139,0.5346247440959023,-1.3878893626585675,430.3190307617188,0.1505878195037224,0.7201385758522755,-1.5403773513235075,105.08999633789062,0.0285539501180265,0.2922382896927697,3.262257840558158,Moderate
2023-09-10,0.0,61,211,21.0,195.28571428571428,273.0,223.13333333333333,1318.0,2.25,213.25,90.6500015258789,0.8118364899897257,1.1630328835137551,1.7975880850087194,7.609216316072853,0.7300033569335938,254724,-0.7099781670372504,2.51,2.7336666666666667,-0.7255761658397323,87.0678570265959,2.7357910051107663,87.77783519363315,303.7636261987439,-0.0239772024166839,-100,25.25,25.7,26.354333333333333,27.310666666666663,10.71988601208342,-0.1400000000000005,-0.3500000000000014,-0.6543333333333337,0.7155635062611807,-1.2458204127256456,1,Elevated,103.94988344077096,1918.4000244140625,0.0469373879563139,0.5346247440959023,-1.3878893626585675,430.3190307617188,0.1505878195037224,0.7201385758522755,-1.5403773513235075,105.08999633789062,0.0285539501180265,0.2922382896927697,3.262257840558158,Moderate
2023-09-11,0.0,89,275,11.0,204.7142857142857,260.0,225.7333333333333,1316.0,2.33,277.33,90.63999938964844,-0.0110337959868811,1.157585124988958,1.710328268857726,6.647842884918398,-0.0100021362304687,424954,-0.606072359937778,2.4385714285714286,2.722,-0.7168265457703329,88.2602567441348,1.8334032094676789,88.86632910407258,368.02973231354025,0.1039058070994723,100,25.65,25.527142857142856,26.327,27.265111111111118,11.319529035497364,0.3999999999999986,0.5399999999999991,-0.7998571428571424,2.767857142857143,-0.983297249680492,1,Elevated,129.4386271046016,1923.300048828125,0.2554224536959637,0.5154221317436312,-1.892469655371798,433.1491088867188,0.6576697572474144,0.7065775904985505,-1.853734755739167,104.56999969482422,-0.494810791880218,0.3090845628809094,2.9029687743650445,Moderate
2023-09-12,0.0,61,187,10.0,202.7142857142857,248.0,225.36666666666667,1174.0,2.32,189.32,92.05999755859376,1.5666352366585423,1.18090317875191,1.656648090994166,7.59700816441542,1.4199981689453125,457655,-0.692720757019746,2.3714285714285714,2.708333333333333,-0.711346487303193,89.90738317803813,3.5072392318519943,90.60010393505787,283.42734316690985,-0.086648397081968,100,25.67,25.422857142857143,26.306,27.198,10.533241985409845,0.0200000000000031,-0.3799999999999954,-0.8831428571428575,3.0303030303030303,-0.9663915317476364,1,Elevated,95.25091647975236,1911.300048828125,-0.6239276085554968,0.5133601176122864,-3.00431114802715,430.7731018066406,-0.5485425298888291,0.7104192230556838,-2.577602951416458,104.70999908447266,0.1338810271177326,0.3080461931609138,2.7979564667619528,Moderate
2023-09-13,2.0,68,256,8.0,215.14285714285717,247.0,224.9,1169.0,2.45,258.45,91.87999725341795,-0.1955249945137294,1.1686801957464248,1.657406616751769,8.208683654101545,-0.1800003051757812,471099,-0.626215394099872,2.3485714285714288,2.695666666666667,-0.7044570772035349,90.53184010396971,2.185073555670309,91.1580554980696,351.7931290537399,0.0665053629198739,100,25.37,25.44857142857143,26.264333333333337,27.13233333333333,12.032526814599374,-0.3000000000000007,-0.3200000000000038,-0.8157619047619065,1.0676156583629894,-1.1506073963580723,1,Elevated,122.48564052188205,1909.0999755859373,-0.1151087315430343,0.4388127991408667,-1.6282772391917777,431.27532958984375,0.1165875448343456,0.7102837297461869,-2.1841095751600204,104.7699966430664,0.0572987862843543,0.30132990107699,2.4144609165445585,Moderate
2023-09-14,11.0,74,279,18.0,225.0,254.0,225.33333333333331,1176.0,2.56,281.56,93.6999969482422,1.9808443069544437,1.1263017137962132,1.6231969166275853,12.620192770598226,1.8199996948242188,479802,-0.6245969697819319,2.36,2.682666666666667,-0.6966517809231935,91.10085495821929,4.369165297810479,91.72545192800122,377.6546172258117,0.0016184243179401,100,26.92,25.63285714285714,26.261666666666667,27.12266666666667,12.9080921215897,1.5500000000000007,1.8500000000000012,-0.6288095238095259,17.05150976909414,-0.1324443736336159,1,Elevated,132.71675650472446,1910.0,0.047143912082781,0.4386201137047149,-1.4142677851131549,434.9940185546875,0.8622540427666747,0.6845669414193105,0.0511069200145541,105.41000366210938,0.6108686069957292,0.3145901133731614,2.7488131639373137,Moderate
2023-09-15,5.0,76,261,19.0,235.14285714285717,258.0,226.36666666666667,1173.0,2.69,263.69,93.93000030517578,0.2454678382333819,1.0658998164011924,1.6089291455929116,10.32417310141074,0.2300033569335937,441562,-0.5797461601229912,2.4014285714285712,2.682333333333333,-0.6928407259623586,91.21767848512695,2.343784964775648,91.79742464524996,357.8312096100256,0.0448508096589407,-100,25.88,25.732857142857146,26.247666666666664,27.087888888888887,12.724254048294704,-1.0400000000000027,-2.5900000000000034,-0.5148095238095216,4.078014184397164,-0.7934243698662817,1,Elevated,124.77299891496024,1923.699951171875,0.7172749304646509,0.4577183179892726,-0.4296091525944567,429.7530517578125,-1.2048365203477185,0.7177311851026102,-0.8702517722723124,105.31999969482422,-0.0853846543575342,0.3152216509209565,2.7111359025508985,Moderate
2023-09-16,11.0,97,306,29.0,253.57142857142856,181.0,229.5,1173.0,2.9,308.9,93.93000030517578,0.2454678382333819,1.0658998164011924,1.6089291455929116,10.32417310141074,0.2300033569335937,284272,-0.7709898129502667,2.5,2.687,-0.6965087011308942,89.98813218829739,2.343784964775648,90.75912200124765,402.00290696602326,-0.1912436528272755,-100,26.55,25.898571428571422,26.19,27.06577777777778,14.256218264136375,0.6700000000000017,1.7100000000000044,-0.2914285714285753,12.123893805309734,-0.3403389579257903,1,Elevated,142.6493383861598,1923.699951171875,0.7172749304646509,0.4577183179892726,-0.4296091525944567,429.7530517578125,-1.2048365203477185,0.7177311851026102,-0.8702517722723124,105.31999969482422,-0.0853846543575342,0.3152216509209565,2.7111359025508985,Moderate
2023-09-17,8.0,77,241,37.0,257.85714285714283,189.0,231.2,1181.0,2.99,243.99,93.93000030517578,0.2454678382333819,1.0658998164011924,1.6089291455929116,10.32417310141074,0.2300033569335937,264758,-0.6523544948099417,2.605714285714285,2.6936666666666667,-0.691493447575011,88.7785951190318,2.343784964775648,89.43094961384175,335.7647345786174,0.118635318140325,-100,25.82,25.98,26.14466666666667,27.039777777777783,12.093176590701628,-0.7300000000000004,-1.400000000000002,-0.1646666666666725,3.7102473498233217,-0.804299621864032,1,Elevated,116.4197039086786,1923.699951171875,0.7172749304646509,0.4577183179892726,-0.4296091525944567,429.7530517578125,-1.2048365203477185,0.7177311851026102,-0.8702517722723124,105.31999969482422,-0.0853846543575342,0.3152216509209565,2.7111359025508985,Moderate
2023-09-18,22.0,82,296,59.0,260.85714285714283,211.0,233.53333333333333,1203.0,3.03,299.03,94.43000030517578,0.5323112939162211,1.0512679594032075,1.6088724189375954,9.496756312939292,0.5,423078,-0.6073296830561593,2.705714285714286,2.7016666666666667,-0.6851656726089335,89.96700394644256,2.533254884613358,90.57433362949872,392.13758851411205,0.0450248117537823,100,26.48,26.09857142857143,26.160666666666668,27.027666666666665,13.425124058768908,0.6600000000000001,1.3900000000000006,-0.0620952380952388,10.9347442680776,-0.3611048208423456,1,Elevated,138.74016867974507,1931.5,0.4054711766964258,0.4580941689155078,-0.4176106252780531,430.0050354003906,0.0586345208131611,0.7133311546444054,-0.3614745031351951,105.1999969482422,-0.1139410813993047,0.2972114231107902,3.117036277016872,Moderate
2023-09-19,2.0,63,226,61.0,266.42857142857144,192.0,235.2333333333333,925.0,3.07,229.07,94.33999633789062,-0.0953128952602799,1.0230993007228664,1.6006332509079353,10.546051542310696,-0.0900039672851562,459973,-0.6838058371965576,2.812857142857143,2.713,-0.6836802237791425,91.60223596270912,2.173017350214216,92.28604179990568,323.5290591501199,-0.0764761541403983,100,25.69,26.10142857142857,26.148,26.93811111111111,14.782380770701993,-0.7899999999999991,-1.4499999999999993,-0.0465714285714256,3.345070422535211,-0.92914006981723,1,Elevated,110.95441530006684,1932.0,0.0258866166191973,0.4545693060314242,-0.0775795190069872,429.11328125,-0.2073822576426964,0.6942580138012907,-1.4285142454998678,105.1999969482422,0.0,0.2975101936551758,3.086716121788613,Moderate
2023-09-20,0.0,63,222,59.0,261.57142857142856,192.0,233.46666666666667,917.0,3.02,225.02,93.52999877929688,-0.8585940110625412,1.0385542976655355,1.589088341806934,8.541256547228326,-0.80999755859375,466077,-0.6611017271872401,2.8942857142857146,2.7216666666666667,-0.6821944934057166,92.12326623212394,2.751273963450909,92.78436795931118,320.5556419227621,0.0227041100093174,100,25.59,26.132857142857144,26.108666666666668,26.86466666666667,11.013520550046586,-0.1000000000000014,0.6899999999999977,0.0241904761904763,2.2847100175746924,-1.0378874779344796,1,Elevated,109.66538317724262,1945.5999755859373,0.7039324837441852,0.4626796590181989,1.1174055544308503,425.1682739257813,-0.9193393671542928,0.7091003011549636,-1.9081420265091853,105.16000366210938,-0.0380164327880017,0.2901826373806112,2.5651076895785163,Moderate
2023-09-21,20.0,72,265,68.0,259.57142857142856,212.0,235.9333333333333,932.0,3.02,268.02,93.3000030517578,-0.2459058382773937,1.0118473206798906,1.583614685408916,6.56767538500338,-0.2299957275390625,468204,-0.5663758561955281,2.96,2.734,-0.678466851709794,92.3778850222989,1.9145206974576223,92.94426087849445,362.8787815759521,0.094725870991712,100,26.01,26.002857142857145,26.129,26.844,14.47362935495856,0.4200000000000017,0.5200000000000031,-0.126142857142856,6.052631578947368,-0.6798855393490738,1,Elevated,126.56266045468192,1919.199951171875,-1.35690916659843,0.5214858654730142,0.1983881544000088,418.1410217285156,-1.6528166912313735,0.759147776529342,-2.880144032010268,105.36000061035156,0.1901834740181351,0.2898255541119129,2.8002759356057894,Moderate
2023-09-22,1.0,76,292,64.0,264.0,195.0,237.1,884.0,3.04,295.04,93.2699966430664,-0.0321612086923051,0.971233056865992,1.5790575638232711,7.95138309705905,-0.0300064086914062,441317,-0.5467654670194022,3.01,2.744666666666667,-0.6738327382772771,92.39077324983032,1.798532575264202,92.93753871684972,389.7760712921139,0.0196103891761258,-100,25.82,25.994285714285716,26.11433333333333,26.79888888888889,14.09805194588063,-0.1900000000000012,-0.610000000000003,-0.1200476190476216,4.115586690017513,-0.824111535410027,1,Elevated,137.32292077347566,1925.4000244140625,0.3230550958695843,0.5244858677117026,0.5745925543104269,417.2007446289063,-0.224870809307931,0.7590951975148714,-3.1333150051300107,105.58000183105467,0.2088090541274345,0.290327953200567,2.9847886150854874,Moderate
2023-09-23,0.0,84,241,53.0,254.7142857142857,163.0,235.03333333333333,883.0,2.93,243.93,93.2699966430664,-0.0321612086923051,0.971233056865992,1.5790575638232711,7.95138309705905,-0.0300064086914062,280091,-0.5788777565914174,3.014285714285714,2.7506666666666666,-0.6691289182047981,91.1391205518008,1.798532575264202,91.71799830839224,337.44653088365646,-0.0321122895720151,-100,25.57,25.85428571428572,26.08933333333333,26.770666666666667,11.460561447860076,-0.25,-0.0599999999999987,-0.2350476190476165,2.185314685314685,-1.0119538530342171,1,Elevated,116.63501269178414,1925.4000244140625,0.3230550958695843,0.5244858677117026,0.5745925543104269,417.2007446289063,-0.224870809307931,0.7590951975148714,-3.1333150051300107,105.58000183105467,0.2088090541274345,0.290327953200567,2.9847886150854874,Moderate
2023-09-24,0.0,41,144,45.0,240.8571428571429,162.0,232.7333333333333,879.0,2.74,146.74,93.2699966430664,-0.0321612086923051,0.971233056865992,1.5790575638232711,7.95138309705905,-0.0300064086914062,263160,-0.6027792695467339,2.9785714285714286,2.7486666666666664,-0.6639719766155444,89.8947531845738,1.798532575264202,90.49753245412052,239.0360650293848,-0.0239015129553165,-100,24.16,25.61714285714286,26.01033333333333,26.72855555555556,12.019507564776582,-1.41,-1.16,-0.3931904761904761,0.1745200698080279,-2.1207445338318296,0,Stable,77.5149195209298,1925.4000244140625,0.3230550958695843,0.5244858677117026,0.5745925543104269,417.2007446289063,-0.224870809307931,0.7590951975148714,-3.1333150051300107,105.58000183105467,0.2088090541274345,0.290327953200567,2.9847886150854874,Moderate
2023-09-25,4.0,88,255,27.0,235.0,163.0,233.9333333333333,883.0,2.69,257.69,93.29000091552734,0.0214477036355908,0.9713033317717402,1.577607369507381,7.464581890536071,0.0200042724609375,412426,-0.5922480282206268,2.93,2.744,-0.6568016607807314,91.02912066448476,1.739209224460938,91.6213686927054,351.0505779171663,0.010531241326107,100,25.63,25.49571428571429,25.980000000000004,26.704666666666668,11.352656206630538,1.4699999999999989,2.879999999999999,-0.4842857142857184,3.2229965156794425,-0.8871358780376079,1,Elevated,122.09595742832546,1916.5999755859373,-0.4570504163571409,0.5314562431596034,0.1934210426396188,418.9552001953125,0.4205303056126652,0.7650837655024594,-2.669209817841589,106.0,0.3978008729507154,0.292911518260812,3.0727380150101125,Moderate
2023-09-26,0.0,66,220,25.0,234.14285714285717,162.0,234.3,876.0,2.69,222.69,93.95999908447266,0.7181886186837794,0.9584706753761082,1.5561546496681746,8.98967646711859,0.6699981689453125,456892,-0.6069099418736921,2.875714285714285,2.737666666666667,-0.6457953753475572,92.68343852589352,2.5756269407717465,93.2903484677672,318.5559754085389,-0.0146619136530652,100,25.38,25.45142857142857,25.95,26.677000000000003,10.873309568265327,-0.25,-1.7199999999999989,-0.4985714285714273,1.4782608695652173,-1.0693304385919755,1,Elevated,108.76432046986216,1900.4000244140625,-0.8452442543166794,0.5535062490927447,-0.5338611589140729,412.8001708984375,-1.469137820465194,0.7952405577032825,-4.625596211827265,106.2300033569336,0.2169842989939496,0.290295012450515,2.9460227188709665,Moderate
2023-09-27,7.0,82,287,32.0,243.42857142857144,166.0,235.7333333333333,880.0,2.81,289.81,96.5500030517578,2.756496373479811,0.9962038763164924,1.5683866229933248,13.73542672392951,2.590003967285156,458975,-0.5824883110274892,2.845714285714286,2.737,-0.6405184974697381,93.18654109083076,5.126242922189254,93.76902940185826,388.70527232404754,0.0244216308462028,100,27.39,25.708571428571425,26.0,26.687666666666665,12.722108154231016,2.0100000000000016,2.2600000000000016,-0.2914285714285753,24.305555555555557,0.5780847198377426,1,Elevated,136.72830304924736,1871.5999755859373,-1.515472977169885,0.6138123519178516,-1.6241799954829217,412.9649658203125,0.0399212339268872,0.7725640053149413,-3.462981661867648,106.66999816894533,0.4141907164714409,0.2955455140977386,3.352387477148233,Moderate
2023-09-28,2.0,61,239,14.0,239.7142857142857,165.0,236.76666666666668,879.0,2.72,241.72,95.37999725341795,-1.2118133209303328,0.963867728951556,1.5748109883459618,14.295986508633508,-1.1700057983398438,452935,-0.6256876106289042,2.802857142857143,2.732,-0.6360239150897072,93.29888856057516,3.60527970074524,93.92457617120404,339.2498558719493,-0.043199299601415,-100,25.85,25.685714285714287,25.99,26.686555555555557,12.115996498007076,-1.5399999999999991,-3.5500000000000007,-0.3042857142857151,5.1993067590987865,-0.6881497255630437,1,Elevated,116.91502711453892,1860.4000244140625,-0.5984158643926429,0.6198222961996428,-1.8828095370257536,415.3590393066406,0.5797279877174377,0.7734767295086714,-2.185539872740805,106.22000122070312,-0.4218589631261427,0.3104316356433666,2.7074096899361466,Moderate
2023-09-29,0.0,56,191,13.0,225.28571428571428,158.0,233.86666666666667,875.0,2.59,193.59,95.30999755859376,-0.0733903300901062,0.966106784055711,1.5749568989359315,13.302418505289925,-0.0699996948242187,427527,-0.7187017339066816,2.738571428571429,2.722,-0.6355258566595553,93.17315204571464,2.3697389646748097,93.89185377962131,289.8515927442961,-0.0930141232777773,-100,24.96,25.562857142857144,25.950666666666667,26.671333333333333,12.16507061638889,-0.8900000000000006,0.6499999999999986,-0.3878095238095227,0.5190311418685121,-1.392820650487225,0,Stable,97.1622663417942,1848.0999755859373,-0.6611507561121943,0.6207418664333602,-1.910726631627091,414.3510437011719,-0.2426805510604479,0.7632162231375157,-1.6736856185004534,106.16999816894533,-0.0470749869922459,0.3111855397539544,2.639206944223993,Moderate
2023-09-30,3.0,72,211,16.0,221.0,121.0,232.66666666666663,874.0,2.53,213.53,95.30999755859376,-0.0733903300901062,0.966106784055711,1.5749568989359315,13.302418505289925,-0.0699996948242187,280241,-0.7024737045663955,2.681428571428572,2.712,-0.6360037562179504,91.8698681848117,2.3697389646748097,92.5723418893781,308.47208085405293,0.0162280293402861,-100,25.32,25.527142857142856,25.88566666666667,26.66855555555556,11.281140146701432,0.3599999999999994,1.25,-0.3585238095238132,1.381692573402418,-1.0950698543608208,1,Elevated,104.87436396374557,1848.0999755859373,-0.6611507561121943,0.6207418664333602,-1.910726631627091,414.3510437011719,-0.2426805510604479,0.7632162231375157,-1.6736856185004534,106.16999816894533,-0.0470749869922459,0.3111855397539544,2.639206944223993,Moderate
2023-10-01,2.0,69,240,18.0,234.7142857142857,122.0,232.7,874.0,2.69,242.69,95.30999755859376,-0.0733903300901062,0.966106784055711,1.5749568989359315,13.302418505289925,-0.0699996948242187,252814,-0.6529037162283907,2.674285714285714,2.7066666666666666,-0.6390561394677889,90.48512321364626,2.3697389646748097,91.13802692987466,336.19776589454943,0.0495699883380047,-100,25.24,25.68142857142857,25.81733333333333,26.654333333333334,12.047849941690025,-0.0800000000000018,-0.4400000000000013,-0.135904761904765,1.0344827586206895,-1.140065791977081,1,Elevated,116.25150097184488,1848.0999755859373,-0.6611507561121943,0.6207418664333602,-1.910726631627091,414.3510437011719,-0.2426805510604479,0.7632162231375157,-1.6736856185004534,106.16999816894533,-0.0470749869922459,0.3111855397539544,2.639206944223993,Moderate
2023-10-02,1.0,70,232,15.0,231.42857142857144,122.0,230.7,875.0,2.62,234.62,90.70999908447266,-4.826354623808637,1.356988930477782,1.6610411664331268,6.969334693428797,-4.599998474121094,407106,-0.566343971495878,2.6642857142857146,2.6956666666666664,-0.6375628516803286,91.56444771088802,6.880277023629299,92.1307916823839,333.6310687060132,0.0865597447325127,100,27.66,25.97142857142857,25.822333333333333,26.67266666666667,11.33279872366256,2.4200000000000017,2.500000000000004,0.1490952380952386,28.055077452667813,0.7942305099782244,1,Elevated,115.02626914592852,1830.0,-0.979382924357164,0.6418566255220123,-2.974390345798583,414.1862182617188,-0.0397791780565648,0.76298152736632,-1.760095662644412,106.9000015258789,0.6875797019153751,0.3284703670291258,3.404918133081658,Moderate
2023-10-03,0.0,56,193,15.0,227.57142857142856,122.0,230.86666666666667,874.0,2.57,195.57,90.91999816894533,0.2315059933768681,1.3516896998445584,1.6501801188247407,7.6485900479488445,0.2099990844726562,440807,-0.6424725460193612,2.647142857142857,2.685666666666667,-0.6360677068343239,93.10414094759692,2.348054698016311,93.7466134936163,291.6646681916326,-0.0761285745234832,100,25.0,25.91714285714286,25.783666666666665,26.63455555555556,11.08064287261742,-2.66,-5.080000000000002,0.1334761904761947,0.6872852233676976,-1.3168865242011245,1,Elevated,97.9165445779298,1824.5999755859373,-0.2950833013148912,0.6362610850783368,-3.628588785211828,408.6419067382813,-1.3386035746689506,0.7855267387722414,-3.7016847270652686,107.0,0.0935439407799165,0.3270974889579602,3.5517256400960706,Moderate
2023-10-04,1.0,70,261,9.0,223.8571428571429,113.0,232.6,873.0,2.5,263.5,85.80999755859375,-5.62032634542764,1.7225551667907089,1.7343755133402847,2.118289664589912,-5.1100006103515625,451796,-0.6738141292344815,2.6028571428571428,2.674666666666667,-0.6393300837961069,93.73817600983608,7.55471047867734,94.41199013907055,365.4667006177479,-0.0313415832151202,100,28.19,26.03142857142857,25.828,26.659888888888887,11.0567079160756,3.1900000000000013,5.850000000000001,0.2034285714285744,34.99142367066895,1.224566264970962,1,Elevated,127.30428221928506,1818.5,-0.3343185173494634,0.6350675936129181,-4.107784402614712,411.6176452636719,0.7282019969861997,0.8000700069810222,-2.73698036176262,106.8000030517578,-0.1869130357403658,0.3310563743762951,3.1286264673102915,Moderate
2023-10-05,0.0,74,283,7.0,230.14285714285717,112.0,235.33333333333331,871.0,2.57,285.57,84.06999969482422,-2.0277332633431238,1.7552785704014706,1.7474608344251397,1.0335303687222908,-1.7399978637695312,453017,-0.6353557669277797,2.5814285714285714,2.667333333333333,-0.6389198692768067,93.90774188863318,3.886364870616823,94.54309765556096,383.9994625261778,0.0384583623067017,100,26.51,26.125714285714285,25.831666666666667,26.655555555555555,11.092291811533508,-1.6799999999999995,-4.870000000000001,0.2940476190476175,13.013698630136986,-0.1165053165570716,1,Elevated,134.69116547935892,1816.5999755859373,-0.1044830582382472,0.5856095751655641,-5.311442502687647,411.4625549316406,-0.037678251604567,0.7673107764733503,-3.844575270075989,106.33000183105467,-0.4400760367725409,0.3415833292349965,2.87345317643668,Moderate
2023-10-06,0.0,42,161,7.0,225.8571428571429,108.0,235.06666666666663,865.0,2.5,163.5,84.58000183105469,0.6066398692539332,1.7580980507474795,1.6796056138566426,1.4635331235249849,0.5100021362304688,428653,-0.6737454745090637,2.5685714285714285,2.6636666666666664,-0.6388452601286461,93.74713594943744,2.511091232353911,94.42088142394653,260.43197265630045,-0.038389707581284,-100,24.8,26.102857142857147,25.818666666666665,26.62144444444445,10.89194853790642,-1.7100000000000009,-0.0300000000000011,0.2841904761904814,0.3418803418803419,-1.4482360495649966,0,Stable,85.28861277773088,1830.199951171875,0.748649992772954,0.6091619519719771,-4.587634357212799,416.3477478027344,1.187275199782234,0.7656377528146326,-1.3355647225949283,106.04000091552734,-0.2727366787674046,0.3341868007649799,1.9811478092786492,Moderate
2023-10-07,201.0,126,472,205.0,263.1428571428572,308.0,243.8,1066.0,3.25,475.25,84.58000183105469,0.6066398692539332,1.7580980507474795,1.6796056138566426,1.4635331235249849,0.5100021362304688,282802,-1.088288388574786,2.6714285714285717,2.689333333333333,-0.6536745899081635,92.34207656499235,2.511091232353911,93.43036495356714,571.1914561859211,-0.4145429140657223,-100,31.58,26.99714285714285,26.017,26.672666666666665,59.77271457032862,6.779999999999998,8.489999999999998,0.9801428571428552,72.52559726962457,3.604001442264106,1,Elevated,209.790509483655,1830.199951171875,0.748649992772954,0.6091619519719771,-4.587634357212799,416.3477478027344,1.187275199782234,0.7656377528146326,-1.3355647225949283,106.04000091552734,-0.2727366787674046,0.3341868007649799,1.9811478092786492,Moderate
2023-10-08,86.0,111,367,289.0,281.2857142857143,390.0,249.7,1152.0,3.63,370.63,84.58000183105469,0.6066398692539332,1.7580980507474795,1.6796056138566426,1.4635331235249849,0.5100021362304688,262654,-1.103758399122554,2.805714285714285,2.7303333333333333,-0.6686967466503155,91.00328943249856,2.511091232353911,92.1070478316211,465.24813906397503,-0.015470010547768,-100,30.59,27.76142857142857,26.197333333333336,26.722999999999995,36.877350052738834,-0.9899999999999984,-7.769999999999996,1.5640952380952378,59.54003407155025,2.7210198991565364,1,Elevated,167.6778460592658,1830.199951171875,0.748649992772954,0.6091619519719771,-4.587634357212799,416.3477478027344,1.187275199782234,0.7656377528146326,-1.3355647225949283,106.04000091552734,-0.2727366787674046,0.3341868007649799,1.9811478092786492,Moderate
2023-10-09,92.0,122,416,380.0,307.57142857142856,481.0,257.6666666666667,1233.0,4.1,420.1,88.1500015258789,4.220855542135316,1.902850570173407,1.7265143773124147,4.344221144783012,3.5699996948242188,415720,-0.9726800260637068,3.0171428571428573,2.793333333333333,-0.6782527153650869,92.06506966372604,6.558128226787024,93.03774968978976,519.6958779165768,0.1310783730588473,100,31.31,28.282857142857143,26.39466666666667,26.76277777777777,16.555391865294233,0.7199999999999989,1.7099999999999973,1.888190476190477,69.47278911564626,3.036135106338483,1,Elevated,189.2708012286728,1849.5,1.054532255656948,0.6461881292157863,-3.223273317611297,419.0133056640625,0.6402239174813751,0.7635480912452454,-1.3989978771334122,106.08000183105467,0.0377224775386597,0.3341749350432091,1.9215987363705669,Moderate
2023-10-10,77.0,98,360,457.0,331.42857142857144,558.0,262.6333333333333,1225.0,4.5,364.5,87.6500015258789,-0.5672149646568148,1.9070759624538989,1.715248908563675,3.826111616905692,-0.5,454507,-0.8879761829250074,3.292857142857143,2.868333333333333,-0.6841859825613454,93.62842653131236,2.8569020888012826,94.51640271423736,461.87330480303865,0.0847038431386995,100,29.79,28.967142857142857,26.546,26.766,17.423519215693503,-1.5199999999999996,-2.2399999999999984,2.4211428571428577,49.57555178268252,2.010698543997953,1,Elevated,165.846041378368,1861.0,0.621789672884554,0.6545295376979076,-2.9667878246910195,421.1942138671875,0.5204866226547811,0.7603420059770156,-1.510353382486962,105.83000183105467,-0.2356711874856087,0.3383444209914816,1.700945910040308,Moderate
2023-10-11,239.0,120,459,695.0,359.7142857142857,797.0,268.76666666666665,1188.0,5.27,464.27,85.81999969482422,-2.087851453732581,1.937012949731878,1.714406210643676,0.3860122111367436,-1.8300018310546875,462987,-0.851151091873534,3.6885714285714286,2.966333333333333,-0.6923552736258707,93.92604520629928,4.063465624578134,94.7771962981728,563.110661922751,0.0368250910514733,100,34.74,29.90285714285714,26.849,26.785888888888888,50.28412545525736,4.950000000000003,6.470000000000002,3.05385714285714,92.71186440677968,4.984742557891719,1,Elevated,206.28882550946585,1872.800048828125,0.634070329292058,0.6383068497890406,-3.2894371893557928,422.9195861816406,0.4096381805940963,0.7121812261184778,-2.516006370893664,105.81999969482422,-0.0094511348931458,0.3225669501148973,2.192174385481937,Moderate
2023-10-12,49.0,93,356,744.0,370.1428571428572,846.0,274.4,1230.0,5.47,361.47,86.0,0.2097416753855219,1.9358460077714803,1.713171748736353,0.16305542587145,0.1800003051757812,456273,-0.8363320861403878,4.102857142857142,3.071333333333333,-0.697142317929892,93.91523067657953,2.1618932257441474,94.7515627627199,458.3834559884641,0.0148190057331462,-100,31.71,30.645714285714288,27.05033333333333,26.81655555555556,50.07409502866573,-3.030000000000001,-7.980000000000004,3.595380952380953,73.77326565143824,2.9427925896798275,1,Elevated,164.40306984284166,1869.300048828125,-0.1868859413043044,0.6310265607005747,-3.85742931216837,420.34124755859375,-0.6096522145795147,0.7121522780547135,-3.507755637605781,106.56999969482422,0.7087507107946811,0.3311727899677475,3.305540821696717,Moderate
2023-10-13,12.0,159,355,756.0,397.8571428571428,856.0,277.7,1242.0,5.99,360.99,90.88999938964844,5.686045801916784,2.187391215534196,1.8083583014725524,4.639648573542154,4.8899993896484375,435370,-0.9529496283346196,4.601428571428571,3.1893333333333334,-0.7080334590710503,93.63564143464204,8.337401874805195,94.58859106297666,463.9159929377819,-0.1166175421942318,-100,33.91,31.947142857142858,27.335,26.886444444444443,23.183087710971165,2.199999999999996,5.229999999999997,4.61214285714286,89.1891891891892,3.855686600742701,1,Elevated,166.64867896251744,1927.4000244140625,3.108113950051017,0.8630914871747384,-0.5572142725152052,418.24755859375,-0.4980926751786074,0.7155481899779719,-3.847675462570177,106.6500015258789,0.0750697487883922,0.3250273363478498,2.924144662210804,Moderate
2023-10-14,27.0,99,355,582.0,381.1428571428572,872.0,280.2333333333333,1268.0,5.48,360.48,90.88999938964844,5.686045801916784,2.187391215534196,1.8083583014725524,4.639648573542154,4.8899993896484375,271076,-1.0029095334401552,4.92,3.286666666666666,-0.7206438778596578,92.00230313486766,8.337401874805195,93.00521266830782,461.82261454311305,-0.0499599051055356,-100,33.36,32.20142857142857,27.549666666666667,26.951444444444444,18.34979952552768,-0.5499999999999972,-2.749999999999993,4.651761904761905,85.49747048903879,3.295994118080871,1,Elevated,166.12800328358367,1927.4000244140625,3.108113950051017,0.8630914871747384,-0.5572142725152052,418.24755859375,-0.4980926751786074,0.7155481899779719,-3.847675462570177,106.6500015258789,0.0750697487883922,0.3250273363478498,2.924144662210804,Moderate
2023-10-15,45.0,96,346,541.0,378.1428571428572,912.0,283.06666666666666,1311.0,5.33,351.33,90.88999938964844,5.686045801916784,2.187391215534196,1.8083583014725524,4.639648573542154,4.8899993896484375,254958,-0.9424086248493988,5.162857142857143,3.3746666666666667,-0.7327326266838714,90.5420755633572,8.337401874805195,91.48448418820658,451.1518860630118,0.0605009085907565,-100,33.38,32.6,27.799666666666667,27.019666666666662,15.402504542953784,0.0200000000000031,0.5700000000000003,4.800333333333335,85.60606060606061,3.089148547307867,1,Elevated,162.16385758756343,1927.4000244140625,3.108113950051017,0.8630914871747384,-0.5572142725152052,418.24755859375,-0.4980926751786074,0.7155481899779719,-3.847675462570177,106.6500015258789,0.0750697487883922,0.3250273363478498,2.924144662210804,Moderate
2023-10-16,53.0,97,315,502.0,363.7142857142857,954.0,283.3666666666667,1364.0,5.11,320.11,89.6500015258789,-1.3642841589794896,2.178430875528113,1.8145556207575828,1.2422342588493729,-1.2399978637695312,420779,-0.8308230099013543,5.307142857142857,3.448333333333333,-0.734727066582241,91.61028034516347,3.66693846039254,92.44110335506484,416.21804181545735,0.1115856149480444,100,30.98,32.55285714285714,27.947333333333333,27.049000000000003,14.35792807474022,-2.400000000000002,-2.4200000000000053,4.60552380952381,62.94117647058823,1.87510646066697,1,Elevated,147.99899605516998,1921.0999755859373,-0.3268677362417427,0.864730301150872,-0.9640206604533574,422.6481323242188,1.0521457065438833,0.7455036697701574,-3.0169006604411464,106.23999786376952,-0.3844384962431446,0.322231623919804,1.9186493102328892,Moderate
2023-10-17,41.0,106,350,466.0,362.2857142857143,987.0,287.0,1404.0,5.05,355.05,89.9000015258789,0.2788622373060878,2.1574418700900475,1.8077699980671589,-0.1554857710183488,0.25,446099,-0.8829879079272913,5.385714285714286,3.5170000000000003,-0.7424148470194859,93.02932349560658,2.45185268449797,93.91231140353386,451.41416408803184,-0.052164898025937,100,30.47,32.65,28.10233333333333,27.08944444444444,13.260824490129693,-0.5100000000000016,1.8900000000000008,4.5476666666666645,57.21476510067114,1.5893313292183917,1,Elevated,161.78320335450596,1922.699951171875,0.0832843478356437,0.8555073308391706,-0.1817049158302941,422.6287231445313,-0.0045922785889884,0.7430044659771369,-2.600405740856848,106.25,0.0094146615508217,0.3091293110442229,1.3739170641629217,Moderate
2023-10-18,393.0,182,435,620.0,358.85714285714283,1358.0,291.6333333333333,1790.0,5.53,440.53,91.5,1.779753556133712,2.178879305849009,1.8056579219315951,0.9933791843671936,1.5999984741210938,463394,-1.046143775567082,5.422857142857144,3.6003333333333334,-0.7570419834365167,93.34480727287296,4.05797078041944,94.39095104844004,538.9789218288595,-0.1631558676397906,100,37.72,33.075714285714284,28.477,27.208222222222226,86.01577933819897,7.25,7.760000000000002,4.598714285714287,98.4924623115578,4.372432303280149,1,Elevated,196.71337852185576,1955.300048828125,1.6955374465152715,0.9056231429601902,1.939423060094847,416.9971923828125,-1.3325007159517788,0.7702736700678638,-3.2478357238209243,106.56999969482422,0.3011761833639603,0.3126228947215641,1.6307448736595287,Moderate
2023-10-19,27.0,124,411,598.0,366.7142857142857,1383.0,297.8,1815.0,5.62,416.62,92.37999725341795,0.96174563215079,2.1794511692807066,1.7511325565887037,2.7357641621063022,0.8799972534179688,465805,-0.8344948024145816,5.444285714285714,3.685333333333333,-0.7620649489437842,93.3904442752794,3.414773217642127,94.22493907769396,514.259712295336,0.2116489731525003,100,33.69,33.35857142857143,28.74366666666667,27.27688888888889,85.1582448657625,-4.030000000000001,-11.28,4.614904761904761,87.876254180602,2.5660695739202857,1,Elevated,186.85889710259565,1968.4000244140625,0.6699726517057414,0.9120002686957522,2.6544993175521503,413.3332824707031,-0.8786413863299702,0.7823642117586965,-3.802601684776696,106.25,-0.3002718361082679,0.3180455404806817,1.1326884342849564,Moderate
2023-10-20,60.0,77,245,646.0,351.0,1443.0,298.56666666666666,1873.0,5.39,250.39,92.16000366210938,-0.2381398547838253,2.176270571246585,1.7201585686450669,1.6657497085638573,-0.2199935913085937,438122,-0.8657067197198195,5.358571428571429,3.764333333333333,-0.7688851153615368,93.1716887193343,2.580985396886796,94.03739543905412,347.0083808359409,-0.0312119173052378,-100,31.63,33.03285714285714,28.945,27.326,19.0560595865262,-2.0599999999999987,1.9700000000000024,4.087857142857139,72.12020033388981,1.6938570694686377,1,Elevated,119.99587324656554,1982.5,0.7163165723966358,0.9190372235573552,3.3413247899387155,408.2542419433594,-1.2288002787928742,0.8057226155455893,-5.127541949353698,106.16000366210938,-0.0847024356617653,0.3188332194557773,1.0181819026602756,Moderate
2023-10-21,28.0,96,314,647.0,345.1428571428572,1451.0,300.2,1892.0,5.35,319.35,92.16000366210938,-0.2381398547838253,2.176270571246585,1.7201585686450669,1.6657497085638573,-0.2199935913085937,273845,-0.9024495115718704,5.339999999999999,3.842,-0.7800875705407483,91.6507761420519,2.580985396886796,92.55322565362376,414.48421105051057,-0.0367427918520508,-100,31.78,32.80714285714286,29.13733333333333,27.373222222222225,16.983713959260257,0.1500000000000021,2.210000000000001,3.6698095238095223,73.83333333333333,1.7054693654524722,1,Elevated,147.2830392894795,1982.5,0.7163165723966358,0.9190372235573552,3.3413247899387155,408.2542419433594,-1.2288002787928742,0.8057226155455893,-5.127541949353698,106.16000366210938,-0.0847024356617653,0.3188332194557773,1.0181819026602756,Moderate
2023-10-22,10.0,101,315,612.0,340.7142857142857,1460.0,300.96666666666664,1902.0,5.28,320.28,92.16000366210938,-0.2381398547838253,2.176270571246585,1.7201585686450669,1.6657497085638573,-0.2199935913085937,248580,-0.9964509336616384,5.332857142857143,3.9166666666666665,-0.7950770860954894,90.1425561604319,2.580985396886796,91.13900709409351,413.9999924909803,-0.094001422089768,-100,31.43,32.528571428571425,29.324333333333332,27.403,14.770007110448834,-0.3500000000000014,-0.5000000000000036,3.2042380952380896,70.46589018302829,1.5398399825939055,1,Elevated,147.37219557757342,1982.5,0.7163165723966358,0.9190372235573552,3.3413247899387155,408.2542419433594,-1.2288002787928742,0.8057226155455893,-5.127541949353698,106.16000366210938,-0.0847024356617653,0.3188332194557773,1.0181819026602756,Moderate
2023-10-23,50.0,112,354,609.0,346.2857142857143,1510.0,304.7333333333333,1952.0,5.34,359.34,89.83000183105469,-2.52821369191486,2.227739087499407,1.7356560677368549,-0.8936425022596062,-2.3300018310546875,412212,-0.7600298984865171,5.365714285714286,3.997,-0.8011154908253262,91.17643928713623,4.845317029640228,91.93646918562276,456.121786215263,0.2364210351751212,100,33.57,32.89857142857143,29.591,27.47788888888889,19.7821051758756,2.140000000000001,2.490000000000002,3.3075714285714284,86.79401993355482,2.261419600419406,1,Elevated,164.06142064898063,1976.300048828125,-0.3127339809268603,0.9218650821865656,2.755680271120098,407.5466613769531,-0.1733186073065717,0.7903480950481333,-5.910769983013264,105.54000091552734,-0.5840266816073192,0.3243073248436876,0.9276094707219684,Moderate
2023-10-24,108.0,96,336,676.0,344.2857142857143,1618.0,311.1333333333333,2059.0,5.44,341.44,88.06999969482422,-1.9592587112939648,2.234913689687996,1.718497321738763,-4.334127709736258,-1.7600021362304688,449057,-0.8076111457024088,5.421428571428571,4.087000000000001,-0.8079432200305152,92.63113438939068,4.627585171955587,93.43874553509308,439.5063307070486,-0.0475812472158916,100,34.61,33.49,29.93933333333333,27.56233333333333,22.837906236079466,1.0399999999999991,-1.1000000000000014,3.550666666666672,92.03980099502488,2.5203791376539284,1,Elevated,157.11478317580085,1975.0,-0.0657819559785943,0.9124451649847574,3.332807489380407,410.6192321777344,0.75391877592621,0.8061489295049253,-4.678534835248982,106.2699966430664,0.6916768250962324,0.3456775569207171,1.4898267331043158,Moderate
2023-10-25,63.0,102,355,346.0,332.85714285714283,1677.0,314.46666666666664,2118.0,4.48,359.48,90.12999725341795,2.339045720145294,2.279554312406574,1.729941384158382,-1.9046583068273888,2.05999755859375,461042,-0.7858534831497878,5.271428571428572,4.1466666666666665,-0.8143967351948207,93.01156794717376,4.809065863234607,93.79742143032357,458.08648729355815,0.021757662552621,100,34.09,32.971428571428575,30.22133333333333,27.637666666666664,28.708788312763108,-0.519999999999996,-1.5599999999999952,2.7500952380952413,89.32119205298014,2.240791489274176,1,Elevated,164.47511063135858,1984.0999755859373,0.4607582575158142,0.913530248939805,3.92855277141686,404.7259826660156,-1.4352102994454663,0.8372131394378232,-6.156008726276408,106.52999877929688,0.2446618466581451,0.3475038905100694,1.6798722846451009,Moderate
2023-10-26,107.0,109,401,426.0,331.42857142857144,1784.0,320.5,2225.0,4.59,405.59,87.93000030517578,-2.4409153614600387,2.287394762621737,1.748244778309405,-6.157947525071561,-2.1999969482421875,464521,-0.7993336920674003,5.124285714285714,4.21,-0.8208108602012776,93.0712669683258,5.344104876588933,93.8706006603932,504.80470553698206,-0.0134802089176125,100,34.81,33.13142857142857,30.535666666666664,27.74833333333333,19.96740104458806,0.7199999999999989,1.2399999999999949,2.595761904761908,93.05785123966942,2.384588319641321,1,Elevated,183.14776208271425,1987.199951171875,0.1562408963299288,0.9133957454936346,4.041882260307594,399.8796081542969,-1.1974458570202628,0.8308349252598312,-8.072389251940038,106.5999984741211,0.0657089041831593,0.3313742935827671,1.128920188473037,Moderate
2023-10-27,67.0,95,346,433.0,345.85714285714283,1844.0,322.46666666666664,2290.0,4.73,350.73,90.4800033569336,2.900037578650738,2.355018838274137,1.765340007463318,-3.6729446790516818,2.5500030517578125,433170,-0.7822361676405799,5.03,4.274,-0.8274691220883806,92.86933575311696,5.622350884830044,93.65157192075756,450.0039228055876,0.0170975244268204,-100,34.55,33.54857142857143,30.77433333333333,27.831,19.48548762213411,-0.2600000000000051,-0.980000000000004,2.7742380952380934,91.4191419141914,2.205848690128072,1,Elevated,161.27125473808354,1988.5999755859373,0.0704521159653248,0.9068161812018584,3.373708273711129,398.0669860839844,-0.4532919492141407,0.8130279218325404,-7.373086833059839,106.55999755859376,-0.0375243115383838,0.3308748415649654,1.1773621984072946,Moderate
2023-10-28,11.0,117,367,416.0,353.42857142857144,1853.0,326.7333333333333,2301.0,4.8,371.8,90.4800033569336,2.900037578650738,2.355018838274137,1.765340007463318,-3.6729446790516818,2.5500030517578125,276164,-1.02503847493632,4.951428571428572,4.343333333333333,-0.8407808175652944,91.48605410833184,5.622350884830044,92.51109258326817,469.93344346809823,-0.24280230729574,-100,34.53,33.941428571428574,31.063666666666663,27.919888888888888,23.114011536478696,-0.019999999999996,0.2400000000000091,2.877761904761908,91.2685337726524,2.1163548862596206,1,Elevated,169.47115887058567,1988.5999755859373,0.0704521159653248,0.9068161812018584,3.373708273711129,398.0669860839844,-0.4532919492141407,0.8130279218325404,-7.373086833059839,106.55999755859376,-0.0375243115383838,0.3308748415649654,1.1773621984072946,Moderate
2023-10-29,13.0,99,273,419.0,347.42857142857144,1866.0,329.46666666666664,2308.0,4.77,277.77,90.4800033569336,2.900037578650738,2.355018838274137,1.765340007463318,-3.6729446790516818,2.5500030517578125,255205,-0.881187256735907,4.878571428571428,4.416,-0.846197001659602,90.13758711095863,5.622350884830044,91.01877436769456,374.4111252525246,0.1438512182004129,-100,33.38,34.22,31.34433333333333,27.99344444444444,11.419256091002069,-1.1499999999999986,-1.1300000000000026,2.875666666666664,84.53947368421053,1.6974742093833128,1,Elevated,131.56069522747092,1988.5999755859373,0.0704521159653248,0.9068161812018584,3.373708273711129,398.0669860839844,-0.4532919492141407,0.8130279218325404,-7.373086833059839,106.55999755859376,-0.0375243115383838,0.3308748415649654,1.1773621984072946,Moderate
2023-10-30,64.0,139,434,433.0,358.85714285714283,1927.0,336.9,2371.0,4.93,438.93,87.44999694824219,-3.3488133247943974,2.424778953394834,1.7528245653184484,-7.391722264509005,-3.0300064086914062,416340,-0.8754249484662386,4.82,4.496,-0.85196204312293,91.20259918066242,6.512764504640132,92.07802412912864,537.5207886337688,0.0057623082696683,100,35.65,34.51714285714286,31.688666666666663,28.097,21.828811541348344,2.269999999999996,3.4199999999999946,2.8284761904761915,95.40229885057472,2.31048453601045,1,Elevated,196.59271062768175,1996.199951171875,0.3821771939677365,0.9065684802862002,3.3497256625355964,402.8262023925781,1.195581767634879,0.8534879313096688,-6.320584823502228,106.12000274658205,-0.4129080537654706,0.3400328312496053,0.8745302519281184,Moderate
2023-10-31,64.0,102,336,389.0,358.85714285714283,1989.0,340.1,2435.0,4.86,340.86,87.41000366210938,-0.0457327473167179,2.4248888360835035,1.7518960996813844,-7.345763138426042,-0.0399932861328125,457576,-0.7821051734630788,4.7371428571428575,4.568333333333333,-0.8562687583640863,92.80491809128402,3.205197897242826,93.5870232647471,437.6522211619899,0.0933197750031598,100,33.09,34.3,31.950333333333333,28.166,11.166598875015794,-2.559999999999995,-4.829999999999991,2.349666666666664,83.27868852459017,1.4883612081901982,1,Elevated,156.34348381184657,1985.199951171875,-0.5510470027585423,0.9145822790292644,2.753620661070144,405.3560485839844,0.6280242388355672,0.8672249200297149,-5.536354548806132,106.66000366210938,0.5088587462788619,0.3510203094354067,1.3878391218827613,Moderate
2023-11-01,38.0,125,440,364.0,371.0,2026.0,347.03333333333336,2472.0,4.94,444.94,84.62999725341797,-3.1804213387723324,2.482166317718419,1.7875759122860002,-9.515665179126408,-2.7800064086914062,437572,-0.7631330731290041,4.802857142857143,4.645666666666667,-0.8628283950851905,93.04332291215408,6.614154174403392,93.80645598528308,545.3606101596864,0.0189721003340747,-100,35.21,34.46,32.202000000000005,28.256777777777778,16.094860501670375,2.119999999999997,4.679999999999993,2.257999999999996,94.27168576104746,2.052177079521329,1,Elevated,199.382952866818,1978.800048828125,-0.3223807425530189,0.910188340407902,1.7064182596008282,409.6790771484375,1.0664768860745075,0.8849285662585131,-3.643074454809292,106.87999725341795,0.2062568758252725,0.3518232763182491,1.6355967396455506,Moderate
2023-11-02,59.0,106,359,316.0,365.0,2085.0,352.56666666666666,2531.0,4.81,363.81,86.8499984741211,2.623184795877398,2.53905967152606,1.7818706234411237,-6.913187959981737,2.220001220703125,435248,-0.7691461403809942,4.8342857142857145,4.7203333333333335,-0.8670508482305783,92.99982220975744,5.853563263401632,93.76896835013842,463.4325316135401,-0.00601306725199,-100,35.06,34.49571428571429,32.537333333333336,28.35155555555556,15.53006533625996,-0.1499999999999985,-2.269999999999996,1.9583809523809563,93.4640522875817,1.9400016785756773,1,Elevated,166.61921897538832,1985.5999755859373,0.3436389018607322,0.8709870423074358,3.45977626633005,417.5303649902344,1.9164483323008907,0.9112628403996298,-0.1460408585976402,106.12000274658205,-0.7110727230222103,0.3774035465748634,0.7213383939139728,Moderate
2023-11-03,64.0,95,332,313.0,363.0,2148.0,354.93333333333334,2594.0,4.79,336.79,84.88999938964844,-2.25676352205888,2.5661090283733685,1.7847700752457485,-8.984665546292725,-1.959999084472656,419576,-0.8135958716874397,4.842857142857143,4.796666666666667,-0.871710239645677,92.74769185695648,5.721339105061521,93.56128772864392,436.0726268337055,-0.0444497313064455,-100,34.69,34.51571428571429,32.754,28.441333333333336,11.422248656532224,-0.3700000000000045,-0.2200000000000059,1.761714285714291,92.00652528548125,1.7768925533562812,1,Elevated,155.7167931877534,1991.5,0.2971406369161267,0.8707885432793966,3.433051560599876,421.3395690917969,0.9123178625946472,0.925169087809584,0.992046278961478,105.0199966430664,-1.0365681069029686,0.4222737481497189,-0.5304083901081724,Moderate
2023-11-04,62.0,205,430,364.0,372.0,2210.0,359.8333333333333,2653.0,5.2,435.2,84.88999938964844,-2.25676352205888,2.5661090283733685,1.7847700752457485,-8.984665546292725,-1.959999084472656,274726,-0.8524796381970775,4.9,4.884333333333333,-0.8789477020213201,91.35251579453455,5.721339105061521,92.20499543273164,533.1263345377931,-0.0388837665096377,-100,35.17,34.607142857142854,33.04266666666667,28.534888888888894,14.694418832548193,0.480000000000004,0.8500000000000085,1.564476190476185,94.13680781758956,1.852084774929344,1,Elevated,194.80953472857092,1991.5,0.2971406369161267,0.8707885432793966,3.433051560599876,421.3395690917969,0.9123178625946472,0.925169087809584,0.992046278961478,105.0199966430664,-1.0365681069029686,0.4222737481497189,-0.5304083901081724,Moderate
2023-11-05,52.0,103,341,403.0,381.7142857142857,2262.0,365.8333333333333,2705.0,5.34,346.34,84.88999938964844,-2.25676352205888,2.5661090283733685,1.7847700752457485,-8.984665546292725,-1.959999084472656,252088,-0.901263317666954,4.981428571428572,4.978999999999999,-0.8865316301265832,89.97084615635023,5.721339105061521,90.8721094740172,442.9334485790787,-0.0487836794698763,-100,35.3,34.88142857142857,33.39266666666666,28.630777777777777,13.643918397349378,0.1299999999999954,-0.3500000000000085,1.4887619047619085,94.6341463414634,1.8287131201604383,1,Elevated,158.99895753682804,1991.5,0.2971406369161267,0.8707885432793966,3.433051560599876,421.3395690917969,0.9123178625946472,0.925169087809584,0.992046278961478,105.0199966430664,-1.0365681069029686,0.4222737481497189,-0.5304083901081724,Moderate
2023-11-06,45.0,112,350,384.0,369.7142857142857,2106.0,361.76666666666665,2750.0,5.16,355.16,85.18000030517578,0.3416196461449194,2.5680772784658785,1.7846668381342328,-8.693322468390841,0.2900009155273437,407356,-0.6819052013182882,5.014285714285714,5.042666666666666,-0.8729855238846999,90.94551542893774,3.779029171449882,91.62742063025604,450.566449801706,0.2193581163486656,100,33.83,34.621428571428574,33.467666666666666,28.71155555555556,14.296790581743323,-1.4699999999999989,-1.5999999999999943,1.1537619047619074,87.17532467532467,1.3905335073444696,1,Elevated,161.90109579463115,1981.5999755859373,-0.4971139550119297,0.871728235776534,3.3914223535419064,422.3088989257813,0.2300590557098081,0.9230979203652906,0.800491014052418,105.22000122070312,0.1904442811176965,0.4169154084470866,-0.7358479049970557,Moderate
2023-11-07,95.0,105,358,415.0,372.8571428571428,2115.0,361.4666666666666,2778.0,5.25,363.25,81.61000061035156,-4.191124303867011,2.6577358421605264,1.841614514400339,-13.14388952155917,-3.5699996948242188,454675,-0.7244576288721624,5.07,5.096666666666667,-0.8603421648763535,92.44813251382882,8.163249098183455,93.17259014270098,464.5858392408844,-0.0425524275538741,100,37.51,35.25285714285714,33.69833333333334,28.794444444444444,21.11276213776937,3.68,5.149999999999999,1.5545238095238003,98.21717990275528,2.297395959123547,1,Elevated,167.1998176678136,1966.800048828125,-0.7468675282677251,0.8681697273543127,3.494002502685456,423.5107727050781,0.2845958923323843,0.8793338191311447,2.594621456509949,105.54000091552734,0.3041243975591801,0.4189492260179129,-0.6495363076360228,Moderate
2023-11-08,54.0,75,261,431.0,347.2857142857143,2077.0,356.3,2832.0,5.0,266.0,79.54000091552734,-2.5364534730338617,2.6139276257251174,1.8621299382429453,-17.617816259531217,-2.0699996948242188,466449,-0.631599523701048,5.078571428571428,5.126666666666667,-0.8489728147975982,92.845100877182,6.9121627247121005,93.47670040088305,366.3888631255952,0.0928581051711143,100,34.78,35.19142857142857,33.814,28.860666666666667,21.164290525855574,-2.729999999999997,-6.409999999999997,1.3774285714285668,91.8284789644013,1.5391766013920305,1,Elevated,127.86020517006143,1951.5,-0.7779158251110085,0.8299129412192833,4.269075948723944,423.8209838867188,0.0732475303188318,0.8792905217175099,2.628798800121434,105.58999633789062,0.0473710649323333,0.4110931013439943,-1.0124700943035192,Moderate
2023-11-09,43.0,108,384,415.0,350.85714285714283,2043.0,357.1,2874.0,4.99,388.99,80.01000213623047,0.5908991894559845,2.62034915977808,1.8423822481370336,-16.11448475548861,0.470001220703125,463934,-0.5726581691969421,5.104285714285714,5.143,-0.838462214339996,92.9188697423544,4.822696824782926,93.49152791155132,487.3042247363343,0.0589413545041058,-100,34.23,35.07285714285714,33.962,28.95411111111111,12.594706772520528,-0.5500000000000043,2.1799999999999926,1.1108571428571352,88.52988691437803,1.3621726480252383,1,Elevated,176.22338431222343,1964.199951171875,0.650778948084807,0.8227514953458569,5.57944127046035,420.5157775878906,-0.7798590500444735,0.8881856894925652,1.2415134361486668,105.91000366210938,0.3030659487805343,0.4087526119536331,-0.291844807975139,Moderate
2023-11-10,34.0,105,374,385.0,356.85714285714283,1838.0,354.26666666666665,2895.0,4.99,378.99,81.43000030517578,1.7747758168129124,2.653475735857671,1.850985994278994,-14.563002422578975,1.4199981689453125,442053,-0.5408544071470542,5.132857142857143,5.133666666666667,-0.8281189915157801,92.75505544050662,5.8845517949284805,93.29590984765368,478.17046164258215,0.0318037620498878,-100,34.21,35.00428571428571,33.94433333333333,29.040111111111116,11.95901881024944,-0.019999999999996,0.5300000000000082,1.0599523809523743,88.06451612903226,1.3245329019635954,1,Elevated,172.60900268750214,1932.5999755859373,-1.6087962718400628,0.8729914432176306,4.5722634660611,427.0777893066406,1.5604674232177818,0.9281614191466028,3.0714887289259973,105.86000061035156,-0.0472127750248629,0.4087530560797648,-0.2919822585853882,Moderate
2023-11-11,35.0,128,428,358.0,356.57142857142856,1824.0,356.6666666666667,2918.0,4.71,432.71,81.43000030517578,1.7747758168129124,2.653475735857671,1.850985994278994,-14.563002422578975,1.4199981689453125,268560,-0.765242377812403,5.062857142857142,5.108333333333333,-0.8257493345715139,91.28614963928612,5.8845517949284805,92.05139201709852,530.645943812027,-0.2243879706653487,-100,34.01,34.83857142857143,34.021,29.12577777777778,14.121939853326747,-0.2000000000000028,-0.1800000000000068,0.8175714285714264,87.27858293075684,1.2437855522357617,1,Elevated,193.8480991213911,1932.5999755859373,-1.6087962718400628,0.8729914432176306,4.5722634660611,427.0777893066406,1.5604674232177818,0.9281614191466028,3.0714887289259973,105.86000061035156,-0.0472127750248629,0.4087530560797648,-0.2919822585853882,Moderate
2023-11-12,45.0,78,227,351.0,340.2857142857143,1857.0,352.4,2960.0,4.54,231.54,81.43000030517578,1.7747758168129124,2.653475735857671,1.850985994278994,-14.563002422578975,1.4199981689453125,245290,-0.8734648672042166,4.948571428571428,5.0600000000000005,-0.8230998425338337,89.79872141270624,5.8845517949284805,90.67218627991046,328.0967380748389,-0.1082224893918135,-100,33.54,34.58714285714286,34.00866666666666,29.20266666666667,14.241112446959068,-0.4699999999999988,-0.269999999999996,0.578476190476195,84.08360128617363,1.0994531886793562,1,Elevated,113.10425797395348,1932.5999755859373,-1.6087962718400628,0.8729914432176306,4.5722634660611,427.0777893066406,1.5604674232177818,0.9281614191466028,3.0714887289259973,105.86000061035156,-0.0472127750248629,0.4087530560797648,-0.2919822585853882,Moderate
2023-11-13,52.0,131,401,358.0,347.57142857142856,1882.0,353.93333333333334,3008.0,4.64,405.64,82.5199966430664,1.3385685052261342,2.542396137795491,1.8372458530213769,-9.028775795465949,1.089996337890625,406918,-0.6851788964263519,4.874285714285714,5.031999999999999,-0.8125088213000404,90.86172238679644,4.78384222256822,91.5469012832228,501.970743505791,0.1882859707778647,100,33.67,34.56428571428571,34.019,29.27677777777778,13.34142985388932,0.1300000000000025,0.6000000000000014,0.5452857142857113,85.23274478330659,1.107792692800169,1,Elevated,182.47891714567183,1945.5,0.6674958386125196,0.8508413045782764,6.311475409836076,426.6707153320313,-0.0953161191712292,0.9285155707505792,3.014223197166777,105.66000366210938,-0.1889258899386736,0.3880518247330636,-1.1599605669503577,Moderate
2023-11-14,37.0,112,400,300.0,353.57142857142856,1874.0,355.7333333333333,3044.0,4.58,404.58,82.47000122070312,-0.0605858269475345,2.54091406628839,1.8337879956216792,-9.29388156447233,-0.0499954223632812,447602,-0.6615639710951893,4.778571428571429,5.007000000000001,-0.8031473328415667,92.36921461786366,3.530888049683157,93.03077858895884,501.141666638642,0.0236149253311626,100,33.02,33.92285714285715,34.007,29.351444444444446,13.71807462665581,-0.6499999999999986,-0.7800000000000011,-0.0841428571428508,81.08974358974359,0.9235287668937732,1,Elevated,181.85051093766504,1961.800048828125,0.8378334015998412,0.8528959827266249,7.51946043395777,434.9483642578125,1.940055557677467,0.9457525956367486,6.437532980771721,104.11000061035156,-1.466972362327923,0.4664592524969652,-2.7009340090172307,Moderate
2023-11-15,665.0,104,384,911.0,371.1428571428572,2486.0,358.03333333333336,3621.0,5.98,389.98,81.18000030517578,-1.5642062524954925,2.348304600435668,1.827865839383844,-5.39563848636222,-1.2900009155273438,448230,-0.6510813792610154,4.918571428571428,5.036,-0.7971559451535554,92.58402623532916,4.452074701567382,93.23510761459018,487.6671823161576,0.0104825918341738,100,43.63,35.18714285714286,34.428666666666665,29.522,100.0,10.61,11.259999999999998,0.7584761904761947,100.0,3.322722765053826,1,Elevated,176.419851403545,1960.0999755859373,-0.0866588439124127,0.8482768314911251,7.786635995927282,435.8691711425781,0.2117048735973181,0.9407286772714638,5.891760510745669,104.38999938964844,0.2689451327013481,0.4706057163184577,-2.2565576715774305,High
2023-11-16,34.0,82,322,902.0,362.2857142857143,2479.0,357.1,3655.0,5.84,327.84,77.41999816894531,-4.631685294525356,2.4650131745674675,1.8906229795197096,-7.910076781275777,-3.7600021362304688,455519,-0.5983880784988151,5.04,5.062333333333333,-0.7876692841726062,92.65774032357822,7.887706147220401,93.25612840207704,428.9838345492974,0.0526933007622002,100,37.5,35.65428571428571,34.663,29.636666666666663,100.0,-6.130000000000003,-16.740000000000002,0.9912857142857164,97.92332268370608,1.819941811067468,1,Elevated,152.94230813930358,1983.9000244140625,1.2142262703212614,0.8631130706766499,9.209515087335785,436.40234375,0.1223240005766568,0.939815535147209,6.0612535744602125,104.37000274658205,-0.0191557076188564,0.4655932591010632,-1.843317079582918,Moderate
2023-11-17,97.0,96,348,965.0,358.57142857142856,2183.0,354.2,3752.0,5.92,353.92,80.61000061035156,4.120385581054986,2.587317452127212,1.93344275198719,-4.693782377343824,3.19000244140625,439315,-0.5853940962519582,5.172857142857143,5.075333333333334,-0.7723109615287688,92.46931553260696,7.177081270916581,93.05470962885892,454.1517908997755,0.0129939822468569,-100,37.53,36.12857142857143,34.656666666666666,29.764777777777777,23.464969911234288,0.0300000000000011,6.160000000000004,1.4719047619047672,98.08612440191388,1.7720284440675018,1,Elevated,163.04977443413844,1981.5999755859373,-0.1159357225576029,0.8619689314784021,8.272321519685399,436.945068359375,0.1243633580680025,0.9211871615741672,4.94714350331964,103.81999969482422,-0.5269742620331863,0.4718528305246493,-2.093550737020078,Moderate
2023-11-18,143.0,196,426,1073.0,358.2857142857143,2299.0,354.7,3874.0,6.33,432.33,80.61000061035156,4.120385581054986,2.587317452127212,1.93344275198719,-4.693782377343824,3.19000244140625,276899,-0.7965480510925435,5.404285714285714,5.099,-0.7710460698180341,90.99107417859656,7.177081270916581,91.78762222968908,531.2947035006057,-0.2111539548405853,-100,38.31,36.74285714285714,34.81066666666666,29.90077777777778,24.35576977420293,0.7800000000000011,0.75,1.9321904761904776,99.04458598726114,1.8873910898793824,1,Elevated,194.1603569543045,1981.5999755859373,-0.1159357225576029,0.8619689314784021,8.272321519685399,436.945068359375,0.1243633580680025,0.9211871615741672,4.94714350331964,103.81999969482422,-0.5269742620331863,0.4718528305246493,-2.093550737020078,Moderate
2023-11-19,46.0,114,357,1074.0,376.8571428571428,2285.0,358.43333333333334,3920.0,6.54,363.54,80.61000061035156,4.120385581054986,2.587317452127212,1.93344275198719,-4.693782377343824,3.19000244140625,248740,-0.7938999499198832,5.69,5.137333333333333,-0.7686525108247029,89.50910799379986,7.177081270916581,90.30300794371976,461.0200892146364,0.0026481011726602,-100,38.31,37.42428571428572,35.03333333333333,30.029,31.5132405058633,0.0,-0.7800000000000011,2.3909523809523847,98.96661367249602,1.828118046509282,1,Elevated,166.34743409711064,1981.5999755859373,-0.1159357225576029,0.8619689314784021,8.272321519685399,436.945068359375,0.1243633580680025,0.9211871615741672,4.94714350331964,103.81999969482422,-0.5269742620331863,0.4718528305246493,-2.093550737020078,Moderate
2023-11-20,53.0,84,263,1075.0,357.1428571428572,2310.0,356.7333333333333,3973.0,6.3,269.3,82.31999969482422,2.12132374584435,2.492282256474187,1.9360768943056497,-6.613728565101762,1.7099990844726562,392135,-0.53837749256893,5.927142857142857,5.169,-0.7565167768579382,90.43475974528415,5.274978858828714,90.9731372378531,365.5481160966818,0.2555224573509532,100,35.06,37.62285714285714,35.14266666666666,30.136333333333333,15.077612286754768,-3.25,-3.25,2.4801904761904794,92.3015873015873,1.0861051973220943,1,Elevated,128.0246189911021,1977.699951171875,-0.1968118925167683,0.8528665905169812,6.931600495911061,440.30853271484375,0.7697682383961402,0.9237907098813132,5.082231700740869,103.47000122070312,-0.3371204730783117,0.4738764378115152,-2.4604077727188423,Moderate
2023-11-21,143.0,90,318,1181.0,345.42857142857144,2443.0,356.8333333333333,4098.0,6.39,324.39,82.44999694824219,0.157916975097061,2.492092843199999,1.9269095568194936,-5.932691941940704,0.1299972534179687,452892,-0.607339476298579,6.185714285714285,5.206,-0.7435463949458363,92.03355728226327,3.2432790124911306,92.64089675856188,420.274175771053,-0.068961983729649,100,37.09,38.20428571428572,35.33133333333333,30.256666666666664,29.244809918648244,2.030000000000001,5.280000000000001,2.872952380952384,96.98890649762282,1.4943308720096695,1,Elevated,149.58149095670882,1999.300048828125,1.092182747107362,0.86461555101552,7.431491070828855,439.3489379882813,-0.217936890899173,0.9239537289702144,4.310297606989066,103.58999633789062,0.1159709246852713,0.4742909081396388,-2.11660725163737,Moderate
2023-11-22,150.0,104,375,666.0,344.1428571428572,2543.0,357.53333333333336,4216.0,5.35,380.35,81.95999908447266,-0.5942970065567432,2.467329976265601,1.9226248967833997,-4.497786791048375,-0.4899978637695312,454763,-0.5965132731252142,6.095714285714285,5.206333333333333,-0.7380958407671261,92.36653054862062,3.511405661927182,92.96304382174584,476.82444948367305,0.0108262031733648,100,35.94,37.105714285714285,35.410333333333334,30.36355555555556,21.854131015866827,-1.1500000000000057,-3.180000000000007,1.695380952380951,95.56962025316456,1.214335600907545,1,Elevated,172.13717102912003,1991.4000244140625,-0.3951395098846233,0.8689636269320532,6.332762307441708,441.0451965332031,0.386084589777047,0.923730978474716,4.285829018989373,103.91999816894533,0.318565346771793,0.4794918983827982,-1.7955032426368756,Moderate
2023-11-23,86.0,119,441,718.0,361.1428571428572,2521.0,361.03333333333336,4301.0,5.65,446.65,81.37000274658203,-0.7198588878491119,2.4688322302182724,1.9241461389861336,-5.383717736532523,-0.589996337890625,408572,-0.7202187797931674,6.068571428571429,5.213333333333334,-0.7351827619034847,92.04972429991962,3.727062891720637,92.7699430797128,543.1470059714334,-0.1237055066679532,-100,36.45,36.95571428571429,35.471666666666664,30.473777777777777,26.418527533339773,0.5100000000000051,1.6600000000000108,1.4840476190476295,95.89257503949446,1.2940847217243792,1,Elevated,198.7048137726308,1991.4000244140625,-0.3951395098846233,0.8689636269320532,6.332762307441708,441.0451965332031,0.386084589777047,0.923730978474716,4.285829018989373,103.91999816894533,0.318565346771793,0.4794918983827982,-1.7955032426368756,Moderate
2023-11-24,9.0,74,261,630.0,348.7142857142857,2467.0,357.9,4307.0,5.35,266.35,80.58000183105469,-0.970874878777772,2.2114984879373965,1.9270128692003032,-11.343379500306128,-0.7900009155273438,395185,-0.7140236711566292,5.987142857142857,5.242333333333334,-0.7327884348370461,91.53437517998132,4.316711316745781,92.24839885113794,362.91511016788377,0.0061951086365381,-100,35.06,36.60285714285715,35.504,30.56844444444444,28.430975543182697,-1.3900000000000006,-1.9000000000000057,1.098857142857149,91.7981072555205,0.9713813363823584,1,Elevated,126.71636429692592,2002.199951171875,0.5423283431459369,0.8677201916612078,7.109607814276031,441.3166198730469,0.0615409354817186,0.9129102562342388,4.990081852847261,103.4000015258789,-0.5003816899813995,0.4632522010046759,-2.974568995048299,Moderate
2023-11-25,11.0,81,275,498.0,327.1428571428572,2371.0,353.7,4317.0,4.63,279.63,80.58000183105469,-0.970874878777772,2.2114984879373965,1.9270128692003032,-11.343379500306128,-0.7900009155273438,264161,-0.9499179376713388,5.744285714285715,5.243666666666667,-0.7378079096905108,89.96650312885785,4.316711316745781,90.9164210665292,374.863132383275,-0.2358942665147094,-100,33.42,35.90428571428571,35.45766666666667,30.647777777777776,18.779471332573543,-1.6400000000000006,-0.25,0.4466190476190448,81.81102362204724,0.6012567402361698,1,Elevated,131.76196874000414,2002.199951171875,0.5423283431459369,0.8677201916612078,7.109607814276031,441.3166198730469,0.0615409354817186,0.9129102562342388,4.990081852847261,103.4000015258789,-0.5003816899813995,0.4632522010046759,-2.974568995048299,Moderate
2023-11-26,4.0,69,217,456.0,307.1428571428572,2308.0,349.4,4318.0,4.31,221.31,80.58000183105469,-0.970874878777772,2.2114984879373965,1.9270128692003032,-11.343379500306128,-0.7900009155273438,245335,-0.8269008606454237,5.425714285714286,5.229666666666668,-0.7392967327906722,88.49664264411652,4.316711316745781,89.32354350476194,314.95025482150777,0.123017077025915,-100,32.62,35.09142857142857,35.39333333333334,30.72255555555556,15.215085385129578,-0.8000000000000043,0.8399999999999963,-0.3019047619047654,76.10062893081762,0.4136391420871034,1,Elevated,108.1153932276507,2002.199951171875,0.5423283431459369,0.8677201916612078,7.109607814276031,441.3166198730469,0.0615409354817186,0.9129102562342388,4.990081852847261,103.4000015258789,-0.5003816899813995,0.4632522010046759,-2.974568995048299,Moderate
2023-11-27,7.0,62,177,410.0,294.85714285714283,2304.0,343.06666666666666,4322.0,4.09,181.09,79.9800033569336,-0.7445997275838501,2.204840853020536,1.9194720865138355,-10.786389296551114,-0.5999984741210938,413602,-0.6184838721578467,5.109999999999999,5.206,-0.7257449126980564,89.57213275672534,4.028079510259497,90.1906166288832,275.3086961391427,0.2084169884875769,100,31.47,34.57857142857143,35.291333333333334,30.781666666666663,13.842084942437882,-1.1499999999999986,-0.3499999999999943,-0.7127619047619049,66.79748822605966,0.1508900729012569,1,Elevated,92.08535512988044,2011.800048828125,0.4794774693022585,0.6797154998757844,4.378957317888399,440.5218200683594,-0.1800974105430564,0.906753269531088,5.32561661555202,103.1999969482422,-0.1934280219393014,0.4623547480256664,-3.234884695992779,Moderate
2023-11-28,11.0,84,278,278.0,289.1428571428572,2302.0,343.2333333333333,4326.0,3.78,281.78,81.68000030517578,2.125527477981537,2.248525183323149,1.9202739188776756,-9.143493972396532,1.6999969482421875,452030,-0.5566935272311188,4.737142857142857,5.173,-0.7149284550478968,91.1123424615685,5.28840205854434,91.66903598879962,378.737438047344,0.0617903449267279,100,33.33,34.04142857142857,35.28966666666667,30.861555555555555,14.20895172463364,1.8599999999999997,3.009999999999998,-1.2482380952381007,80.72100313479625,0.5434066857526485,1,Elevated,133.16116802117764,2039.699951171875,1.3868128872947194,0.710008987391334,6.173545213323139,440.9579772949219,0.0990092219483651,0.8916064125306724,4.332172218534125,102.75,-0.4360435673926188,0.4635112586523194,-3.285013115535562,Moderate
2023-11-29,5.0,62,207,133.0,265.1428571428572,2243.0,335.6666666666667,4291.0,3.24,210.24,83.0999984741211,1.7384894265914053,2.2472247635158777,1.9256182270859172,-9.18032953647968,1.4199981689453125,453567,-0.5631404120127054,4.435714285714285,5.116666666666666,-0.7045189704994458,91.40365396509802,4.903747143755251,91.96679437711072,307.110541520866,-0.0064468847815866,100,32.16,33.501428571428576,35.17333333333333,30.915888888888887,16.63223442390793,-1.1700000000000017,-3.030000000000001,-1.6719047619047558,72.6134585289515,0.2747402794553856,1,Elevated,104.45085773292423,2047.0999755859373,0.362799656381374,0.7102270747621565,6.47006956744558,440.6477355957031,-0.0703562958815129,0.8920683739947489,4.26355603970856,102.7699966430664,0.0194614531059844,0.4636043081812875,-3.2752972771139754,Moderate
2023-11-30,1.0,78,284,48.0,242.7142857142857,2180.0,333.93333333333334,4291.0,2.84,286.84,82.83000183105469,-0.3249057136270439,2.2346365842397047,1.9237189552394056,-10.337730792701382,-0.2699966430664062,460130,-0.5381071790049728,4.034285714285714,5.049333333333333,-0.6963857040175088,91.42363971683774,3.593315377136886,91.96174689584272,382.39506227297954,0.0250332330077325,100,31.53,32.79857142857143,35.12133333333334,30.963,14.925166165038666,-0.6299999999999955,0.5400000000000063,-2.3227619047619115,67.109375,0.1256593845246536,1,Elevated,134.5656755300233,2038.0999755859373,-0.4396463341964529,0.6617239079364182,4.234640448530502,442.3828125,0.3937560014807051,0.848200281823771,6.087719673153802,103.5,0.710327314176129,0.4817764817337223,-2.8807353885854647,Moderate
2023-12-01,98.0,151,520,137.0,279.7142857142857,2240.0,336.6,4388.0,3.43,523.43,78.87999725341797,-4.7688089947087065,2.376209017435482,1.981198140317354,-14.409728603506275,-3.950004577636719,436798,-0.5580878383472481,3.76,4.999,-0.689550862858117,91.41758295417269,8.585990872494817,91.97567079251992,623.9916616650147,-0.0199806593422752,-100,37.43,33.137142857142855,35.19533333333333,31.07322222222222,35.39990329671138,5.899999999999999,6.529999999999994,-2.0581904761904752,97.19188767550702,1.397732649499272,1,Elevated,231.2015305075019,2071.0,1.6142497820600843,0.7085786616729692,5.212353907406531,444.9999084472656,0.591590783664464,0.8258701319649955,7.661281420957677,103.2699966430664,-0.2222254656363276,0.4808466835576807,-2.804709041819853,Moderate
2023-12-02,110.0,120,397,236.0,297.1428571428572,2291.0,337.8666666666667,4498.0,3.84,400.84,78.87999725341797,-4.7688089947087065,2.376209017435482,1.981198140317354,-14.409728603506275,-3.950004577636719,276679,-0.75497459509795,3.647142857142857,4.966666666666667,-0.6890784780153488,90.17673696058816,8.585990872494817,90.9317115556861,500.35770242818086,-0.1968867567507018,-100,36.09,33.51857142857143,35.22966666666667,31.183555555555557,17.484433783753506,-1.3399999999999963,-7.239999999999995,-1.7110952380952398,95.48286604361373,1.078852085553799,1,Elevated,181.9567386601352,2071.0,1.6142497820600843,0.7085786616729692,5.212353907406531,444.9999084472656,0.591590783664464,0.8258701319649955,7.661281420957677,103.2699966430664,-0.2222254656363276,0.4808466835576807,-2.804709041819853,Moderate
2023-12-03,103.0,94,332,335.0,313.57142857142856,2330.0,337.8666666666667,4591.0,4.19,336.19,78.87999725341797,-4.7688089947087065,2.376209017435482,1.981198140317354,-14.409728603506275,-3.950004577636719,252493,-0.8419499196451559,3.63,4.946666666666667,-0.6900236129472728,88.86926657768807,8.585990872494817,89.71121649733323,434.487207369828,-0.0869753245472059,-100,35.92,33.99,35.27066666666666,31.284222222222223,15.334876622736036,-0.1700000000000017,1.1699999999999946,-1.2806666666666615,95.02332814930016,1.0185543145132308,1,Elevated,155.85263964846456,2071.0,1.6142497820600843,0.7085786616729692,5.212353907406531,444.9999084472656,0.591590783664464,0.8258701319649955,7.661281420957677,103.2699966430664,-0.2222254656363276,0.4808466835576807,-2.804709041819853,Moderate
2023-12-04,101.0,131,447,429.0,352.1428571428572,2369.0,338.43333333333334,4691.0,4.78,451.78,78.02999877929688,-1.077584309987112,2.347890425748644,1.981523879061175,-13.13592654038942,-0.8499984741210938,411084,-0.6067511404187359,3.7285714285714286,4.932666666666666,-0.6818326630213281,89.93630539355497,4.739067389774698,90.54305653397373,547.0621239237483,0.2351987792264199,100,34.46,34.417142857142856,35.247,31.37377777777777,17.4759938961321,-1.4600000000000009,-1.2899999999999991,-0.8298571428571435,87.81055900621118,0.6807731800545107,1,Elevated,200.71623826270465,2024.0999755859373,-2.2646076491580125,0.8284723314759999,2.098359424259133,442.6639099121094,-0.5249435990464013,0.7917122316669701,8.428490002933998,103.63999938964844,0.3582867808748613,0.4878816596842338,-2.373779375970741,Moderate
2023-12-05,169.0,122,430,587.0,373.8571428571428,2486.0,341.4,4856.0,5.32,435.32,77.19999694824219,-1.0636958144806583,2.3335772647267934,1.982620118631095,-12.342458026851622,-0.8300018310546875,450886,-0.6319658137339085,3.948571428571429,4.932,-0.6728560795568932,91.49195436550168,4.631518881892614,92.1239201792356,532.0754390611282,-0.0252146733151725,100,36.89,34.925714285714285,35.3,31.503777777777778,29.126073366575863,2.43,3.890000000000001,-0.3742857142857119,96.43410852713178,1.1911601264399063,1,Elevated,194.40539158860415,2018.5,-0.2766649697881873,0.8279198720653805,2.135300821193531,442.5766906738281,-0.0197032638821981,0.7892181058046387,8.595341985754757,104.0500030517578,0.395603690200641,0.4856856642534117,-1.411784963847118,Moderate
2023-12-06,86.0,117,448,668.0,408.2857142857143,2527.0,344.6666666666667,4941.0,5.82,453.82,74.30000305175781,-3.756468926324752,2.3511175489966605,2.018750576666158,-17.563513462838632,-2.899993896484375,453627,-0.6136435366598958,4.317142857142858,4.953999999999999,-0.6705806907349469,91.8540376539701,7.863937821605275,92.46768119063,554.1516190122352,0.0183222770740126,100,38.29,35.80142857142857,35.44866666666666,31.64444444444445,31.691611385370067,1.3999999999999986,-1.0300000000000011,0.3527619047619126,98.76160990712074,1.4657313927957676,1,Elevated,203.16711136676813,2030.5,0.5945008669804297,0.8328438205649957,2.8101265822784827,440.7932434082031,-0.4029690906020566,0.7934267000097407,7.348416456394347,104.1500015258789,0.0961061712524413,0.4662670805270072,-1.9949140718504177,Moderate
2023-12-07,126.0,86,328,793.0,414.57142857142856,2558.0,343.6666666666667,5063.0,6.12,334.12,74.05000305175781,-0.3364737412269614,2.326015933370942,2.008862049862441,-15.785280570050176,-0.25,451886,-0.5940273865498025,4.785714285714286,4.983,-0.666233015990868,91.83221296266154,4.241017731602921,92.42624034921134,430.7872580808143,0.0196161501100933,-100,35.72,36.4,35.389,31.76155555555556,21.098080750550466,-2.5700000000000003,-3.969999999999999,1.0110000000000028,93.81761978361668,0.8794384752248908,1,Elevated,153.82965516248345,2029.9000244140625,-0.0295481697088151,0.8302414326563959,2.308353882953873,444.1565856933594,0.7630203809729341,0.7325868719235161,9.742543033092677,103.54000091552734,-0.5856942884441496,0.4717970255089915,-2.806719138300229,Moderate
2023-12-08,85.0,97,349,780.0,390.1428571428572,2589.0,346.6,5147.0,5.81,354.81,75.83999633789062,2.4172764515373317,2.3029178231700453,2.0100498689168957,-16.18037851003361,1.7899932861328125,419508,-0.6469111307839459,5.125714285714286,5.01,-0.6667434028936314,91.4648867401032,6.3382321257107375,92.11179787088714,453.2600299965979,-0.0528837442341434,-100,36.63,36.285714285714285,35.45066666666666,31.886444444444443,21.564418721170725,0.9100000000000036,3.480000000000004,0.8350476190476215,95.679012345679,1.0592533069891594,1,Elevated,162.88165242446172,1998.300048828125,-1.5567257109156851,0.8820637204972815,0.5585798072158754,446.0661010742188,0.4299194118395189,0.6748672736797767,11.550099574495045,104.01000213623048,0.4539320229353327,0.4815456765626552,-2.429640126607868,Moderate
2023-12-09,96.0,102,366,766.0,385.7142857142857,2642.0,346.0,5243.0,5.71,371.71,75.83999633789062,2.4172764515373317,2.3029178231700453,2.0100498689168957,-16.18037851003361,1.7899932861328125,275256,-0.7129825637414094,5.392857142857143,5.034000000000001,-0.6714208827117804,89.9884295487383,6.3382321257107375,90.7014121124797,468.74964423819046,-0.0660714329574635,-100,36.21,36.30285714285714,35.516666666666666,32.00822222222222,13.530357164787317,-0.4200000000000017,-1.3300000000000054,0.7861904761904768,95.22342064714944,0.9453657398759486,1,Elevated,169.35957527278023,1998.300048828125,-1.5567257109156851,0.8820637204972815,0.5585798072158754,446.0661010742188,0.4299194118395189,0.6748672736797767,11.550099574495045,104.01000213623048,0.4539320229353327,0.4815456765626552,-2.429640126607868,Moderate
2023-12-10,131.0,109,339,794.0,386.7142857142857,2739.0,344.8333333333333,5374.0,5.81,344.81,75.83999633789062,2.4172764515373317,2.3029178231700453,2.0100498689168957,-16.18037851003361,1.7899932861328125,252093,-0.7052679459196646,5.624285714285714,5.061333333333334,-0.6769013340042006,88.50194035512973,6.3382321257107375,89.20720830104939,440.35544042676014,0.0077146178217448,-100,37.23,36.49,35.61733333333334,32.13688888888888,18.03857308910872,1.019999999999996,1.4399999999999975,0.8726666666666603,96.76923076923076,1.1507127182288597,1,Elevated,158.30073451049418,1998.300048828125,-1.5567257109156851,0.8820637204972815,0.5585798072158754,446.0661010742188,0.4299194118395189,0.6748672736797767,11.550099574495045,104.01000213623048,0.4539320229353327,0.4815456765626552,-2.429640126607868,Moderate
2023-12-11,72.0,134,405,765.0,380.7142857142857,2776.0,344.06666666666666,5446.0,5.73,410.73,76.02999877929688,0.2505306574116073,2.2457065077896163,2.0048887492188494,-13.058889156627762,0.19000244140625,406918,-0.5403178179405632,5.76,5.095333333333333,-0.6694038486751394,89.58462972051873,3.802126080864,90.1249475384593,504.65707361932334,0.1649501279791013,100,35.88,36.69285714285714,35.67966666666667,32.25033333333334,23.4247506398955,-1.3499999999999943,-2.3699999999999903,1.0131904761904735,93.85560675883256,0.826967960981441,1,Elevated,183.8378399400375,1978.0,-1.0158659026220709,0.9020910349715032,-0.5330370972580489,447.8011169433594,0.3889593638616295,0.6568355709858172,12.493909969434668,104.0999984741211,0.0865266186349522,0.4824621020525224,-2.3085577522840905,Moderate
2023-12-12,104.0,102,351,700.0,369.4285714285714,2835.0,348.2,5548.0,5.49,356.49,73.23999786376953,-3.6696053667267248,2.319958985412656,2.037328403802583,-16.210965798737607,-2.790000915527344,442337,-0.5737969223982993,5.784285714285715,5.127,-0.6594149171816087,91.12657663635883,7.610660932013141,91.70037355875716,455.8010344907704,-0.033479104457736,100,37.7,36.80857142857143,35.818333333333335,32.38733333333333,18.967395522288683,1.8200000000000005,3.1699999999999946,0.990238095238098,97.85276073619632,1.2172968256520242,1,Elevated,163.9803390845567,1977.800048828125,-0.0101087548976197,0.8989900545357776,-0.9217464579612034,449.8463134765625,0.4567198374053616,0.6394134610639871,11.67255526197386,103.87000274658205,-0.2209373015468752,0.4791104812726766,-2.1202411814604583,Moderate
2023-12-13,80.0,90,340,694.0,354.0,2863.0,346.1666666666667,5617.0,5.32,345.32,74.26000213623047,1.392687468885789,2.2920248445003524,2.040406184180681,-12.25333268785931,1.0200042724609375,454291,-0.5159179105984363,5.712857142857144,5.149666666666667,-0.6537728843206781,91.49728337761395,4.9100455821720725,92.0132012882124,442.2432468703845,0.0578790117998629,100,35.6,36.42428571428572,35.882666666666665,32.483777777777775,16.789395058999315,-2.1000000000000014,-3.9200000000000017,0.5416190476190508,92.26646248085758,0.7183602972036799,1,Elevated,158.4946584905113,1982.300048828125,0.2275255278038068,0.8945655450099368,-0.1460760837737384,456.0497741699219,1.3790177906354284,0.6640630800863707,12.505974873947,102.87000274658205,-0.9627418634422846,0.4929052712136027,-3.553347820551156,Moderate
2023-12-14,91.0,75,280,659.0,347.1428571428572,2917.0,342.1666666666667,5703.0,5.18,285.18,76.61000061035156,3.1645548162118287,2.3186984474582046,2.0619722602726256,-11.790441040503609,2.3499984741210938,455919,-0.5217720835123373,5.578571428571429,5.169666666666667,-0.6491131547345831,91.5623661878016,6.662297367720393,92.08413827131392,383.9264356390343,-0.005854172913901,100,35.93,36.45428571428572,35.97966666666667,32.595444444444446,13.629270864569513,0.3299999999999983,2.43,0.4746190476190506,94.18960244648318,0.7763438729150257,1,Elevated,135.15374660135095,2030.199951171875,2.416380021383091,0.9947717521794148,2.597528859683917,457.513427734375,0.3209416268470155,0.6519333769299721,11.67605407600687,101.95999908447266,-0.8846151820868009,0.5080611983411337,-4.603291818280786,Moderate
2023-12-15,72.0,101,348,646.0,347.0,2324.0,340.96666666666664,5764.0,5.17,353.17,76.55000305175781,-0.078315569920051,2.292217127670385,2.058093539905641,-9.824474493879675,-0.05999755859375,434168,-0.5460683265231063,5.487142857142857,5.142666666666667,-0.6456127196433195,91.45232717411172,3.3529801469784037,91.99839550063484,448.5213756476133,-0.024296243010769,-100,33.75,36.04285714285714,35.650333333333336,32.675444444444445,14.021481215053845,-2.18,-2.509999999999998,0.3925238095238086,82.97709923664122,0.2529476719162276,1,Elevated,161.00887115891834,2021.0999755859373,-0.4482305095458549,0.9983172919584118,1.7878727053028065,456.7601013183594,-0.1646566789845094,0.5895327350501528,9.39566067944364,102.5500030517578,0.5786621935886194,0.513980079081561,-3.364115720341143,Moderate
2023-12-16,47.0,108,405,597.0,352.57142857142856,2337.0,343.7333333333333,5803.0,5.11,410.11,76.55000305175781,-0.078315569920051,2.292217127670385,2.058093539905641,-9.824474493879675,-0.05999755859375,273069,-0.780069538022145,5.401428571428572,5.118333333333334,-0.6516687682940973,90.02460579395863,3.3529801469784037,90.80467533198076,504.2676554789592,-0.2340012114990386,-100,33.65,35.67714285714286,35.522000000000006,32.76244444444444,16.770006057495188,-0.1000000000000014,2.0799999999999983,0.1551428571428559,81.85975609756098,0.2120355383775526,1,Elevated,183.54612712518752,2021.0999755859373,-0.4482305095458549,0.9983172919584118,1.7878727053028065,456.7601013183594,-0.1646566789845094,0.5895327350501528,9.39566067944364,102.5500030517578,0.5786621935886194,0.513980079081561,-3.364115720341143,Moderate
2023-12-17,111.0,67,264,577.0,341.85714285714283,2351.0,340.93333333333334,5892.0,4.89,268.89,76.55000305175781,-0.078315569920051,2.292217127670385,2.058093539905641,-9.824474493879675,-0.05999755859375,249802,-0.7510679931124836,5.2700000000000005,5.084,-0.6571912315227812,88.54161449816826,3.3529801469784037,89.29268249128074,361.5356626382591,0.0290015449096613,-100,33.98,35.212857142857146,35.40366666666667,32.84577777777778,25.145007724548314,0.3299999999999983,0.4299999999999997,-0.1908095238095271,84.17047184170472,0.274381964935601,1,Elevated,126.75572855704752,2021.0999755859373,-0.4482305095458549,0.9983172919584118,1.7878727053028065,456.7601013183594,-0.1646566789845094,0.5895327350501528,9.39566067944364,102.5500030517578,0.5786621935886194,0.513980079081561,-3.364115720341143,Moderate
2023-12-18,97.0,96,305,602.0,327.57142857142856,2305.0,336.9,5987.0,4.76,309.76,77.94999694824219,1.8288619734447176,2.3228638398344894,2.0673705274024394,-8.487911870193166,1.399993896484375,408443,-0.6225108771751299,5.131428571428572,5.031666666666667,-0.6513899923922009,89.57098244133547,5.000517000298523,90.1934933185106,404.95401031880914,0.1285571159373537,100,34.38,34.99857142857143,35.272666666666666,32.94233333333334,14.742785579686768,0.4000000000000057,0.0700000000000073,-0.274095238095235,86.01823708206688,0.3536137112884383,1,Elevated,143.94290546382155,2026.300048828125,0.2572892635199775,0.9980227102326144,1.7474290147188043,459.3294372558594,0.5625132164749136,0.5804230065421232,9.016449189889798,102.51000213623048,-0.0390062548385805,0.4835164930639057,-2.390015794198419,Moderate
2023-12-19,22.0,97,326,520.0,324.0,2281.0,335.8666666666667,6009.0,4.56,330.56,79.2300033569336,1.6420865411211238,2.225319044814618,2.074469827377658,-2.916305888516424,1.2800064086914062,442632,-0.6596877612792252,4.998571428571429,4.965666666666667,-0.6469162527708456,91.08824061530449,4.159036174787384,91.74792837658372,426.4669645513711,-0.0371768841040953,100,34.32,34.51571428571429,35.13966666666667,33.03933333333333,27.18588442052048,-0.0600000000000022,-0.4600000000000079,-0.6239523809523817,85.73596358118361,0.3208303318487702,1,Elevated,152.23720014523172,2038.4000244140625,0.5971462909915681,0.9968576883309788,2.866373108998954,462.12249755859375,0.6080734384063868,0.5831781382382225,9.427601155004206,102.16999816894533,-0.3316788217732291,0.4828624522542702,-2.898691328999614,Moderate
2023-12-20,33.0,89,322,473.0,321.42857142857144,2261.0,337.8333333333333,6022.0,4.45,326.45,79.69999694824219,0.5932015289602521,2.1787953234218325,2.069765423634708,0.2011516606402308,0.4699935913085937,435252,-0.6123843808796043,4.874285714285714,4.904,-0.6493831490478681,91.42564298717656,2.792112018446108,92.03802736805616,421.28013938650224,0.0473033803996209,-100,32.08,34.012857142857136,35.040333333333336,33.10677777777777,13.536516901998098,-2.240000000000002,-2.18,-1.0274761904762002,70.15151515151516,-0.2617795834616462,1,Elevated,150.10445028098968,2034.5,-0.1913277260278456,0.9856992513935816,3.442136947892216,455.71881103515625,-1.3857119177855148,0.6596549352972505,7.60501040489634,102.41000366210938,0.2349079939956588,0.4810422742982214,-2.9656975803166508,Moderate
2023-12-21,7.0,85,323,389.0,327.57142857142856,2125.0,338.0,6028.0,4.34,327.34,79.38999938964844,-0.3889555463785887,2.1774385140821533,2.0626480331737485,-0.7749065492166474,-0.30999755859375,431892,-0.6836684356126426,4.754285714285714,4.835666666666667,-0.6519274476916702,91.26131221719456,2.6438847153824065,91.94498065280722,421.9288653681896,-0.0712840547330382,-100,31.6,33.394285714285715,34.85733333333334,33.17100000000001,16.656420273665194,-0.4799999999999969,1.7600000000000051,-1.4630476190476216,65.65809379727685,-0.4082355418001018,1,Elevated,150.38255001671442,2039.0999755859373,0.2260985788123726,0.9711843690879304,4.488853476092114,460.0398559570313,0.9481822600343914,0.6709652901578038,8.54579491042693,101.83999633789062,-0.5565934028275432,0.4872951339005874,-3.551472800510292,Moderate
2023-12-22,65.0,97,359,382.0,329.1428571428572,2040.0,337.46666666666664,6093.0,4.33,363.33,79.06999969482422,-0.40307305363948,2.1522894880675527,2.061065220391009,-2.898195507192647,-0.3199996948242187,398403,-0.6438595408779964,4.634285714285714,4.801666666666666,-0.6535056566167631,90.82027973166194,2.845182092426297,91.46413927253994,457.63932136496624,0.0398088947346462,-100,33.03,33.29142857142857,34.76033333333333,33.25388888888889,21.89904447367323,1.4299999999999995,1.9099999999999968,-1.46890476190476,77.56797583081571,-0.0595119094716774,1,Elevated,164.76290069147848,2057.10009765625,0.8827483833959704,0.9762108301586764,4.729668505945606,460.9644470214844,0.2009806438465267,0.6409742288248915,9.618823261664588,101.6999969482422,-0.1374699476460517,0.480721362191109,-3.975079377108326,Moderate
2023-12-23,75.0,93,314,410.0,316.1428571428572,2029.0,333.2333333333333,6168.0,4.27,318.27,79.06999969482422,-0.40307305363948,2.1522894880675527,2.061065220391009,-2.898195507192647,-0.3199996948242187,258810,-0.7528944089125604,4.514285714285714,4.7556666666666665,-0.6545948442540761,89.64835093289796,2.845182092426297,90.40124534181052,411.5164274342368,-0.109034868034564,-100,32.0,33.05571428571429,34.611999999999995,33.341,13.145174340172826,-1.0300000000000011,-2.460000000000001,-1.556285714285707,69.07993966817496,-0.3686225680188179,1,Elevated,146.5263219053326,2057.10009765625,0.8827483833959704,0.9762108301586764,4.729668505945606,460.9644470214844,0.2009806438465267,0.6409742288248915,9.618823261664588,101.6999969482422,-0.1374699476460517,0.480721362191109,-3.975079377108326,Moderate
2023-12-24,122.0,99,348,421.0,328.1428571428572,2142.0,336.1333333333333,6286.0,4.45,352.45,79.06999969482422,-0.40307305363948,2.1522894880675527,2.061065220391009,-2.898195507192647,-0.3199996948242187,220838,-0.5952385573228852,4.451428571428571,4.725666666666666,-0.6506353404596178,88.28403775413362,2.845182092426297,88.87927631145651,444.1744584038828,0.1576558515896752,-100,33.66,33.010000000000005,34.565333333333335,33.43022222222222,21.988279257948385,1.6599999999999966,2.6899999999999977,-1.55533333333333,81.77710843373494,0.0648379059778846,1,Elevated,159.8939280992618,2057.10009765625,0.8827483833959704,0.9762108301586764,4.729668505945606,460.9644470214844,0.2009806438465267,0.6409742288248915,9.618823261664588,101.6999969482422,-0.1374699476460517,0.480721362191109,-3.975079377108326,Moderate
2023-12-25,37.0,102,303,361.0,327.85714285714283,2168.0,337.06666666666666,6323.0,4.35,307.35,79.06999969482422,-0.40307305363948,2.1522894880675527,2.061065220391009,-2.898195507192647,-0.3199996948242187,238660,-0.6431088222165362,4.392857142857143,4.716333333333334,-0.6404083699444578,88.08448542245215,2.845182092426297,88.72759424466868,398.922776337095,-0.0478702648936509,100,33.58,32.895714285714284,34.57066666666667,33.52133333333333,28.239351324468263,-0.0799999999999983,-1.7399999999999949,-1.6749523809523836,80.97744360902256,0.0170620606353126,1,Elevated,141.82359168590426,2057.10009765625,0.8827483833959704,0.9762108301586764,4.729668505945606,460.9644470214844,0.2009806438465267,0.6409742288248915,9.618823261664588,101.6999969482422,-0.1374699476460517,0.480721362191109,-3.975079377108326,Moderate
2023-12-26,32.0,82,284,371.0,321.85714285714283,2196.0,339.3,6348.0,4.29,288.29,81.06999969482422,2.5294043350438056,2.1899191178701862,2.077018734275094,-1.757146155148348,2.0,308202,-0.7322933424607155,4.354285714285714,4.7156666666666665,-0.6372547860049677,88.57643697085493,4.895038068428827,89.30873031331565,382.4937683817445,-0.0891845202441793,100,33.08,32.71857142857143,34.586,33.58455555555555,12.045922601220893,-0.5,-0.4200000000000017,-1.8674285714285688,77.55255255255256,-0.1494460454236737,1,Elevated,135.13576129003468,2058.199951171875,0.0534662127952945,0.917856244641026,6.49901568729232,462.9108581542969,0.4222475606067366,0.5964578436170986,8.390290889589714,101.47000122070312,-0.2261511646417413,0.4807175578534752,-4.1469859855821305,Moderate
2023-12-27,46.0,101,365,384.0,328.0,2235.0,345.56666666666666,6392.0,4.38,369.38,79.6500015258789,-1.75157046292177,2.2122294891342644,2.084605243744997,-3.419424824885642,-1.4199981689453125,370855,-0.7262472671002886,4.344285714285713,4.725333333333333,-0.6408468991697157,88.24192995064442,4.305742434544598,88.96817721774471,462.6539196522893,0.0060460753604268,100,33.17,32.87428571428571,34.64266666666666,33.665888888888894,13.730230376802131,0.0900000000000034,0.5900000000000034,-1.7683809523809515,77.96101949025487,-0.1514448276727164,1,Elevated,167.26793241736678,2081.89990234375,1.151489249544535,0.9302686134557896,7.011046124068354,463.7478332519531,0.1808069702649462,0.5927348543498686,8.689867053816624,100.98999786376952,-0.4730495231684894,0.4844994381183733,-4.419842548249453,Moderate
2023-12-28,100.0,108,419,477.0,341.7142857142857,2324.0,350.26666666666665,6492.0,4.71,423.71,78.38999938964844,-1.5819235556713496,2.212638363693108,2.090356752652001,-3.436808210198372,-1.2600021362304688,374139,-0.7995233280383699,4.397142857142857,4.756333333333333,-0.6489412258632907,87.63241147423169,4.138242740384295,88.43193480227006,516.2801775426543,-0.0732760609380812,100,34.83,33.33571428571428,34.69266666666667,33.77555555555556,24.466380304690407,1.6599999999999966,1.5699999999999932,-1.3569523809523858,89.67065868263472,0.3355811800047325,1,Elevated,188.8256840566077,2073.89990234375,-0.3842643919140354,0.9295052936589396,5.714132466383992,463.9230041503906,0.0377728769553886,0.504133342719939,6.661627511123047,101.2300033569336,0.237652736152949,0.4203657424676768,-2.7663022154776677,Moderate
2023-12-29,86.0,103,389,498.0,346.0,2405.0,356.3333333333333,6575.0,4.79,393.79,77.04000091552734,-1.722156505462813,2.065711391408936,2.0955228702355413,-0.4908257070592281,-1.3499984741210938,357943,-0.8262362038662235,4.462857142857144,4.808000000000001,-0.6577110855917412,86.88412740048128,3.836950467577672,87.7103636043475,485.3373140719252,-0.0267128758278536,-100,33.78,33.44285714285714,34.74666666666667,33.86955555555555,13.733564379139269,-1.0499999999999972,-2.7099999999999937,-1.3038095238095266,82.8101644245142,-0.0297515199068362,1,Elevated,176.59285290790058,2062.39990234375,-0.5545108511265995,0.9381839217213512,5.2191178017453765,462.58001708984375,-0.2894849034283941,0.512529819345663,6.128179673099243,101.33000183105467,0.0987834345599125,0.4164487517115919,-2.931312938485553,Moderate
2023-12-30,74.0,107,390,497.0,356.85714285714283,2478.0,359.8666666666667,6647.0,4.88,394.88,77.04000091552734,-1.722156505462813,2.065711391408936,2.0955228702355413,-0.4908257070592281,-1.3499984741210938,247676,-0.8877525643248172,4.55,4.876,-0.6693659317690694,85.22161647639773,3.836950467577672,86.10936904072254,484.8263195083002,-0.0615163604585936,-100,33.79,33.69857142857143,34.822,33.96455555555556,13.607581802292968,0.009999999999998,1.0599999999999952,-1.123428571428576,82.83582089552239,-0.0609017071123517,1,Elevated,176.70865399517555,2062.39990234375,-0.5545108511265995,0.9381839217213512,5.2191178017453765,462.58001708984375,-0.2894849034283941,0.512529819345663,6.128179673099243,101.33000183105467,0.0987834345599125,0.4164487517115919,-2.931312938485553,Moderate
2023-12-31,71.0,98,338,446.0,355.42857142857144,2451.0,353.8,6717.0,4.77,342.77,77.04000091552734,-1.722156505462813,2.065711391408936,2.0955228702355413,-0.4908257070592281,-1.3499984741210938,226077,-0.6254481059988136,4.595714285714285,4.9206666666666665,-0.6716112740241216,83.57266675347503,3.836950467577672,84.19811485947385,430.80506532705147,0.2623044583260036,-100,33.35,33.65428571428571,34.686,34.02777777777778,13.01152229163002,-0.4399999999999977,-0.4499999999999957,-1.031714285714287,78.2414307004471,-0.2431730582956351,1,Elevated,155.48240315892582,2062.39990234375,-0.5545108511265995,0.9381839217213512,5.2191178017453765,462.58001708984375,-0.2894849034283941,0.512529819345663,6.128179673099243,101.33000183105467,0.0987834345599125,0.4164487517115919,-2.931312938485553,Moderate
2024-01-01,56.0,115,354,465.0,362.7142857142857,2397.0,352.3666666666667,6773.0,4.89,358.89,77.04000091552734,-1.722156505462813,2.065711391408936,2.0955228702355413,-0.4908257070592281,-1.3499984741210938,228124,-0.6972538932284222,4.672857142857143,4.955666666666667,-0.6696872506284707,83.19271053745238,3.836950467577672,83.8899644306808,446.6169148982584,-0.0718057872296086,100,33.44,33.63428571428572,34.59766666666667,34.12155555555555,14.559028936148044,0.0899999999999963,0.529999999999994,-0.9633809523809518,79.46428571428571,-0.2604495413260711,1,Elevated,161.86877307316723,2062.39990234375,-0.5545108511265995,0.9381839217213512,5.2191178017453765,462.58001708984375,-0.2894849034283941,0.512529819345663,6.128179673099243,101.33000183105467,0.0987834345599125,0.4164487517115919,-2.931312938485553,Moderate
2024-01-02,32.0,92,317,465.0,367.4285714285714,2326.0,351.8666666666667,6804.0,4.94,321.94,75.88999938964844,-1.4927330116984994,1.9297711424653192,2.1007478853891848,-5.855354403876534,-1.1500015258789062,343533,-0.969160769067804,4.765714285714286,4.980666666666666,-0.6739276122758923,83.90512355169815,4.008039594551472,84.87428432076595,410.8223239153174,-0.2719068758393818,100,33.12,33.64,34.50433333333333,34.17633333333334,16.659534379196916,-0.3200000000000003,-0.4099999999999966,-0.8643333333333274,77.26597325408619,-0.4155835327327848,1,Elevated,147.3540727019738,2064.39990234375,0.096974403350547,0.9174117879185396,4.057657993802533,459.9912109375,-0.5596450466300529,0.530876506361464,5.405302589532668,102.1999969482422,0.8585760401327303,0.4515526628089603,-2.079147016608573,Moderate
2024-01-03,163.0,100,360,582.0,366.7142857142857,2388.0,348.96666666666664,6967.0,5.17,365.17,78.25,3.1097649615654976,1.978295298985477,2.1223561752300046,-4.9441201529549,2.3600006103515625,395881,-1.0354349513341792,4.878571428571428,4.993666666666667,-0.6882170726397405,83.78615589950594,5.582472275846465,84.82159085084012,455.5740631266866,-0.0662741822663751,100,37.28,34.22714285714286,34.598333333333336,34.296,38.831370911331874,4.160000000000004,4.480000000000004,-0.3711904761904776,96.7359050445104,1.2291007326829224,1,Elevated,165.2653070805066,2034.199951171875,-1.462892491788459,0.9620771226318402,2.654419470831093,456.2346496582031,-0.8166593599996608,0.5610372810717149,4.414646758974983,102.45999908447266,0.2544052289572329,0.4467365235680421,-1.3099601371115766,Moderate
2024-01-04,121.0,117,410,603.0,365.4285714285714,2340.0,348.3,7088.0,5.23,415.23,77.58999633789062,-0.84345515924521,1.981368845633151,2.12395140256584,-5.894482462385553,-0.660003662109375,402536,-0.954895585871408,4.952857142857143,4.990666666666667,-0.698981398377657,83.4078038648093,3.414272251116917,84.36269945068071,503.0069717017976,0.0805393654627711,100,34.47,34.175714285714285,34.51766666666666,34.403444444444446,19.40269682731386,-2.8100000000000023,-6.970000000000006,-0.3419523809523781,86.66666666666667,0.0301602993893634,1,Elevated,184.3302487905829,2042.300048828125,0.3981957452896312,0.9620544661683428,3.266425608089407,454.7650146484375,-0.3221226206441385,0.5545303577975631,3.283261817448402,102.41999816894533,-0.0390405191145526,0.4432702408851117,-1.0147898321931417,Moderate
2024-01-05,23.0,145,366,540.0,362.1428571428572,2277.0,345.56666666666666,6910.0,5.21,371.21,78.76000213623047,1.507933823381924,2.003381701163493,2.125804837366651,-3.9043399023761416,1.1700057983398438,391285,-0.8752529300753152,5.012857142857143,4.9703333333333335,-0.7077017114915043,82.91996058565609,3.901749514783031,83.7952135157314,458.9069630305144,0.0796426557960927,-100,34.68,34.30428571428571,34.397333333333336,34.437888888888885,30.198213278980468,0.2100000000000008,3.020000000000003,-0.0930476190476241,88.31360946745562,0.1107421295362393,1,Elevated,166.8037425090595,2042.4000244140625,0.0048952447508909,0.9441563751940366,2.1557532403002844,455.3879089355469,0.1369705819588951,0.5510850589089111,3.650622446182728,102.41000366210938,-0.0097583548277824,0.4424063037984461,-1.1390990611992555,Moderate
2024-01-06,126.0,120,428,592.0,367.57142857142856,2277.0,348.9,6950.0,5.38,433.38,78.76000213623047,1.507933823381924,2.003381701163493,2.125804837366651,-3.9043399023761416,1.1700057983398438,262237,-0.9247251604944632,5.084285714285714,4.945666666666667,-0.7187249706229931,81.4359050524982,3.901749514783031,82.36063021299266,519.6423797277757,-0.0494722304191478,-100,35.83,34.59571428571429,34.401,34.49611111111111,32.54736115209574,1.1499999999999986,0.9399999999999976,0.1947142857142907,93.3530280649926,0.6197957310972418,1,Elevated,191.38482584851172,2042.4000244140625,0.0048952447508909,0.9441563751940366,2.1557532403002844,455.3879089355469,0.1369705819588951,0.5510850589089111,3.650622446182728,102.41000366210938,-0.0097583548277824,0.4424063037984461,-1.1390990611992555,Moderate
2024-01-07,78.0,116,417,599.0,378.8571428571428,2270.0,351.1666666666667,6936.0,5.51,422.51,78.76000213623047,1.507933823381924,2.003381701163493,2.125804837366651,-3.9043399023761416,1.1700057983398438,237778,-0.8480058603721938,5.19,4.935666666666666,-0.7254281282759346,80.01381787017306,3.901749514783031,80.86182373054525,507.2735732453283,0.0767193001222692,-100,34.29,34.730000000000004,34.323,34.529222222222224,21.283596500611345,-1.5399999999999991,-2.6899999999999977,0.4070000000000036,85.25073746312685,-0.1125576854815179,1,Elevated,186.73706455202228,2042.4000244140625,0.0048952447508909,0.9441563751940366,2.1557532403002844,455.3879089355469,0.1369705819588951,0.5510850589089111,3.650622446182728,102.41000366210938,-0.0097583548277824,0.4424063037984461,-1.1390990611992555,Moderate
2024-01-08,77.0,94,339,620.0,376.7142857142857,2251.0,350.26666666666665,6936.0,5.48,344.48,76.12000274658203,-3.351954441395333,2.0867677905523774,2.153035060613653,-6.452009122268986,-2.639999389648437,389047,-0.7048057339761357,5.274285714285715,4.928,-0.7251555672837587,80.9042637105074,6.083923144174609,81.60906944448352,432.1729925886581,0.1432001263960581,100,34.21,34.84,34.25633333333334,34.57833333333333,11.216000631980284,-0.0799999999999983,1.4600000000000009,0.5836666666666588,84.31516936671576,-0.1783875094638306,1,Elevated,156.54738314656657,2026.5999755859373,-0.7736020681187505,0.9531463414868367,1.7675982093166898,461.8890075683594,1.427595793662717,0.5990737116463666,4.726003411667823,102.20999908447266,-0.1952978913042691,0.4380822635430295,-1.6454956837977153,Moderate
2024-01-09,44.0,98,346,632.0,380.8571428571428,2164.0,350.5,6741.0,5.54,351.54,77.58999633789062,1.9311528353493037,2.116889594971997,2.1596421242528674,-3.710604896029857,1.4699935913085938,434692,-0.9060164788862216,5.36,4.919,-0.7318471850493108,82.3331510565999,4.419102919924287,83.23916753548612,439.1982704554104,-0.2012107449100858,100,33.78,34.934285714285714,34.141333333333336,34.56766666666667,18.206053724550426,-0.4299999999999997,-0.3500000000000014,0.7929523809523786,81.98529411764706,-0.3811730949500171,1,Elevated,159.03147467506696,2026.4000244140625,-0.0098663364395457,0.9488892522253376,1.2086741500529683,461.1882934570313,-0.1517061674658704,0.6014906514379947,4.502815595229759,102.56999969482422,0.3522166261385351,0.4357992682936356,-0.8027096893678087,Moderate
2024-01-10,44.0,82,283,513.0,369.8571428571428,2136.0,346.43333333333334,6736.0,5.19,288.19,76.80000305175781,-1.018163839952424,2.1203299224443923,2.150643326577588,-3.975994213183665,-0.7899932861328125,436424,-0.8790715450873059,5.362857142857143,4.901,-0.7431389759542022,82.56404361369937,3.5360931837151828,83.44311515878667,375.16920834250186,0.0269449337989156,100,32.05,34.18714285714286,34.013666666666666,34.571444444444445,13.634724668994576,-1.730000000000004,-1.3000000000000045,0.1734761904761939,68.13509544787078,-1.2231414687647837,1,Elevated,133.37906030524343,2021.699951171875,-0.2319420245539438,0.946528036637684,0.4920917637673216,463.7965087890625,0.5655423975488016,0.6028411175596559,5.28343606613888,102.36000061035156,-0.2047373355732351,0.4359540069341598,-0.8139499638860515,Moderate
2024-01-11,34.0,89,342,426.0,360.1428571428572,2066.0,346.1333333333333,6758.0,4.88,346.88,77.41000366210938,0.7942715965004066,2.085504066801453,2.144235716883548,-5.227713794212397,0.6100006103515625,435112,-0.7799681404510715,5.312857142857143,4.8806666666666665,-0.7500113498892946,82.50750600355079,3.4025470427231,83.28747414400186,433.57002118672494,0.0991034046362343,-100,31.97,33.83,33.82266666666666,34.549888888888894,15.595517023181175,-0.0799999999999983,1.6500000000000057,0.0073333333333351,67.15542521994135,-1.2412168553785397,1,Elevated,156.77051364588962,2014.300048828125,-0.3660237682382439,0.9127902206982028,-1.2452764108346837,463.5921020507813,-0.0440725047316403,0.6040158079368381,5.132943709219084,102.29000091552734,-0.0683857897682882,0.4291535853373022,-0.4476876734527013,Moderate
2024-01-12,23.0,96,354,426.0,358.42857142857144,2009.0,346.6,6754.0,4.73,358.73,78.29000091552734,1.1368004286101296,2.069471643218672,2.146989755304272,-5.788204147911835,0.8799972534179688,416321,-0.819226678142091,5.244285714285715,4.861000000000001,-0.7601216421407497,82.21038032087382,3.785092486619985,83.02960699901591,445.54469948563593,-0.0392585376910195,-100,32.03,33.45142857142857,33.70366666666666,34.53511111111111,13.896292688455093,0.0600000000000022,0.1400000000000005,-0.2522380952380914,68.00878477306003,-1.1976112147969873,1,Elevated,161.6119583944512,2046.699951171875,1.6084943433625654,0.9588123583758508,-0.0195410296924047,463.9132690429688,0.0692779257383202,0.6026461762842952,5.279848633696793,102.4000015258789,0.1075379894095451,0.4296917815421981,-0.3600225058608686,Moderate
2024-01-13,74.0,115,435,374.0,359.42857142857144,1992.0,351.76666666666665,6783.0,4.62,439.62,78.29000091552734,1.1368004286101296,2.069471643218672,2.146989755304272,-5.788204147911835,0.8799972534179688,263442,-0.9292987482098878,5.135714285714286,4.8423333333333325,-0.7737058642973348,80.7041949106917,3.785092486619985,81.63349365890159,525.0385861455215,-0.1100720700677967,-100,33.35,33.097142857142856,33.617666666666665,34.53477777777778,21.85036035033899,1.3200000000000005,1.259999999999998,-0.5205238095238087,77.41228070175438,-0.566352237845814,1,Elevated,193.68873572642832,2046.699951171875,1.6084943433625654,0.9588123583758508,-0.0195410296924047,463.9132690429688,0.0692779257383202,0.6026461762842952,5.279848633696793,102.4000015258789,0.1075379894095451,0.4296917815421981,-0.3600225058608686,Moderate
2024-01-14,96.0,116,356,392.0,350.7142857142857,2016.0,352.03333333333336,6826.0,4.61,360.61,78.29000091552734,1.1368004286101296,2.069471643218672,2.146989755304272,-5.788204147911835,0.8799972534179688,242830,-0.8568160822641516,5.007142857142858,4.823666666666667,-0.7840641228220363,79.20692248846241,3.785092486619985,80.06373857072656,444.4588310573466,0.0724826659457361,-100,32.93,32.902857142857144,33.590333333333334,34.556444444444445,14.862413329728678,-0.4200000000000017,-1.740000000000002,-0.6874761904761897,74.45255474452554,-0.7877640971386499,1,Elevated,161.77078470879331,2046.699951171875,1.6084943433625654,0.9588123583758508,-0.0195410296924047,463.9132690429688,0.0692779257383202,0.6026461762842952,5.279848633696793,102.4000015258789,0.1075379894095451,0.4296917815421981,-0.3600225058608686,Moderate
2024-01-15,41.0,136,442,356.0,365.4285714285714,2010.0,353.26666666666665,6826.0,4.74,446.74,78.29000091552734,1.1368004286101296,2.069471643218672,2.146989755304272,-5.788204147911835,0.8799972534179688,378373,-0.7751371173544793,4.901428571428572,4.811333333333334,-0.7838997087997808,80.03095522189975,3.785092486619985,80.80609233925422,531.3311848258742,0.0816789649096723,100,33.13,32.74857142857143,33.573,34.586000000000006,22.70839482454836,0.2000000000000028,0.6200000000000045,-0.8244285714285695,76.53061224489795,-0.7193248799777955,1,Elevated,196.37125546249888,2046.699951171875,1.6084943433625654,0.9588123583758508,-0.0195410296924047,463.9132690429688,0.0692779257383202,0.6026461762842952,5.279848633696793,102.4000015258789,0.1075379894095451,0.4296917815421981,-0.3600225058608686,Moderate
2024-01-16,89.0,98,354,401.0,366.57142857142856,1988.0,356.26666666666665,6522.0,4.83,358.83,78.29000091552734,0.0,2.0695249281199994,2.146046023088128,-5.481106863654805,0.0,436668,-0.623665620002694,4.8,4.809333333333333,-0.7796529630294544,81.49323301539762,2.61763561448548,82.11689863540032,443.5645342498858,0.1514714973517853,100,32.83,32.612857142857145,33.534666666666666,34.531666666666666,21.257357486758927,-0.3000000000000042,-0.5000000000000071,-0.9218095238095216,73.7991266375546,-0.84888688067333,1,Elevated,161.00243397287426,2026.0,-1.011381817839141,0.9734997688093772,-0.5936890108866666,462.2101440429688,-0.3671214241216858,0.6090300277874245,4.481939845474603,103.36000061035156,0.9374990919605032,0.4445878144750934,-0.135265110771432,Moderate
2024-01-17,43.0,97,361,400.0,377.7142857142857,1934.0,358.1333333333333,6538.0,4.93,365.93,77.87999725341797,-0.5236986298566504,1.8805166460256884,2.144070570343883,-1.267748522844514,-0.410003662109375,441980,-0.7710910927216539,4.762857142857143,4.815,-0.7846056368810053,81.75566925505888,2.53099012816679,82.52676034778052,450.9877504759473,-0.1474254727189599,100,32.15,32.62714285714286,33.46033333333334,34.51455555555555,20.9371273635948,-0.6799999999999997,-0.3799999999999954,-0.8331904761904809,68.45930232558139,-1.171513709381043,1,Elevated,163.88974812082282,2002.5999755859373,-1.1549863975351626,0.9445186137266184,-3.3027534724317964,459.640869140625,-0.5558672684831678,0.6162030445660345,3.2901042034920724,103.4499969482422,0.0870707598289444,0.4429252144244757,0.17430067882922,Moderate
2024-01-18,21.0,86,336,387.0,376.8571428571428,1933.0,358.46666666666664,6499.0,4.89,340.89,79.0999984741211,1.5665142061231707,1.8914314652278688,2.151619294384321,1.371267091584416,1.220001220703125,442036,-0.7418832942978878,4.764285714285714,4.825999999999999,-0.7873454879816272,81.75100539130129,3.595072380509481,82.49288868559918,426.9779610661086,0.029207798423766,56,31.38,32.54285714285714,33.36233333333333,34.51177777777778,10.546038992118833,-0.7699999999999996,-0.0899999999999998,-0.8194761904761947,60.59506531204645,-1.548423832157483,1,Elevated,154.2926066893236,2018.5999755859373,0.7989613599849621,0.8655780656553997,-0.2717257085291913,463.7283630371094,0.8892799076214875,0.620053193992184,4.758565731997977,103.54000091552734,0.0870023875691128,0.4382453560004917,-0.0964863708124319,Moderate
2024-01-19,73.0,78,249,437.0,361.8571428571428,1973.0,356.03333333333336,6544.0,4.86,253.86,78.55999755859375,-0.6826813223062334,1.8848746202489903,2.144764136053068,1.7616588913382358,-0.5400009155273438,415548,-0.738921165492886,4.782857142857144,4.839666666666667,-0.79156338080207,81.59681617740961,2.7437218316890477,82.33573734290249,338.93945917459155,0.0029621288050017,-100,32.11,32.55428571428571,33.36333333333334,34.51544444444444,20.714810644025,0.7300000000000004,1.5,-0.8090476190476252,68.18840579710145,-1.1920863779724036,1,Elevated,119.10863620125612,2026.5,0.3913615629451028,0.8669521542645096,0.396333911320279,469.5092468261719,1.2466099229302197,0.649993296926064,6.085398693577515,103.29000091552734,-0.2414525765785602,0.4337114555045465,-0.7304200998941024,Moderate
2024-01-20,40.0,96,311,403.0,344.1428571428572,2006.0,355.6333333333333,6574.0,4.65,315.65,78.55999755859375,-0.6826813223062334,1.8848746202489903,2.144764136053068,1.7616588913382358,-0.5400009155273438,264996,-0.8311340311511013,4.787142857142858,4.85,-0.7964789006533519,80.29080912088983,2.7437218316890477,81.12194315204093,399.51566498373,-0.0922128656582152,-100,31.96,32.355714285714285,33.37533333333333,34.52133333333333,19.16106432829108,-0.1499999999999985,-0.879999999999999,-1.0196190476190452,66.35311143270623,-1.27461579130953,1,Elevated,143.58187736308378,2026.5,0.3913615629451028,0.8669521542645096,0.396333911320279,469.5092468261719,1.2466099229302197,0.649993296926064,6.085398693577515,103.29000091552734,-0.2414525765785602,0.4337114555045465,-0.7304200998941024,Moderate
2024-01-21,69.0,118,407,376.0,351.42857142857144,2010.0,357.2333333333333,6593.0,4.64,411.64,78.55999755859375,-0.6826813223062334,1.8848746202489903,2.144764136053068,1.7616588913382358,-0.5400009155273438,243205,-0.9191521328587426,4.791428571428571,4.860333333333333,-0.8056553203860435,79.0763421285248,2.7437218316890477,79.99549426138354,494.3792160930726,-0.0880181017076413,-100,32.21,32.25285714285714,33.348,34.50622222222222,16.340090508538214,0.25,0.3999999999999986,-1.0951428571428607,69.21965317919076,-1.1357291088570556,1,Elevated,181.75258758495235,2026.5,0.3913615629451028,0.8669521542645096,0.396333911320279,469.5092468261719,1.2466099229302197,0.649993296926064,6.085398693577515,103.29000091552734,-0.2414525765785602,0.4337114555045465,-0.7304200998941024,Moderate
2024-01-22,13.0,108,345,348.0,337.57142857142856,1948.0,358.26666666666665,6498.0,4.43,349.43,80.05999755859375,1.9093686947752708,1.767906394536934,2.1557457591437736,7.752347604647469,1.5,403712,-0.710528241963254,4.747142857142856,4.865666666666667,-0.8042431148210666,80.21024009195011,4.452509849776952,80.92076833391337,434.8032781836904,0.2086238908954886,100,33.44,32.29714285714285,33.396,34.49322222222222,24.34311945447745,1.2299999999999969,0.9799999999999968,-1.098857142857149,79.004329004329,-0.5201382867062537,1,Elevated,157.73715760669347,2019.800048828125,-0.3306168848692281,0.8621349327871736,-0.5269613972851528,470.5019836425781,0.2114413769520151,0.6399695875878387,6.739835666415317,103.33000183105467,0.0387268033428034,0.4332920162449269,-0.7873256676049767,Moderate
2024-01-23,31.0,103,389,290.0,342.57142857142856,1857.0,359.6333333333333,6466.0,4.35,393.35,79.55000305175781,-0.6370153914415089,1.7722744018208745,2.144579219252253,7.427413603421096,-0.5099945068359375,440972,-0.7344429659007997,4.678571428571429,4.862333333333334,-0.8088832617736639,81.93284912619852,3.1520311536044927,82.66729209209932,479.1693232457038,-0.0239147239375456,100,31.39,32.09142857142857,33.32033333333333,34.46322222222222,14.51957361968773,-2.049999999999997,-3.279999999999994,-1.228904761904758,60.51873198847262,-1.4985730371086816,1,Elevated,175.13427087986167,2023.699951171875,0.1930835849822232,0.8629545320509696,-0.3054373697038204,471.8742370605469,0.2916573076578554,0.6319040055756361,6.240513427019967,103.62000274658205,0.280655095701543,0.4234221264949582,0.0772665929566152,Moderate
2024-01-24,107.0,109,392,354.0,347.0,1927.0,362.6,6466.0,4.54,396.54,80.04000091552734,0.6159620929878873,1.7263867757905071,2.145719423635077,5.537980986871882,0.4899978637695312,442029,-0.6602365275436245,4.622857142857143,4.868666666666667,-0.8094541852845668,83.52426742907797,2.896146967465582,84.1845039566216,483.6206509240872,0.0742064383571752,100,34.06,32.364285714285714,33.336333333333336,34.45488888888889,27.47103219178588,2.6700000000000017,4.719999999999999,-0.972047619047622,83.88489208633094,-0.1925475208159306,1,Elevated,176.61135957831058,2013.9000244140625,-0.4842578936733011,0.8175440479696351,0.7806623232124776,472.3900451660156,0.1093105037227371,0.6306598471040865,5.901354984923413,103.23999786376952,-0.3667292730553773,0.4198085560001719,-0.740317523936207,Moderate
2024-01-25,47.0,83,315,380.0,344.0,1942.0,363.6333333333333,6446.0,4.57,319.57,82.43000030517578,2.9860061997885268,1.8001262568117051,2.169998477766093,8.417731985577293,2.389999389648437,447172,-0.7194476793555906,4.577142857142857,4.878,-0.8090259965143959,84.61174586262072,5.627905655157961,85.33119354197632,410.5290991971343,-0.0592111518119661,100,34.07,32.74857142857143,33.36933333333334,34.449555555555555,22.596055759059837,0.009999999999998,-2.660000000000004,-0.6207619047619062,83.9080459770115,-0.1850372576916323,1,Elevated,147.14540097045847,2016.9000244140625,0.1489646935613375,0.7935094528863623,1.9666341968686885,474.9592895507813,0.5438819913875736,0.632947966540396,6.0647844723569655,103.56999969482422,0.3196453292164447,0.4240592804174121,-0.5091246753751166,Moderate
2024-01-26,22.0,92,347,329.0,358.0,1918.0,363.03333333333336,6457.0,4.58,351.58,83.55000305175781,1.35873194520868,1.6467305560486514,2.175646421788374,14.077014594082126,1.1200027465820312,413072,-0.7401475969031246,4.537142857142857,4.884666666666666,-0.8094893408411571,84.94210548720787,4.413163960665544,85.682253084111,441.6754170447765,-0.0206999175475339,-100,32.67,32.82857142857143,33.35266666666667,34.42888888888889,15.203499587737667,-1.3999999999999986,-1.4099999999999966,-0.5240952380952422,72.3816355810617,-0.8539244232760199,1,Elevated,159.53371620108842,2016.800048828125,-0.0049568934864074,0.793492530237696,1.971887907632941,474.3558654785156,-0.1270475355553801,0.6337052912283352,5.448427889190666,103.47000122070312,-0.0965515829060015,0.4225934357068269,-0.3850982144044224,Moderate
2024-01-27,69.0,101,348,358.0,363.2857142857143,1887.0,360.6666666666667,6513.0,4.67,352.67,83.55000305175781,1.35873194520868,1.6467305560486514,2.175646421788374,14.077014594082126,1.1200027465820312,271447,-0.8210445200586148,4.54,4.883333333333334,-0.8102067139084986,84.13851237144638,4.413163960665544,84.959556891505,442.0427208521705,-0.0808969231554902,-100,33.82,33.09428571428571,33.319,34.43377777777778,20.70448461577745,1.1499999999999986,2.549999999999997,-0.2247142857142847,82.6647564469914,-0.2982725654196607,1,Elevated,159.82517696256724,2016.800048828125,-0.0049568934864074,0.793492530237696,1.971887907632941,474.3558654785156,-0.1270475355553801,0.6337052912283352,5.448427889190666,103.47000122070312,-0.0965515829060015,0.4225934357068269,-0.3850982144044224,Moderate
2024-01-28,47.0,114,386,336.0,360.2857142857143,1848.0,360.56666666666666,6496.0,4.6,390.6,83.55000305175781,1.35873194520868,1.6467305560486514,2.175646421788374,14.077014594082126,1.1200027465820312,252497,-0.7922636598724611,4.534285714285714,4.877,-0.8090742957753733,83.31336844899297,4.413163960665544,84.10563210886544,479.118796069531,0.0287808601861537,-100,32.94,33.19857142857143,33.291000000000004,34.403666666666666,15.243904300930772,-0.8800000000000026,-2.030000000000001,-0.0924285714285773,74.46351931330472,-0.7106541458142206,1,Elevated,174.82639200603933,2016.800048828125,-0.0049568934864074,0.793492530237696,1.971887907632941,474.3558654785156,-0.1270475355553801,0.6337052912283352,5.448427889190666,103.47000122070312,-0.0965515829060015,0.4225934357068269,-0.3850982144044224,Moderate
2024-01-29,99.0,143,525,422.0,386.0,1873.0,365.06666666666666,6531.0,5.01,530.01,82.4000015258789,-1.376423080638911,1.6696933232736249,2.17832779924362,10.961485531222516,-1.1500015258789062,400616,-0.7514168543356247,4.617142857142857,4.881333333333333,-0.8045297721090668,84.51016597094755,4.142264957034787,85.26158282528318,619.4138477823179,0.0408468055368363,100,34.31,33.32285714285714,33.30833333333333,34.41722222222222,24.704234027684183,1.3700000000000043,2.250000000000007,0.0145238095238084,85.71428571428571,-0.0521795417205261,1,Elevated,230.71322254787057,2025.199951171875,0.4164965361157513,0.7955488126128418,2.16414777213525,478.1125183105469,0.7919482197699113,0.6037236755806069,4.837793019584868,103.61000061035156,0.1353043278213617,0.3831162342181924,0.7193524292912645,Moderate
2024-01-30,31.0,103,378,422.0,384.4285714285714,1833.0,366.4,6524.0,5.0,383.0,82.87000274658203,0.5703898203879509,1.5844797007218678,2.179484637497297,8.171259739403535,0.470001220703125,441466,-0.6880802632526115,4.71,4.888999999999999,-0.8066175106841934,86.19564407645481,2.971995495050173,86.88372433970743,472.8557198347576,0.0633365910830131,100,33.16,33.575714285714284,33.302,34.394444444444446,24.016682955415064,-1.1500000000000057,-2.5200000000000102,0.2737142857142842,76.31954350927246,-0.6000182559136742,1,Elevated,171.76554306596157,2031.5,0.3110828056498649,0.6637825684197061,0.0640355068166842,477.7427062988281,-0.0773483223207582,0.6044268898157787,4.421570458517321,103.4000015258789,-0.202682253870845,0.3457147255391021,1.4123209634527625,Moderate
2024-01-31,61.0,119,456,376.0,393.57142857142856,1838.0,369.8,6526.0,4.98,460.98,81.70999908447266,-1.3997871650332727,1.6127366264246958,2.183713196042548,6.740686906604054,-1.160003662109375,452875,-0.6849665130482779,4.772857142857143,4.892,-0.8062079313448552,87.95438240427498,3.6865924821183738,88.63934891732326,553.3059413994416,0.0031137502043335,100,33.12,33.441428571428574,33.291333333333334,34.37288888888889,16.215568751021664,-0.0399999999999991,1.1100000000000063,0.1500952380952398,75.997150997151,-0.6080645133610972,1,Elevated,203.594506776312,2048.39990234375,0.8318928055008667,0.6747466615606075,1.3507459842454272,469.94720458984375,-1.6317364150627789,0.6844826458136679,2.887096143779222,103.2699966430664,-0.1257300588916932,0.3320337532069219,0.702090268047284,Moderate
2024-02-01,20.0,114,439,349.0,411.2857142857143,1826.0,373.8666666666667,6482.0,5.11,444.11,78.69999694824219,-3.683762293423476,1.7338157295363956,2.2156479346457627,0.9621552653786392,-3.0100021362304688,448784,-0.6229083283692322,4.8500000000000005,4.897666666666667,-0.7946661833215695,88.77800039814997,5.513793549497735,89.4009087265192,539.0247022760169,0.0620581846790457,-100,33.39,33.34428571428571,33.300333333333334,34.358444444444444,19.81029092339523,0.2700000000000031,0.3100000000000023,0.0439523809523763,77.9516358463727,-0.4694893476336997,1,Elevated,197.72969916510291,2053.0,0.2245702926946258,0.6744212914904122,1.3176701637704902,476.0979919433594,1.3088251815188243,0.7148656214034874,3.650659706828119,103.0500030517578,-0.2130275960683492,0.3346793929396903,0.5267787574618321,Moderate
2024-02-02,27.0,87,334,354.0,409.4285714285714,1690.0,373.0,6447.0,5.1,339.1,77.33000183105469,-1.74078166494529,1.736467277442505,2.219799314969571,-2.398083359051928,-1.3699951171875,423957,-0.6667175409167405,4.924285714285714,4.895333333333332,-0.7823756029743215,88.99770281234115,3.7170572782929874,89.66442035325788,432.4814776315509,-0.0438092125475083,-100,31.19,33.13285714285714,33.09733333333333,34.31422222222222,11.719046062737547,-2.1999999999999997,-2.4700000000000024,0.0355238095238092,56.39204545454546,-1.4965049330311555,1,Elevated,155.0597069819688,2036.0999755859373,-0.8231867712646168,0.6841685382472033,-0.112835989039306,481.1100463867188,1.0527358922269192,0.7297450703144278,4.108769628926701,103.91999816894533,0.8442456006047205,0.360195476115016,1.712831585947816,Moderate
2024-02-03,46.0,114,378,331.0,413.7142857142857,1615.0,371.9333333333333,6441.0,5.11,383.11,77.33000183105469,-1.74078166494529,1.736467277442505,2.219799314969571,-2.398083359051928,-1.3699951171875,269597,-0.798655922276918,4.987142857142857,4.891333333333334,-0.7771676141878386,87.95741861088226,3.7170572782929874,88.75607453315918,475.5831318114522,-0.1319383813601774,-100,31.87,32.85428571428572,33.010666666666665,34.27611111111111,14.559691906800891,0.6799999999999997,2.879999999999999,-0.1563809523809496,64.32624113475177,-1.1453591033146204,1,Elevated,172.48203781794905,2036.0999755859373,-0.8231867712646168,0.6841685382472033,-0.112835989039306,481.1100463867188,1.0527358922269192,0.7297450703144278,4.108769628926701,103.91999816894533,0.8442456006047205,0.360195476115016,1.712831585947816,Moderate
2024-02-04,42.0,119,414,326.0,417.7142857142857,1634.0,373.53333333333336,6438.0,5.14,419.14,77.33000183105469,-1.74078166494529,1.736467277442505,2.219799314969571,-2.398083359051928,-1.3699951171875,250442,-0.7684567437230053,5.064285714285715,4.888999999999999,-0.7736077413094282,86.85528343771206,3.7170572782929874,87.62374018143507,510.480797459728,0.0301991785539126,-100,31.53,32.652857142857144,32.90566666666667,34.25055555555556,11.250995892769556,-0.3399999999999998,-1.0199999999999996,-0.2528095238095247,61.3314447592068,-1.2831983640787663,1,Elevated,186.66757094760425,2036.0999755859373,-0.8231867712646168,0.6841685382472033,-0.112835989039306,481.1100463867188,1.0527358922269192,0.7297450703144278,4.108769628926701,103.91999816894533,0.8442456006047205,0.360195476115016,1.712831585947816,Moderate
2024-02-05,29.0,104,339,256.0,391.1428571428572,1537.0,370.56666666666666,6372.0,4.75,343.75,77.98999786376953,0.8534799134710447,1.7405214027587723,2.200379117711376,-2.145544730175009,0.6599960327148438,417691,-0.4403980552950527,5.027142857142858,4.867999999999999,-0.7574635044694478,88.07175370041593,2.808555789247318,88.51215175571097,435.0707075449583,0.3280586884279525,100,30.87,32.16142857142857,32.74033333333333,34.17677777777778,18.14029344213976,-0.6600000000000001,-0.3200000000000003,-0.5789047619047594,51.90947666195191,-1.5590881783623225,1,Elevated,156.32585266684112,2025.699951171875,-0.5107816187203462,0.6896886283673487,-0.4325411073052398,479.3582153320313,-0.364122734048955,0.6782642097596441,5.187278585928579,104.4499969482422,0.5100065325590597,0.3682851594030694,1.99198634233384,Moderate
2024-02-06,53.0,90,326,278.0,383.7142857142857,1512.0,367.53333333333336,6371.0,4.72,330.72,78.58999633789062,0.7693274657721627,1.7457568963267074,2.200183138575563,-1.0076874391085178,0.5999984741210938,439912,-0.7007690125792337,4.9871428571428575,4.841666666666667,-0.7525556095430159,89.65350778896548,2.615853106009721,90.35427680154471,423.6901299075544,-0.2603709572841809,100,30.85,31.83142857142857,32.62566666666667,34.13311111111111,16.40185478642091,-0.0199999999999995,0.6400000000000006,-0.7942380952380965,51.8361581920904,-1.527963107104792,1,Elevated,151.40519660271283,2034.5,0.4344201530455782,0.6932098642656617,-0.2255885263602985,480.74993896484375,0.2903306104493408,0.6627255070138224,4.501801906864977,104.18000030517578,-0.2584936821014905,0.3546656745820112,2.297725894963065,Moderate
2024-02-07,37.0,105,400,254.0,375.7142857142857,1472.0,369.56666666666666,6365.0,4.59,404.59,79.20999908447266,0.788907972353603,1.7502728389223554,2.2025766659356933,0.1770575315401146,0.6200027465820312,456564,-0.6829067661738968,4.931428571428571,4.811999999999999,-0.751825643949608,90.18184686500712,2.55688656442997,90.86475363118102,498.011640195611,0.0178622464053369,100,30.67,31.481428571428573,32.507666666666665,34.093555555555554,14.589311232026684,-0.1799999999999997,-0.1600000000000001,-1.0262380952380925,50.63469675599436,-1.570849396485732,1,Elevated,181.0317053520082,2035.199951171875,0.0344040880744689,0.6727394929929843,-1.064612582991309,484.7596130371094,0.8340456747429448,0.6744132188172948,5.162039321986134,104.04000091552734,-0.1343822127455651,0.3546019236328662,2.3008889257647214,Moderate
2024-02-08,47.0,108,417,281.0,372.57142857142856,1475.0,371.9333333333333,6378.0,4.61,421.61,81.62999725341797,3.055167525459157,1.7786603338447065,2.172290632421369,0.6907580618006337,2.4199981689453125,445747,-0.5982583865140372,4.859999999999999,4.781000000000001,-0.7415670408705352,90.2683552774905,4.902903665483926,90.86661366400452,517.3795173294884,0.0846483796598596,-100,32.41,31.341428571428573,32.462,34.07355555555556,12.623241898299302,1.7399999999999949,1.9199999999999944,-1.1205714285714308,69.57746478873239,-0.7607968745117335,1,Elevated,188.77848419899448,2032.199951171875,-0.1474056639138909,0.6728438666639428,-1.2632397539994344,484.9737854003906,0.0441811482477794,0.6730702664440458,4.766128695719596,104.1500015258789,0.1057291516566527,0.3499824427874092,2.641175000428575,Moderate
2024-02-09,76.0,113,444,330.0,388.2857142857143,1507.0,377.3,6419.0,4.86,448.86,82.19000244140625,0.6860286742994326,1.749516324706934,2.173583174275521,3.1889527518741856,0.5600051879882812,412816,-0.5343668522253626,4.825714285714286,4.77,-0.7300768844418036,90.08361619093168,2.754440274193785,90.61798304315704,542.2324233173508,0.0638915342886745,-100,32.21,31.48714285714286,32.467333333333336,34.053555555555555,18.61945767144337,-0.1999999999999957,-1.9399999999999904,-0.9801904761904758,68.42475386779185,-0.8397362558050766,1,Elevated,198.7693727183089,2023.300048828125,-0.4379442258434229,0.6374188030337042,-2.814729634679114,487.776611328125,0.5779334908628808,0.6774353419704947,5.181431880268672,104.08000183105467,-0.0672104597202793,0.3350940679737288,3.0597128751833624,Moderate
2024-02-10,61.0,102,354,345.0,384.8571428571428,1534.0,377.7,6435.0,4.84,358.84,82.19000244140625,0.6860286742994326,1.749516324706934,2.173583174275521,3.1889527518741856,0.5600051879882812,268162,-0.6225829626209861,4.787142857142858,4.768666666666666,-0.7248307118474675,88.77718656957482,2.754440274193785,89.3997695321958,450.9942098063896,-0.0882161103956234,-100,31.74,31.46857142857143,32.45966666666667,34.03355555555556,13.641080551978122,-0.4700000000000024,-0.2700000000000067,-0.9910952380952408,63.55337078651685,-1.0386113577705605,1,Elevated,162.51773001611667,2023.300048828125,-0.4379442258434229,0.6374188030337042,-2.814729634679114,487.776611328125,0.5779334908628808,0.6774353419704947,5.181431880268672,104.08000183105467,-0.0672104597202793,0.3350940679737288,3.0597128751833624,Moderate
2024-02-11,6.0,84,297,309.0,368.1428571428572,1517.0,375.8,6389.0,4.58,301.58,82.19000244140625,0.6860286742994326,1.749516324706934,2.173583174275521,3.1889527518741856,0.5600051879882812,245677,-0.5310226425852334,4.707142857142857,4.7636666666666665,-0.7152239106622389,87.44185038325065,2.754440274193785,87.97287302583588,392.3073133000297,0.0915603200357527,-100,31.37,31.445714285714285,32.43766666666667,34.008,24.057801600178763,-0.3699999999999974,0.1000000000000049,-0.9919523809523874,58.90603085553997,-1.1852002841239884,1,Elevated,139.3283507148447,2023.300048828125,-0.4379442258434229,0.6374188030337042,-2.814729634679114,487.776611328125,0.5779334908628808,0.6774353419704947,5.181431880268672,104.08000183105467,-0.0672104597202793,0.3350940679737288,3.0597128751833624,Moderate
2024-02-12,24.0,125,393,304.0,375.8571428571428,1467.0,374.4,6376.0,4.67,397.67,82.0,-0.2311746389613511,1.7213737738068546,2.092188714642744,4.605180046510204,-0.19000244140625,386216,-0.6209529625050629,4.695714285714287,4.765333333333333,-0.7049457178054115,88.40259066676349,2.413066417419226,89.02354362926854,489.10661004668776,-0.0899303199198295,100,31.04,31.47,32.36066666666667,33.986,14.949651599599148,-0.3300000000000018,0.0399999999999955,-0.8906666666666645,53.851540616246496,-1.3120398332600822,1,Elevated,177.8379352928214,2018.199951171875,-0.2520682811827157,0.6357918475593529,-2.685758898437074,487.5624694824219,-0.0439016223266697,0.6781519047388375,5.095557909512083,104.16999816894533,0.0864684245843072,0.3341042684607074,2.9042721668647964,Moderate
2024-02-13,23.0,105,374,274.0,382.7142857142857,1394.0,375.0,5734.0,4.69,378.69,82.7699966430664,0.9390202964224548,1.6890608298402154,2.083694348555388,7.437689069892239,0.7699966430664062,422837,-0.5512717107700703,4.691428571428572,4.768,-0.6947609054222753,89.81119490067535,3.3718500332518944,90.3624666114454,472.4243166446973,0.0696812517349926,100,31.02,31.49428571428572,32.297,33.845888888888894,10.748406258674969,-0.0199999999999995,0.3100000000000023,-0.8027142857142806,53.21678321678321,-1.3997769532612316,1,Elevated,170.89723333558985,1992.9000244140625,-1.2535887112236854,0.6655650118259899,-3.369854597583455,480.8472290039063,-1.37730873453904,0.730519525784366,3.9489842274173625,104.95999908447266,0.7583766241851198,0.3553220904562272,3.5823519074540178,Moderate
2024-02-14,30.0,94,347,267.0,375.1428571428572,1383.0,371.8333333333333,5730.0,4.6,351.6,81.5999984741211,-1.4135534812098172,1.6862981073953138,2.0880082510191085,7.524046818284091,-1.1699981689453125,437475,-0.5741923576802412,4.692857142857143,4.763333333333333,-0.6880627467664674,90.27368428960276,3.85225627043354,90.84787664728302,446.3001329177166,-0.0229206469101709,100,31.24,31.575714285714287,32.234,33.77633333333334,12.414603234550862,0.2199999999999988,0.2399999999999984,-0.6582857142857144,56.98324022346368,-1.2686444761264026,1,Elevated,160.35047783763002,1990.300048828125,-0.1304619175114929,0.6643962055952387,-3.589413728972668,485.217041015625,0.9087734623678624,0.731788735402491,5.483980884485318,104.72000122070312,-0.228656503299296,0.3318534284115716,2.465757678776792,Moderate
2024-02-15,43.0,94,342,263.0,364.4285714285714,1337.0,371.4333333333333,5676.0,4.5,346.5,82.86000061035156,1.5441202938625942,1.6177637941025718,2.0455805471842883,5.891374581918929,1.2600021362304688,446494,-0.6565801843889704,4.677142857142857,4.7523333333333335,-0.6891598989126766,90.35057543940482,3.751021546157059,91.0071556237938,441.2581771699509,-0.0823878267087291,100,31.29,31.415714285714284,32.18266666666667,33.707,14.011939133543642,0.0500000000000007,-0.1699999999999981,-0.7669523809523859,58.019525801952575,-1.2233826472416205,1,Elevated,158.30183974322156,2002.0999755859373,0.5928717514105619,0.6259809568834475,-1.578014765335389,488.56488037109375,0.6899673903582038,0.7124232197067422,7.086316380641278,104.3000030517578,-0.4010677655170602,0.3415313893029928,1.7958266481811869,Moderate
2024-02-16,19.0,114,419,206.0,360.8571428571428,1313.0,373.3666666666667,5552.0,4.37,423.37,83.47000122070312,0.7361822421654063,1.6081847501741142,2.0464770419193186,7.578302822964611,0.6100006103515625,422451,-0.8341181743382745,4.607142857142857,4.733666666666666,-0.6912608016332307,90.19775564859631,3.102197274635982,91.0318738229346,517.5040710975705,-0.1775379899493041,-100,31.06,31.25142857142857,32.14633333333333,33.626444444444445,16.98768994974652,-0.2300000000000004,-0.2800000000000011,-0.8949047619047619,54.1782729805014,-1.3275434175480725,1,Elevated,188.7952536744413,2011.5,0.469508242779515,0.6278785063139058,-1.5081059634600713,486.1318664550781,-0.4979919789092513,0.7178341022176113,6.897375742698508,104.27999877929688,-0.0191795511750969,0.3413521710164708,1.8160521808284316,Moderate
2024-02-17,70.0,150,481,215.0,379.0,1362.0,378.2,5576.0,4.62,485.62,83.47000122070312,0.7361822421654063,1.6081847501741142,2.0464770419193186,7.578302822964611,0.6100006103515625,270115,-0.881480330766348,4.575714285714286,4.724666666666667,-0.6959140361821794,88.85242658640229,3.102197274635982,89.73390691716864,578.4561041918046,-0.0473621564280735,-100,32.31,31.332857142857144,32.17733333333333,33.55977777777778,22.93681078214037,1.2500000000000036,1.480000000000004,-0.8444761904761862,69.26286509040334,-0.667473798422094,1,Elevated,213.43566029328807,2011.5,0.469508242779515,0.6278785063139058,-1.5081059634600713,486.1318664550781,-0.4979919789092513,0.7178341022176113,6.897375742698508,104.27999877929688,-0.0191795511750969,0.3413521710164708,1.8160521808284316,Moderate
2024-02-18,120.0,103,356,329.0,387.4285714285714,1409.0,381.76666666666665,5643.0,4.95,360.95,83.47000122070312,0.7361822421654063,1.6081847501741142,2.0464770419193186,7.578302822964611,0.6100006103515625,246233,-0.6592527143987551,4.628571428571429,4.727666666666667,-0.6932584211457083,87.52749019023555,3.102197274635982,88.18674290463431,452.23894017927023,0.2222276163675929,-100,32.99,31.56428571428572,32.20666666666667,33.53677777777778,24.411138081837965,0.6799999999999997,-0.5700000000000038,-0.6423809523809538,75.27777777777777,-0.2929477422672126,1,Elevated,163.25822749078125,2011.5,0.469508242779515,0.6278785063139058,-1.5081059634600713,486.1318664550781,-0.4979919789092513,0.7178341022176113,6.897375742698508,104.27999877929688,-0.0191795511750969,0.3413521710164708,1.8160521808284316,Moderate
2024-02-19,29.0,135,438,334.0,393.8571428571428,1398.0,386.0,5529.0,5.02,443.02,83.47000122070312,0.7361822421654063,1.6081847501741142,2.0464770419193186,7.578302822964611,0.6100006103515625,390060,-0.7561319207802657,4.678571428571429,4.739999999999999,-0.6907583508000138,88.50615035295118,3.102197274635982,89.26228227373144,535.3844795483674,-0.0968792063815106,100,32.87,31.82571428571429,32.237,33.48988888888889,29.384396031907546,-0.1200000000000045,-0.8000000000000043,-0.4112857142857109,73.64771151178918,-0.3389538099914418,1,Elevated,196.30133536460067,2011.5,0.469508242779515,0.6278785063139058,-1.5081059634600713,486.1318664550781,-0.4979919789092513,0.7178341022176113,6.897375742698508,104.27999877929688,-0.0191795511750969,0.3413521710164708,1.8160521808284316,Moderate
2024-02-20,150.0,142,514,461.0,413.8571428571428,1479.0,389.56666666666666,5529.0,5.49,519.49,82.33999633789062,-1.353785631109139,1.6162382479763246,2.039648898958218,4.545447060130692,-1.1300048828125,449580,-0.7560758747518775,4.792857142857143,4.7683333333333335,-0.6853224755297849,90.12109143176237,3.424568585098533,90.87716730651422,613.7917358916128,5.6046028388156977e-05,100,34.97,32.39,32.329,33.47911111111111,38.900280230141945,2.1000000000000014,2.220000000000006,0.0609999999999999,90.30470914127424,0.8205001575998329,1,Elevated,227.3412608953423,2027.5,0.7954262987819982,0.6465188653262715,-0.7295350683486745,483.45550537109375,-0.5505422023659223,0.7315864765525701,6.163447883619466,104.08000183105467,-0.1917884067734521,0.3442509375944832,1.6306982806633783,Moderate
2024-02-21,95.0,106,375,526.0,417.8571428571428,1561.0,390.56666666666666,5538.0,5.67,380.67,83.02999877929688,0.837991829116369,1.4772669753563057,2.0415367825397728,9.077766399614484,0.69000244140625,453995,-0.713815081953411,4.945714285714287,4.809666666666667,-0.6854320368627902,90.51456972257208,3.223035444434123,91.2283848045255,475.1214202489596,0.0422607927984665,100,33.52,32.715714285714284,32.33166666666667,33.446555555555555,23.01130396399233,-1.4499999999999955,-3.549999999999997,0.3840476190476138,79.59889349930843,0.0410474383391257,1,Elevated,171.80289113867877,2022.300048828125,-0.2564710812268833,0.6325418650545666,-0.2121744206855291,483.8934326171875,0.0905827405476733,0.6941254439224928,4.76400708574376,104.01000213623048,-0.0672556625602727,0.341832311165234,1.7610831306926975,Moderate
2024-02-22,71.0,101,362,554.0,420.7142857142857,1601.0,389.6666666666667,5600.0,5.76,367.76,83.66999816894531,0.7708050091023377,1.4480042140976148,1.9509561973535063,7.8360640778707635,0.6399993896484375,456634,-0.7110643722512089,5.125714285714286,4.856666666666667,-0.6846527504078037,90.63712917587962,3.002415630987029,91.34819354813084,462.1106091791178,0.0027507097022021,100,32.64,32.90857142857143,32.37333333333333,33.41966666666667,15.71375354851101,-0.8800000000000026,0.5699999999999932,0.5352380952380997,71.40883977900553,-0.4372998128201257,1,Elevated,166.574604962021,2019.699951171875,-0.1285713095718232,0.6329435551960843,-0.330639220364437,493.9078674316406,2.06955377763427,0.7738838383221999,7.0946237011668245,103.95999908447266,-0.0480752338532952,0.3377713899501555,1.355171486579021,Moderate
2024-02-23,62.0,94,336,597.0,408.8571428571428,1556.0,387.8,5651.0,5.73,341.73,81.62000274658203,-2.4500961721356296,1.5137633086726925,1.9623551185298196,6.276041019914902,-2.049995422363281,420434,-0.6741405612439899,5.32,4.896333333333334,-0.685116218197816,90.4681423674148,4.591463582799812,91.1422829286588,437.4637465114586,0.0369238110072189,-100,32.77,33.152857142857144,32.330333333333336,33.412444444444446,12.284619055036089,0.1300000000000025,1.0100000000000051,0.8225238095238083,72.75862068965517,-0.3600690439263487,1,Elevated,156.75704201885168,2038.5999755859373,0.9357837733815932,0.6543122496229151,0.8359313855780925,494.24847412109375,0.0689615841157342,0.771803323319666,6.56580305262302,103.94000244140624,-0.0192349396330393,0.3347179529431614,1.543573487332428,Moderate
2024-02-24,19.0,121,427,546.0,401.1428571428572,1528.0,391.53333333333336,5666.0,5.5,432.5,81.62000274658203,-2.4500961721356296,1.5137633086726925,1.9623551185298196,6.276041019914902,-2.049995422363281,279109,-0.7729598248331494,5.445714285714287,4.927333333333333,-0.6868999563804012,89.15300321524889,4.591463582799812,89.92596304008204,527.0174266228819,-0.0988192635891594,-100,33.1,33.26571428571429,32.297999999999995,33.41777777777778,21.3940963179458,0.3299999999999983,0.1999999999999957,0.967714285714294,76.10192837465564,-0.1782717567854161,1,Elevated,192.82177804113635,2038.5999755859373,0.9357837733815932,0.6543122496229151,0.8359313855780925,494.24847412109375,0.0689615841157342,0.771803323319666,6.56580305262302,103.94000244140624,-0.0192349396330393,0.3347179529431614,1.543573487332428,Moderate
2024-02-25,25.0,88,327,451.0,397.0,1531.0,390.8666666666667,5684.0,5.25,332.25,81.62000274658203,-2.4500961721356296,1.5137633086726925,1.9623551185298196,6.276041019914902,-2.049995422363281,251612,-0.6438018556098842,5.488571428571428,4.949666666666667,-0.6836884316706265,87.88953435233017,4.591463582799812,88.53333620794005,425.3747997907399,0.1291579692232651,-100,31.9,33.11,32.27233333333333,33.422555555555554,14.345789846116324,-1.2000000000000028,-1.5300000000000011,0.8376666666666708,64.37414030261348,-0.8564086348470336,1,Elevated,152.44325267470794,2038.5999755859373,0.9357837733815932,0.6543122496229151,0.8359313855780925,494.24847412109375,0.0689615841157342,0.771803323319666,6.56580305262302,103.94000244140624,-0.0192349396330393,0.3347179529431614,1.543573487332428,Moderate
2024-02-26,18.0,107,356,440.0,385.2857142857143,1480.0,391.1333333333333,5691.0,5.08,361.08,82.52999877929688,1.1149179148403745,1.5191226719985989,1.966072619094179,6.614125920386216,0.9099960327148438,419531,-0.6543831052298593,5.497142857142857,4.963333333333334,-0.6781330511763348,89.0483323400451,3.2954531788775947,89.70271544527496,454.07816862415257,-0.010581249619975,100,31.39,32.89857142857143,32.19133333333333,33.401,13.152906248099876,-0.509999999999998,0.6900000000000048,0.7072380952380968,59.13461538461539,-1.1230327155817523,1,Elevated,163.690724360606,2028.5,-0.4954368540613041,0.6574311412810893,0.7049570981312536,492.4382934570313,-0.3662491153425429,0.7777520841510297,6.222321579389245,103.83000183105467,-0.1058308714333322,0.3352502510719638,1.5055243931409334,Moderate
2024-02-27,28.0,127,448,318.0,375.8571428571428,1461.0,393.2,5714.0,4.75,452.75,83.6500015258789,1.3570856211656546,1.5242063168972253,1.9620913373503053,6.846341228345176,1.1200027465820312,459420,-0.65209376889296,5.391428571428572,4.968333333333334,-0.6734607214770182,90.66756166942534,3.565926060897397,91.31965543831828,547.6355814992157,0.0022893363368993,100,31.6,32.417142857142856,32.14666666666667,33.39477777777778,15.311446681684496,0.2100000000000008,0.7199999999999989,0.2704761904761881,61.52263374485597,-0.9993124759712776,1,Elevated,200.79030151202264,2034.0,0.2711363076164597,0.588074660342581,-0.6205086956983297,493.3531188964844,0.1857746344279709,0.7773452265329542,6.345981418951152,103.83000183105467,0.0,0.3351927586244587,1.3964846522139809,Moderate
2024-02-28,35.0,108,398,258.0,379.1428571428572,1397.0,388.9666666666666,5748.0,4.65,402.65,83.68000030517578,0.0358622579194944,1.5240319461331555,1.9589902401589427,6.884658738814031,0.029998779296875,469352,-0.6762177890571108,5.2457142857142856,4.956333333333333,-0.6709540859677342,91.20543975540068,2.248360077934053,91.8816575444578,496.7800176223918,-0.0241240201641508,100,30.72,32.01714285714286,32.027,33.38577777777778,12.52062010082075,-0.8800000000000026,-1.0900000000000034,-0.0098571428571432,49.589041095890416,-1.4748790258757982,1,Elevated,180.3356755400652,2033.0,-0.0491642084562427,0.5575341815557948,0.34550839091807,492.7010498046875,-0.1321708664283716,0.7725174081346706,6.596762566700432,103.9800033569336,0.1444683841217431,0.2908649207927473,0.5998478549930741,Moderate
2024-02-29,28.0,91,336,215.0,375.4285714285714,1394.0,387.56666666666666,5678.0,4.52,340.52,83.62000274658203,-0.0716988030293297,1.5185130109145095,1.958928107334371,7.370320615814019,-0.05999755859375,470528,-0.6279135118460258,5.068571428571429,4.940333333333333,-0.6689485275875148,91.43285789050624,2.327243875525241,92.06077140235227,434.9080152778775,0.0483042772110849,100,30.36,31.69142857142857,31.933666666666667,33.30722222222222,12.941521386055433,-0.3599999999999994,0.5200000000000031,-0.2422380952380969,45.82763337893297,-1.6527849611592964,1,Elevated,155.55105183068054,2045.699951171875,0.6246901707759545,0.5225559350344996,2.1522009443412093,494.4722900390625,0.3594959326912672,0.7589353147501086,7.57796428406392,104.16000366210938,0.1731105014085132,0.2919676332974605,0.6863284048451046,Moderate
2024-03-01,45.0,119,437,198.0,389.8571428571428,1378.0,386.9333333333333,5613.0,4.63,441.63,83.55000305175781,-0.0837116629096024,1.498884776199882,1.9415966188758336,5.625796034740271,-0.0699996948242187,445807,-0.6287988682365709,4.911428571428571,4.9286666666666665,-0.6670762727604578,91.37754884849517,2.145176042583512,92.00634771673174,535.7815237593152,-0.0008853563905451,-100,30.9,31.42428571428571,31.859666666666666,33.24955555555555,14.504426781952729,0.5399999999999991,0.8999999999999986,-0.4353809523809566,51.09289617486339,-1.322882639397605,1,Elevated,195.9113399603798,2086.89990234375,2.01397820576148,0.6190004456056785,3.3835295543381383,499.1145629882813,0.9388337916472532,0.7604348479655733,7.630803455586799,103.86000061035156,-0.2880213529283359,0.2971251636975684,0.3090590032786444,Moderate
2024-03-02,52.0,113,391,231.0,384.7142857142857,1410.0,385.3333333333333,5562.0,4.64,395.64,83.55000305175781,-0.0837116629096024,1.498884776199882,1.9415966188758336,5.625796034740271,-0.0699996948242187,276249,-0.6709823877367748,4.788571428571428,4.913,-0.6686787414060426,90.02741506759784,2.145176042583512,90.6983974553346,488.4835734979181,-0.0421835195002038,-100,30.78,31.092857142857135,31.772666666666662,33.19244444444445,11.710917597501018,-0.1199999999999974,-0.6599999999999966,-0.6798095238095279,50.20463847203275,-1.3615106563999029,1,Elevated,177.25374990810033,2086.89990234375,2.01397820576148,0.6190004456056785,3.3835295543381383,499.1145629882813,0.9388337916472532,0.7604348479655733,7.630803455586799,103.86000061035156,-0.2880213529283359,0.2971251636975684,0.3090590032786444,Moderate
2024-03-03,23.0,90,304,229.0,381.4285714285714,1406.0,384.3333333333333,5484.0,4.63,308.63,83.55000305175781,-0.0837116629096024,1.498884776199882,1.9415966188758336,5.625796034740271,-0.0699996948242187,248665,-0.7018043508107462,4.7,4.897333333333334,-0.6698483017358428,88.65570700418432,2.145176042583512,89.35751135499507,400.1326873975786,-0.0308219630739714,-100,30.58,30.90428571428572,31.752333333333336,33.14933333333333,16.054109815369856,-0.2000000000000028,-0.0800000000000054,-0.8480476190476196,47.82016348773842,-1.4371233400395136,1,Elevated,142.18157268803242,2086.89990234375,2.01397820576148,0.6190004456056785,3.3835295543381383,499.1145629882813,0.9388337916472532,0.7604348479655733,7.630803455586799,103.86000061035156,-0.2880213529283359,0.2971251636975684,0.3090590032786444,Moderate
2024-03-04,37.0,123,379,248.0,384.7142857142857,1397.0,384.3666666666667,5352.0,4.73,383.73,82.80000305175781,-0.8976660354343635,1.50372432972683,1.933145727813567,5.397155836215073,-0.75,421014,-0.5954905821721841,4.65,4.884666666666666,-0.6630761237323516,89.84058663267783,2.941105948782701,90.43607721485002,477.1071831636327,0.1063137686385621,100,31.19,30.875714285714285,31.72966666666667,33.086000000000006,14.331568843192816,0.610000000000003,0.8100000000000058,-0.8539523809523857,55.57823129251701,-1.080662562222812,1,Elevated,172.7556578224831,2117.699951171875,1.4758757137097955,0.6657327641236648,4.500367686744378,498.5792541503906,-0.1072516968219972,0.7390123288326966,6.191572907398224,103.83000183105467,-0.0288838620456255,0.2934157991525749,0.5228007655542211,Moderate
2024-03-05,55.0,103,364,275.0,372.7142857142857,1410.0,382.7,5321.0,4.65,368.65,82.04000091552734,-0.9178769422935829,1.4804284746163294,1.9183495201232512,2.473149409584341,-0.7600021362304688,460335,-0.6071841073521329,4.635714285714286,4.868333333333334,-0.657700369186656,91.48305702809836,2.6456203578683466,92.09024113545053,463.3858614933188,-0.0116935251799488,100,31.32,30.835714285714285,31.722666666666665,33.00855555555555,14.458467625899743,0.129999999999999,-0.480000000000004,-0.8869523809523798,58.15217391304349,-1.008585188751206,1,Elevated,166.93629637023747,2133.5,0.746094781717388,0.6680053087257493,5.629267671215432,493.5964050292969,-0.999409638410409,0.770917278355037,4.908464191356665,103.8000030517578,-0.0288922072309016,0.2935091864828167,0.4548545556706473,Moderate
2024-03-06,75.0,99,365,315.0,368.0,1456.0,383.56666666666666,5270.0,4.68,369.68,82.95999908447266,1.1214019486574411,1.4853678478842849,1.9059279986762356,4.2866070419836255,0.9199981689453124,463421,-0.5291439251841646,4.640000000000001,4.8660000000000005,-0.6606585648496264,91.84090684292106,3.0354305007400884,92.37005076810522,465.0854812688453,0.0780401821679682,100,31.82,30.992857142857144,31.75433333333333,32.96522222222222,14.690200910839836,0.5,0.370000000000001,-0.7614761904761878,64.04341926729987,-0.6925805696432913,1,Elevated,167.5601823539171,2150.300048828125,0.7874407700082076,0.6770105425969483,6.255872941190654,496.0976257324219,0.5067339789430969,0.7731544721233234,5.133441660805671,103.37000274658205,-0.4142584706489538,0.2992306752613455,-0.2412661584379694,Moderate
2024-03-07,25.0,101,381,312.0,374.4285714285714,1428.0,385.4,5210.0,4.74,385.74,82.95999908447266,0.0,1.4829701010146,1.879888406517361,3.6481735826402906,0.0,457269,-0.5171607962032833,4.671428571428571,4.866666666666666,-0.6545382909704279,91.97673013694858,1.847787459278629,92.49389093315186,480.0816783924305,0.0119831289808813,-100,31.33,31.131428571428568,31.770333333333333,32.906333333333336,20.65991564490441,-0.490000000000002,-0.990000000000002,-0.6389047619047652,58.13008130081301,-0.9757470720835472,1,Elevated,173.53389317034186,2158.0,0.3580872900073251,0.6648101904328316,7.155269568451539,501.0220947265625,0.9926411131015334,0.7874555809149525,6.061103499859843,102.81999969482422,-0.5320722038734793,0.3074820047322912,-0.4068172972063855,Moderate
2024-03-08,32.0,112,391,299.0,367.8571428571428,1423.0,385.1,5146.0,4.66,395.66,82.08000183105469,-1.0607488706960155,1.3957253083662176,1.850409148352681,-0.4246008405014101,-0.8799972534179688,438961,-0.3835295973882416,4.675714285714285,4.869000000000001,-0.6445590520109061,91.83898182532984,2.498934263112374,92.2225114227181,490.3814456858305,0.1336311988150416,-100,30.76,31.11142857142857,31.77333333333333,32.84577777777778,12.86815599407521,-0.5699999999999967,-0.0799999999999947,-0.6619047619047613,49.52638700947226,-1.3099438748861618,1,Elevated,177.7080759897886,2178.60009765625,0.9545921064064044,0.6774596710216647,8.017257736370142,498.0148010253906,-0.6002317528158385,0.7978304404626994,4.854207925149834,102.73999786376952,-0.0778076554095896,0.3011465105739495,-0.801392134305634,Moderate
2024-03-09,75.0,130,423,322.0,372.4285714285714,1451.0,385.3,5090.0,4.78,427.78,82.08000183105469,-1.0607488706960155,1.3957253083662176,1.850409148352681,-0.4246008405014101,-0.8799972534179688,277983,-0.6000327833784485,4.695714285714286,4.874666666666667,-0.644618198573053,90.52618243031748,2.498934263112374,91.12621521369594,521.4051494768082,-0.2165031859902068,-100,32.04,31.291428571428572,31.761000000000003,32.788111111111114,20.882515929951037,1.2799999999999976,1.8499999999999943,-0.4695714285714274,66.8918918918919,-0.4908132929785845,1,Elevated,190.33681674798413,2178.60009765625,0.9545921064064044,0.6774596710216647,8.017257736370142,498.0148010253906,-0.6002317528158385,0.7978304404626994,4.854207925149834,102.73999786376952,-0.0778076554095896,0.3011465105739495,-0.801392134305634,Moderate
2024-03-10,20.0,117,401,319.0,386.2857142857143,1395.0,383.8666666666667,5038.0,4.92,405.92,82.08000183105469,-1.0607488706960155,1.3957253083662176,1.850409148352681,-0.4246008405014101,-0.8799972534179688,253609,-0.5397407962258638,4.737142857142857,4.876666666666667,-0.6447973300397365,89.28034391143541,2.498934263112374,89.82008470766127,498.2390189707736,0.0602919871525846,-100,31.63,31.44142857142857,31.741666666666667,32.74088888888889,22.70145993576292,-0.4100000000000001,-1.6899999999999975,-0.3002380952380967,62.145748987854255,-0.7441279738207713,1,Elevated,181.33159064677724,2178.60009765625,0.9545921064064044,0.6774596710216647,8.017257736370142,498.0148010253906,-0.6002317528158385,0.7978304404626994,4.854207925149834,102.73999786376952,-0.0778076554095896,0.3011465105739495,-0.801392134305634,Moderate
2024-03-11,5.0,122,399,287.0,389.1428571428572,1339.0,385.3666666666667,4939.0,4.87,403.87,82.20999908447266,0.1583787165179817,1.372299768950443,1.85054367880946,-1.6038347317055668,0.1299972534179687,426999,-0.2643514592259631,4.757142857142857,4.877666666666667,-0.632856279926569,90.5232870786559,1.6910619586389817,90.78763853788186,496.3487004965208,0.2753893369999007,100,30.1,31.285714285714285,31.687,32.656444444444446,14.876946684999504,-1.5299999999999976,-1.1199999999999974,-0.4012857142857164,42.45283018867924,-1.797151958263172,1,Elevated,180.381952491032,2182.5,0.1790095551701176,0.6758128964745856,8.215983099968494,497.5866394042969,-0.0859736739173611,0.7973538320617951,4.897330383455212,102.87000274658205,0.1265377511345589,0.3021068619819301,-0.5798767440248542,Moderate
2024-03-12,460.0,154,595,692.0,422.1428571428572,1793.0,395.3,5319.0,6.0,601.0,81.91999816894531,-0.3527562568506504,1.350600679822752,1.8205784352350047,-0.5825283350059718,-0.2900009155273437,455442,-0.544701092209136,4.95,4.925,-0.6333122282473659,92.164755838907,1.7616097701739994,92.70945693111616,695.4710667012902,-0.2803496329831729,100,38.23,32.27285714285715,31.915666666666663,32.68566666666667,100.0,8.129999999999995,9.659999999999991,0.3571904761904854,98.78869448183042,3.6764055079986098,1,Elevated,259.64653529429285,2160.39990234375,-1.0126047036082442,0.7141026862191927,6.675881613252166,502.9393310546875,1.07573058167294,0.8067064188999619,5.1926715560321135,102.95999908447266,0.0874855015920772,0.3013902641605934,-0.6273540411638301,Moderate
2024-03-13,18.0,115,421,635.0,430.1428571428572,1787.0,396.23333333333335,5246.0,5.97,426.97,84.02999877929688,2.5756843963790965,1.4277649001096178,1.8198103901627276,1.3997779585722236,2.1100006103515625,461233,-0.6228250027648415,5.134285714285714,4.968333333333334,-0.6333746295893584,92.7517844756565,4.143427092345936,93.37460947842136,524.4880365707672,-0.0781239105557055,100,34.71,32.68571428571428,32.038,32.672111111111114,99.09061955277852,-3.519999999999996,-11.649999999999991,0.6477142857142866,89.11290322580645,1.373347297556809,1,Elevated,191.12029273262263,2175.39990234375,0.6943158988170106,0.7192326453992439,7.08343107771352,502.1509704589844,-0.1567506351213166,0.8076824859121102,5.109081486403455,102.79000091552734,-0.165110888167197,0.3006845260456291,-0.5899425544968584,Moderate
2024-03-14,22.0,151,559,632.0,455.57142857142856,1786.0,402.4,5196.0,6.24,565.24,85.41999816894531,1.6541704270390811,1.429243735767422,1.8124833686184212,4.540446856005009,1.3899993896484375,457175,-0.5709382369101258,5.348571428571428,5.0200000000000005,-0.6340301804606935,93.02048876040136,3.537458848407004,93.59142699731149,662.3688858457185,0.0518867658547157,-100,32.72,32.88428571428572,32.09466666666667,32.660666666666664,13.759433829273584,-1.990000000000002,1.529999999999994,0.7896190476190483,72.61744966442953,0.0401051766821109,1,Elevated,246.2292689388251,2163.0,-0.5700056495539285,0.7243609392379182,5.594615461811259,501.15826416015625,-0.1976908055999038,0.73672959270675,6.641397004915173,103.36000061035156,0.5545283488154196,0.3175569756649122,0.0871540333212461,Moderate
2024-03-15,61.0,122,460,661.0,465.4285714285714,1817.0,406.1666666666667,5210.0,6.38,466.38,85.33999633789062,-0.0936570273584624,1.2333545095150165,1.812205020525649,8.437102474114822,-0.0800018310546875,434192,-0.6469852308944682,5.594285714285715,5.079333333333334,-0.6364566095678346,92.99479838336082,2.170721784284961,93.64178361425527,562.1925053985402,-0.0760469939843424,-100,33.15,33.22571428571429,32.15833333333333,32.65511111111111,19.58023496992171,0.4299999999999997,2.4200000000000017,1.067380952380958,76.94369973190348,0.3351492247050964,1,Elevated,206.14864543656503,2157.300048828125,-0.2635206274560819,0.728889067438144,5.080372568345104,497.717041015625,-0.6866539755256862,0.7247556959722636,4.540882221330111,103.43000030517578,0.0677241625492097,0.3150864871989614,0.3687503562975314,Moderate
2024-03-16,34.0,152,519,620.0,479.1428571428572,1808.0,412.06666666666666,5133.0,6.43,525.43,85.33999633789062,-0.0936570273584624,1.2333545095150165,1.812205020525649,8.437102474114822,-0.0800018310546875,274113,-0.726881321777205,5.83,5.143666666666666,-0.638799980814109,91.64586969477672,2.170721784284961,92.37275101655392,619.9734728008389,-0.0798960908827367,-100,32.6,33.30571428571428,32.202000000000005,32.63977777777778,16.299480454413683,-0.5499999999999972,-0.9799999999999968,1.1037142857142754,71.01740294511379,-0.0270622953275489,1,Elevated,229.51483891702475,2157.300048828125,-0.2635206274560819,0.728889067438144,5.080372568345104,497.717041015625,-0.6866539755256862,0.7247556959722636,4.540882221330111,103.43000030517578,0.0677241625492097,0.3150864871989614,0.3687503562975314,Moderate
2024-03-17,21.0,120,430,621.0,483.2857142857143,1810.0,412.4333333333333,5057.0,6.47,436.47,85.33999633789062,-0.0936570273584624,1.2333545095150165,1.812205020525649,8.437102474114822,-0.0800018310546875,252754,-0.7640998883270269,6.051428571428572,5.213666666666667,-0.6364660379470675,90.31794404365124,2.170721784284961,91.08204393197828,529.7227657162633,-0.0372185665498219,-100,32.19,33.385714285714286,32.239666666666665,32.61544444444444,13.186092832749113,-0.4100000000000037,0.1399999999999934,1.1460476190476214,67.71390374331551,-0.2916374216455633,1,Elevated,193.67269750010965,2157.300048828125,-0.2635206274560819,0.728889067438144,5.080372568345104,497.717041015625,-0.6866539755256862,0.7247556959722636,4.540882221330111,103.43000030517578,0.0677241625492097,0.3150864871989614,0.3687503562975314,Moderate
2024-03-18,88.0,137,486,704.0,495.7142857142857,1828.0,412.6,5123.0,6.74,492.74,86.88999938964844,1.8162680082863147,1.2032269958992865,1.7654448217901333,12.362598386431925,1.5500030517578125,413090,-0.5672926137381624,6.318571428571429,5.2843333333333335,-0.6259931140461279,91.436762702612,4.255754842828793,92.00405531635016,588.9998101591789,0.1968072745888645,100,35.22,34.11714285714286,32.336666666666666,32.62544444444445,27.08403637294433,3.030000000000001,3.440000000000005,1.7804761904761932,91.85580774365822,1.7606463182489709,1,Elevated,217.19911300040155,2160.699951171875,0.15759988257531,0.7044911334899965,6.119541136484763,500.6750793457031,0.5943212882649318,0.7097583437629161,4.066644025815647,103.58000183105467,0.1450270960420718,0.2747361644584363,-0.3271712316024966,Moderate
2024-03-19,26.0,108,435,270.0,472.8571428571428,1734.0,415.23333333333335,5116.0,5.62,440.62,87.37999725341797,0.5639289529421943,1.2005914402307178,1.743831232533326,12.040004676049088,0.4899978637695312,448181,-0.6361055952504978,6.264285714285714,5.306666666666667,-0.6252215434078526,93.01706129005602,2.968520860777821,93.65316688530652,537.2416877460844,-0.0688129815123353,100,33.47,33.43714285714285,32.35266666666667,32.640888888888895,33.94406490756168,-1.75,-4.780000000000001,1.084476190476181,79.46666666666667,0.5620556695782503,1,Elevated,196.1660417213725,2156.300048828125,-0.2036331949451741,0.6959770390612441,6.447159046466755,503.4573974609375,0.5557133218754062,0.7072996522651648,5.027384815385672,103.80999755859376,0.2220464601981664,0.2605876540122497,-0.612732798800919,Moderate
2024-03-20,130.0,118,451,382.0,477.1428571428572,1835.0,415.6666666666667,5239.0,5.87,456.87,85.94999694824219,-1.6365304991124208,1.253338943602187,1.7528504035253496,9.365060380850387,-1.4300003051757812,462971,-0.5469447350058905,6.25,5.335,-0.6182486372153735,93.58760989815876,3.8263754807996464,94.13455463316464,554.8309301139643,0.0891608602446073,100,35.78,33.59,32.449666666666666,32.68733333333333,33.74580430122304,2.3100000000000023,4.060000000000002,1.1403333333333308,93.60852197070572,2.05158888089789,1,Elevated,203.1054611189528,2157.89990234375,0.0741943829428715,0.6950930337277258,6.065367527340859,508.1139831542969,0.9249214962067764,0.720510597447372,5.691949592000722,103.41000366210938,-0.3853134629529298,0.2655683895692063,-0.7391021701006362,Moderate
2024-03-21,86.0,116,464,446.0,463.57142857142856,1771.0,414.0,5260.0,5.83,469.83,85.77999877929688,-0.1977872890998266,1.2531873729555931,1.7439186013973318,8.29440698240347,-0.1699981689453125,458332,-0.5074596701706997,6.191428571428572,5.346333333333333,-0.609961430396001,93.65609670286742,2.280415360295767,94.16355637303812,566.2739717333338,0.0394850648351907,-100,33.23,33.66285714285714,32.391666666666666,32.68955555555556,19.39742532417596,-2.5500000000000043,-4.860000000000007,1.2711904761904762,77.06117021276596,0.3583593377206259,1,Elevated,207.67687741872595,2182.39990234375,1.1353631358614005,0.7148953743435412,7.23270217686065,509.7932739257813,0.3304948942872254,0.7107209403452794,5.164139135236812,104.0,0.5705408732199935,0.2859071187808881,-0.0384476308874948,Moderate
2024-03-22,40.0,128,498,425.0,469.0,1716.0,418.1,5225.0,5.83,503.83,85.43000030517578,-0.40801874458124,1.1427599415698697,1.7393886098655462,4.655155187572535,-0.3499984741210937,437537,-0.759632473646542,6.112857142857143,5.351666666666668,-0.6114886767857719,93.52730833085012,2.0162942049083634,94.28694080449668,600.133235009405,-0.2521728034758422,-100,32.57,33.58,32.36,32.69588888888889,20.46086401737921,-0.6599999999999966,1.890000000000008,1.2199999999999989,70.3187250996016,-0.0835707426082094,1,Elevated,221.19590584286271,2158.10009765625,-1.11344417956597,0.7534545355669162,6.195263729426537,508.82666015625,-0.1896089687664193,0.7134294139731744,4.918384348582183,104.43000030517578,0.4134618318997862,0.2952325190031058,0.2688418388811175,Moderate
2024-03-23,41.0,134,490,432.0,464.8571428571428,1686.0,422.3666666666667,5144.0,5.77,495.77,85.43000030517578,-0.40801874458124,1.1427599415698697,1.7393886098655462,4.655155187572535,-0.3499984741210937,277284,-1.2475151483406917,6.018571428571428,5.352,-0.629370369322088,92.12384530245626,2.0162942049083634,93.37136045079696,591.1576546557053,-0.4878826746941497,-100,31.69,33.45,32.32833333333333,32.67400000000001,13.239413373470754,-0.879999999999999,-0.2200000000000024,1.1216666666666697,62.06896551724138,-0.653160383004533,1,Elevated,217.78878977212275,2158.10009765625,-1.11344417956597,0.7534545355669162,6.195263729426537,508.82666015625,-0.1896089687664193,0.7134294139731744,4.918384348582183,104.43000030517578,0.4134618318997862,0.2952325190031058,0.2688418388811175,Moderate
2024-03-24,32.0,102,365,443.0,455.57142857142856,1656.0,423.3333333333333,5139.0,5.69,370.69,85.43000030517578,-0.40801874458124,1.1427599415698697,1.7393886098655462,4.655155187572535,-0.3499984741210937,250023,-0.9160744866999432,5.9071428571428575,5.350666666666667,-0.6374348335039531,90.7903324051514,2.0162942049083634,91.70640689185134,464.41270109675975,0.3314406616407483,-100,31.55,33.35857142857143,32.28766666666667,32.651444444444444,14.257203308203731,-0.1400000000000005,0.7399999999999984,1.0709047619047638,60.33112582781457,-0.7304007959566845,1,Elevated,167.42379906033364,2158.10009765625,-1.11344417956597,0.7534545355669162,6.195263729426537,508.82666015625,-0.1896089687664193,0.7134294139731744,4.918384348582183,104.43000030517578,0.4134618318997862,0.2952325190031058,0.2688418388811175,Moderate
2024-03-25,44.0,133,483,399.0,455.1428571428572,1681.0,425.2,5151.0,5.59,488.59,86.75,1.5451243007244209,1.1669536939938534,1.7464256299188514,5.548117074025649,1.3199996948242188,408264,-0.8245197901975645,5.742857142857142,5.353666666666667,-0.6391534990161003,91.80100576691449,3.266889702120839,92.62552555711204,584.4824152592329,0.0915546965023788,100,32.37,32.95142857142857,32.263333333333335,32.64355555555556,13.8577734825119,0.8199999999999967,0.9599999999999972,0.6880952380952365,68.91534391534393,-0.1814522198384102,1,Elevated,215.2678609922708,2174.800048828125,0.7738265333480765,0.7503671321904852,7.487767327824035,507.4208679199219,-0.2762811673225673,0.7133286732423164,4.02730597072074,104.2300033569336,-0.191512925076831,0.2972099832677333,0.1441213712912725,Moderate
2024-03-26,52.0,109,399,425.0,450.0,1708.0,427.6,5157.0,5.62,404.62,86.25,-0.5763688760806907,1.1729031176144518,1.739119658852509,5.182926829268286,-0.5,446715,-0.7903478200583702,5.742857142857143,5.366,-0.6440383644977165,93.32774034861912,2.267564676621971,94.11808816867747,501.0056528452995,0.0341719701391942,100,31.95,32.73428571428572,32.265,32.629999999999995,12.070859850695976,-0.4199999999999981,-1.2399999999999949,0.4692857142857178,64.59709379128138,-0.4508422900288553,1,Elevated,181.5786435043843,2175.60009765625,0.0367872360751642,0.7456245472790276,7.799036284436545,506.4837341308594,-0.184685701418652,0.715001545218912,3.880787762135096,104.29000091552734,0.0575626562999254,0.2969842941727199,0.11519895237726,Moderate
2024-03-27,40.0,129,481,335.0,454.2857142857143,1730.0,431.76666666666665,5097.0,5.49,486.49,86.08999633789062,-0.1855114923007272,1.1655979720771887,1.6652890775913545,4.011114932312054,-0.160003662109375,454369,-0.6661091737773529,5.688571428571428,5.379666666666666,-0.6444292334492996,93.60035727074448,1.7522209576091214,94.26646644452184,582.5086874021309,0.1242386462810173,100,31.66,32.145714285714284,32.273999999999994,32.59477777777777,14.321193231405086,-0.2899999999999991,0.129999999999999,-0.1282857142857096,61.80738786279684,-0.6259920372701339,1,Elevated,214.150181671948,2190.60009765625,0.6894649442312106,0.6927285544243428,9.920220323160155,510.7400817871094,0.8403720335765641,0.6668689311520642,6.2167048035458805,104.3499984741211,0.0575295407680975,0.2610039231212816,-0.5811743670659064,Moderate
2024-03-28,31.0,103,406,280.0,446.0,1733.0,430.3666666666667,5042.0,5.3,411.3,87.4800033569336,1.6145976050311317,1.157716091236079,1.618133253245284,7.2058884715265,1.3900070190429688,438215,-0.6802726929723384,5.612857142857143,5.398,-0.6453685309186121,93.43442231943648,3.492902543419861,94.11469501240882,508.9075975558287,-0.0141635191949854,-100,32.31,32.01428571428572,32.29766666666667,32.57844444444444,13.77081759597493,0.6500000000000021,0.9400000000000012,-0.283380952380952,68.44532279314888,-0.1803825214924781,1,Elevated,184.7401000198497,2217.39990234375,1.2234001411838502,0.7064627573545654,11.410332509881616,510.64251708984375,-0.0191026122179915,0.6544260404684518,5.240021253375549,104.5500030517578,0.1916670633074435,0.2606481601838478,-0.1623359119209966,Moderate
2024-03-29,54.0,119,434,294.0,436.8571428571428,1752.0,431.56666666666666,5022.0,5.26,439.26,87.4800033569336,1.6145976050311317,1.157716091236079,1.618133253245284,7.2058884715265,1.3900070190429688,373316,-0.6202261641348097,5.531428571428571,5.418333333333334,-0.6435021434212022,92.68291423248452,3.492902543419861,93.30314039661933,536.0560429400392,0.0600465288375287,-100,32.77,32.042857142857144,32.366,32.56711111111111,15.300232644187645,0.4600000000000008,-0.1900000000000012,-0.3231428571428552,72.89473684210527,0.1368338453480416,1,Elevated,195.7617890966918,2217.39990234375,1.2234001411838502,0.7064627573545654,11.410332509881616,510.64251708984375,-0.0191026122179915,0.6544260404684518,5.240021253375549,104.5500030517578,0.1916670633074435,0.2606481601838478,-0.1623359119209966,Moderate
2024-03-30,21.0,143,484,274.0,436.0,1745.0,436.5,4972.0,5.24,489.24,87.4800033569336,1.6145976050311317,1.157716091236079,1.618133253245284,7.2058884715265,1.3900070190429688,259535,-0.7508648417981475,5.455714285714286,5.442333333333334,-0.6476005210862729,91.03183603482684,3.492902543419861,91.782700876625,584.5156034200448,-0.1306386776633378,-100,32.6,32.17285714285715,32.440666666666665,32.55877777777778,17.453193388316684,-0.1700000000000017,-0.6300000000000026,-0.2678095238095181,70.82785808147175,0.0278454145066867,1,Elevated,215.44970119269297,2217.39990234375,1.2234001411838502,0.7064627573545654,11.410332509881616,510.64251708984375,-0.0191026122179915,0.6544260404684518,5.240021253375549,104.5500030517578,0.1916670633074435,0.2606481601838478,-0.1623359119209966,Moderate
2024-03-31,60.0,119,459,302.0,449.4285714285714,1760.0,437.23333333333335,4976.0,5.42,464.42,87.4800033569336,1.6145976050311317,1.157716091236079,1.618133253245284,7.2058884715265,1.3900070190429688,244068,-0.6023909347095414,5.417142857142857,5.468666666666667,-0.646720256635372,89.4531729298079,3.492902543419861,90.05556386451745,557.9684664079373,0.148473907088606,-100,33.2,32.40857142857143,32.51733333333333,32.556111111111115,20.342369535443027,0.6000000000000014,0.7700000000000031,-0.1087619047619057,77.16535433070865,0.4353525524584063,1,Elevated,205.17627379027147,2217.39990234375,1.2234001411838502,0.7064627573545654,11.410332509881616,510.64251708984375,-0.0191026122179915,0.6544260404684518,5.240021253375549,104.5500030517578,0.1916670633074435,0.2606481601838478,-0.1623359119209966,Moderate
2024-04-01,11.0,88,299,269.0,423.1428571428572,1719.0,434.1666666666667,4955.0,5.08,304.08,87.41999816894531,-0.0685930334769713,1.1321695262094276,1.603858284547674,5.503255521366812,-0.0600051879882812,366787,-0.6889132731727192,5.344285714285715,5.483333333333333,-0.6473179528165701,90.16165765612362,1.75108811182308,90.85057092929634,396.6816590411194,-0.0865223384631778,100,31.51,32.28571428571429,32.541666666666664,32.538222222222224,23.63261169231589,-1.6900000000000013,-2.2900000000000027,-0.2559523809523725,59.23984272608126,-0.6938808651277774,1,Elevated,140.50254943058852,2236.5,0.8613736131250604,0.7111577076472866,11.707708269936056,509.7541198730469,-0.1739763507864311,0.6498603843558177,4.337036973647934,105.0199966430664,0.4495395290193604,0.262347065066245,0.6903102303374764,Moderate
2024-04-02,37.0,131,429,254.0,427.4285714285714,1733.0,438.3333333333333,4829.0,5.14,434.14,88.91999816894531,1.7158545314782003,1.1623446329880491,1.6130940164381289,6.5292882095830285,1.5,446675,-0.6794923365011719,5.275714285714286,5.500333333333333,-0.6465742190062509,91.7111403115586,3.5311279854245523,92.39063264805978,530.0617606334844,0.0094209366715473,100,32.59,32.37714285714286,32.608666666666664,32.486111111111114,15.847104683357731,1.0800000000000018,2.770000000000003,-0.2315238095238072,70.48429319371728,0.0745781274414827,1,Elevated,193.54657772378175,2261.0,1.095461658841934,0.7231928461280202,12.403678846631871,506.5130310058594,-0.6358141584014487,0.6550194623869516,4.192517700886955,104.81999969482422,-0.1904370164111934,0.2651507930173509,0.5178374777988104,Moderate
2024-04-03,50.0,116,445,264.0,422.2857142857143,1746.0,440.53333333333336,4758.0,5.1,450.1,89.3499984741211,0.4835810998992551,1.1244823951648142,1.6119055062115537,8.513483662865617,0.4300003051757812,454332,-0.6890394641288065,5.22,5.512666666666666,-0.6496925150714716,91.9718628160472,2.459411861350631,92.66090228017602,545.2203141415267,-0.0095471276276345,100,31.92,32.41428571428572,32.633,32.45777777777778,13.047735638138173,-0.6700000000000017,-1.7500000000000036,-0.2187142857142845,63.66013071895424,-0.3902401477041083,1,Elevated,199.55594520057548,2294.39990234375,1.4772181487726632,0.7466076967601905,13.163990251233049,507.0694274902344,0.1098484047429293,0.642012784580364,4.884404429527578,104.25,-0.5437890636173726,0.2819878744674766,0.1633341333153071,Moderate
2024-04-04,17.0,106,401,250.0,421.57142857142856,1708.0,441.76666666666665,4752.0,5.07,406.07,90.6500015258789,1.4549558746040026,1.14058805294533,1.615639482762828,9.177409199820485,1.3000030517578125,442023,-0.7350485785656605,5.187142857142858,5.526666666666667,-0.6539546641119226,91.82856638462287,3.513284847531381,92.56361496318856,502.14689981072,-0.046009114436854,-100,32.44,32.432857142857145,32.67033333333333,32.43288888888889,17.130045572184265,0.519999999999996,1.1899999999999975,-0.2374761904761868,69.45169712793734,0.0052381625174982,1,Elevated,182.34603693165027,2288.800048828125,-0.2440661503648411,0.7462258900538554,13.178064261751388,500.880126953125,-1.2206021900676656,0.6898269963439755,3.510420516365187,104.12000274658205,-0.1246976051970882,0.2826953397683181,0.105759646276593,Moderate
2024-04-05,34.0,260,527,230.0,434.8571428571428,1667.0,447.1666666666667,4660.0,5.52,532.52,91.16999816894533,0.5736311465123878,1.138343789145095,1.6119807371137511,8.963786499500227,0.5199966430664062,426420,-0.7384890121992511,5.224285714285714,5.554666666666666,-0.6609328336790922,91.53902339318938,2.6083535856075053,92.27751240538863,627.4058659909961,-0.0034404336335905,-100,32.08,32.33428571428571,32.679,32.391222222222225,17.917202168167947,-0.3599999999999994,-0.8799999999999955,-0.3447142857142893,66.03650586701434,-0.2377931684000659,1,Elevated,232.50684391532076,2325.699951171875,1.6121942308871873,0.7697165674530737,15.15076533137767,506.11273193359375,1.044682090363391,0.6106480649029206,2.471081209015624,104.3000030517578,0.1728777376369006,0.2841686852530812,0.3270526839932897,Moderate
2024-04-06,14.0,140,481,223.0,434.4285714285714,1656.0,450.5,4596.0,5.5,486.5,91.16999816894533,0.5736311465123878,1.138343789145095,1.6119807371137511,8.963786499500227,0.5199966430664062,271447,-0.8734471945630047,5.261428571428572,5.58,-0.6728090469577495,90.08491518654202,2.6083535856075053,90.95836238110502,580.0667159667125,-0.1349581823637535,-100,31.78,32.21714285714285,32.694,32.36333333333334,14.874790911818764,-0.2999999999999971,0.0600000000000022,-0.4768571428571491,62.3046875,-0.4506093183408152,1,Elevated,213.83501391046403,2325.699951171875,1.6121942308871873,0.7697165674530737,15.15076533137767,506.11273193359375,1.044682090363391,0.6106480649029206,2.471081209015624,104.3000030517578,0.1728777376369006,0.2841686852530812,0.3270526839932897,Moderate
2024-04-07,18.0,121,411,181.0,427.57142857142856,1642.0,451.1666666666667,4537.0,5.39,416.39,91.16999816894533,0.5736311465123878,1.138343789145095,1.6119807371137511,8.963786499500227,0.5199966430664062,253080,-0.7134459901869855,5.257142857142857,5.604333333333333,-0.683806260051041,88.63034528868377,2.6083535856075053,89.34379127887075,508.3421448644783,0.1600012043760191,-100,31.38,31.95714285714286,32.714666666666666,32.33188888888889,12.7000060218801,-0.4000000000000021,-0.1000000000000049,-0.757523809523807,56.95708712613784,-0.7416311158020672,1,Elevated,185.46809969001717,2325.699951171875,1.6121942308871873,0.7697165674530737,15.15076533137767,506.11273193359375,1.044682090363391,0.6106480649029206,2.471081209015624,104.3000030517578,0.1728777376369006,0.2841686852530812,0.3270526839932897,Moderate
2024-04-08,20.0,107,379,190.0,439.0,1587.0,449.7,4513.0,5.52,384.52,90.37999725341795,-0.8665141289828759,1.0391618837605547,1.6127921366478215,10.73265647152013,-0.7900009155273438,417154,-0.6244567983301862,5.319999999999999,5.629,-0.6846203938827656,89.7193966024535,2.978941659895444,90.34385340078369,477.8427950606791,0.0889891918567993,100,31.47,31.95142857142857,32.69566666666667,32.306222222222225,12.144945959283994,0.0899999999999998,0.490000000000002,-0.7442380952380958,58.44155844155844,-0.6546767923001656,1,Elevated,173.06834734411493,2331.699951171875,0.2579868480874658,0.7656374342372229,14.37751295477645,506.395751953125,0.0559203516675044,0.6106631939236618,2.4577269264477453,104.13999938964844,-0.1534071499786793,0.2857170438079074,0.1924157625019518,Moderate
2024-04-09,28.0,105,382,181.0,432.2857142857143,1595.0,449.06666666666666,4497.0,5.39,387.39,89.41999816894531,-1.062180917953448,1.0594056683875657,1.6038722872224118,8.348478724777152,-0.9599990844726562,449908,-0.6518410334478194,5.355714285714285,5.644666666666667,-0.6883570684568309,91.25549021277234,2.956434458818729,91.90733124622017,482.25376570503886,-0.0273842351176332,100,31.67,31.82,32.697,32.30200000000001,13.036921175588166,0.2000000000000028,0.1100000000000029,-0.8769999999999989,61.348897535667966,-0.4942175358875152,1,Elevated,174.52004003277153,2343.5,0.5060706383852809,0.7444613803574885,15.528715799852112,506.9815673828125,0.1156833222688114,0.6047542089469775,2.9533190491105143,104.1500015258789,0.0096045095919761,0.284924070922986,0.3081957904083499,Moderate
2024-04-10,14.0,98,380,145.0,423.0,1604.0,448.4333333333333,4477.0,5.22,385.22,90.4800033569336,1.185422958727389,1.0537972853185031,1.5986268979359055,8.164975142220033,1.0600051879882812,434405,-0.629180877369054,5.372857142857143,5.656333333333333,-0.7005180490616004,91.31344419765266,3.055717758267896,91.94262507502172,480.2183428332896,0.0226601560787653,-100,31.59,31.77285714285714,32.74666666666666,32.297777777777775,14.613300780393828,-0.0800000000000018,-0.2800000000000047,-0.9738095238095212,59.84455958549223,-0.552725225064693,1,Elevated,173.69881211831154,2329.60009765625,-0.593125766748448,0.7693293747409788,14.532944820857916,501.9050903320313,-1.0013139288253647,0.6368535691007263,1.733438202372306,105.25,1.0561675064860945,0.3429124715311715,1.3676183606890824,Moderate
2024-04-11,21.0,119,446,149.0,429.4285714285714,1165.0,443.4666666666666,4475.0,5.3,451.3,89.73999786376953,-0.8178663414111775,1.071639318940545,1.6009671205976042,7.24187086101018,-0.7400054931640625,438482,-0.7189807769322493,5.405714285714285,5.632999999999999,-0.7063273718857043,91.1807275377053,2.613692746452741,91.89970831463756,545.8134010610903,-0.0897998995631952,100,30.52,31.49857142857143,32.48966666666667,32.281,12.648999497815977,-1.0700000000000005,-0.9899999999999984,-0.9910952380952408,44.76067270375162,-1.361007841970017,1,Elevated,199.94541876150865,2354.800048828125,1.0817286278974605,0.7714175483991873,15.828826799219131,505.6929321289063,0.7546928432961675,0.6481445845128381,2.6368692190464893,105.27999877929688,0.0285024031324132,0.3424157772840248,1.250235988068571,Moderate
2024-04-12,56.0,112,426,171.0,415.0,1203.0,443.6333333333333,4457.0,4.82,430.82,90.4499969482422,0.7911735027567923,1.074592396214979,1.5159245129539354,8.167895213253074,0.7099990844726562,417509,-0.6935729276164027,5.305714285714286,5.594666666666667,-0.708685636047423,90.83857522405326,2.6825554202970787,91.53214815166966,525.0347035719667,0.0254078493158466,-100,31.41,31.402857142857147,32.379666666666665,32.25944444444444,21.927039246579227,0.8900000000000006,1.9600000000000009,-0.9768095238095178,57.68733850129198,-0.6574426667577778,1,Elevated,191.70745179845275,2356.199951171875,0.0594488837575291,0.7750068616230924,15.17817898084861,498.71282958984375,-1.3803045475990985,0.6989359231985184,0.857588915740104,106.04000091552734,0.7218865359446713,0.3636612780319456,1.8049128142473947,Moderate
2024-04-13,9.0,127,474,166.0,414.0,1190.0,440.8,4370.0,4.77,478.77,90.4499969482422,0.7911735027567923,1.074592396214979,1.5159245129539354,8.167895213253074,0.7099990844726562,267754,-0.9177101330332724,5.201428571428571,5.5456666666666665,-0.7202446992515278,89.35630385354091,2.6825554202970787,90.27401398657418,571.7265694068712,-0.2241372054168696,-100,31.02,31.294285714285717,32.323,32.23822222222222,21.02068602708436,-0.3900000000000005,-1.2800000000000011,-1.0287142857142868,50.193548387096776,-0.9395630895401652,1,Elevated,210.63582496543367,2356.199951171875,0.0594488837575291,0.7750068616230924,15.17817898084861,498.71282958984375,-1.3803045475990985,0.6989359231985184,0.857588915740104,106.04000091552734,0.7218865359446713,0.3636612780319456,1.8049128142473947,Moderate
2024-04-14,32.0,181,436,180.0,417.57142857142856,1161.0,440.0,4361.0,4.99,440.99,90.4499969482422,0.7911735027567923,1.074592396214979,1.5159245129539354,8.167895213253074,0.7099990844726562,251883,-1.1175759199253288,5.144285714285714,5.499333333333333,-0.7359310555525566,87.92968583712911,2.6825554202970787,89.04726175705444,532.7198171773515,-0.1998657868920564,-100,30.85,31.21857142857143,32.24633333333333,32.212888888888884,17.79932893446029,-0.1699999999999981,0.2200000000000024,-1.0277619047619029,48.38917525773196,-1.0473854554370603,1,Elevated,195.2784745195297,2356.199951171875,0.0594488837575291,0.7750068616230924,15.17817898084861,498.71282958984375,-1.3803045475990985,0.6989359231985184,0.857588915740104,106.04000091552734,0.7218865359446713,0.3636612780319456,1.8049128142473947,Moderate
2024-04-15,16.0,102,343,176.0,412.4285714285714,1143.0,434.1333333333333,4288.0,4.95,347.95,90.0999984741211,-0.3869524443669947,1.0794263700844515,1.511312072220159,7.839611230541399,-0.3499984741210937,405107,-0.882024408909567,5.062857142857142,5.45,-0.741102491790302,88.95474987917775,2.2503399375055864,89.83677428808733,440.0371142255929,0.2355515110157617,100,30.2,31.037142857142857,32.166333333333334,32.18366666666667,14.777757555078807,-0.6500000000000021,-0.480000000000004,-1.1291904761904767,41.44144144144144,-1.5065954553393548,1,Elevated,158.0474908326197,2365.800048828125,0.4074398546471069,0.7184425421477134,13.364327928289631,492.46490478515625,-1.2528101211725318,0.715107607060841,-1.3322909600778643,106.20999908447266,0.1603151334190755,0.3580226672588682,2.262659792327093,Moderate
2024-04-16,27.0,106,418,175.0,417.57142857142856,1149.0,433.73333333333335,4272.0,4.97,422.97,90.0199966430664,-0.0887922668252549,1.0594951645515072,1.5058450735342688,8.719798701934135,-0.0800018310546875,438763,-0.7212583128656106,5.002857142857143,5.4,-0.7396744392749214,90.41032141220542,2.0202673015701755,91.13157972507103,516.1218470266413,0.1607660960439564,100,30.1,30.812857142857144,32.09666666666667,32.16088888888889,13.20383048021978,-0.0999999999999978,0.5500000000000043,-1.283809523809527,40.552699228791774,-1.543909755922372,1,Elevated,188.22242286564227,2390.800048828125,1.0567249760766284,0.7010968106090786,12.896071396003194,491.5667114257813,-0.1823872829611827,0.7154746877545647,-1.4065051175382703,106.26000213623048,0.047079420194751,0.3575292360239214,2.34036430927711,Moderate
2024-04-17,47.0,99,364,208.0,415.2857142857143,1108.0,429.6666666666667,4298.0,5.03,369.03,87.29000091552734,-3.032654775986743,1.2028982389965628,1.486380860734295,6.399317334730004,-2.7299957275390625,452010,-0.6715196759846346,4.975714285714285,5.343,-0.7431486746831372,90.7148811059054,4.875484748456306,91.38640078189005,465.2918855303463,0.049738636880976,100,31.88,30.854285714285712,31.985333333333337,32.166444444444444,14.848693184404883,1.7799999999999976,1.8799999999999957,-1.1310476190476244,63.60718870346598,-0.2149511238029021,1,Elevated,167.83947405576052,2371.699951171875,-0.7988998354593546,0.731455710749792,11.164750465051563,488.6575622558594,-0.5918116711939092,0.7004324409775264,-1.0005832139608817,105.9499969482422,-0.291742124746841,0.3634054139792102,2.071285003153922,Moderate
2024-04-18,6.0,129,505,193.0,423.7142857142857,1088.0,432.0,4231.0,5.07,510.07,87.11000061035156,-0.2062095352135196,1.1927415510780068,1.4859256678958723,5.002412694885927,-0.1800003051757812,454036,-0.6776478207022508,4.942857142857143,5.324666666666667,-0.744533415531529,90.76069808963132,1.8991923557801191,91.43834591033357,603.4075382661138,-0.0061281447176162,100,30.39,30.835714285714285,31.88266666666667,32.147333333333336,18.630640723588083,-1.4899999999999984,-3.269999999999996,-1.0469523809523835,43.782051282051285,-1.3058971900187062,1,Elevated,223.0753461243788,2382.300048828125,0.4469409231556698,0.7271595763009389,10.789191960742215,487.6520080566406,-0.2057789087672512,0.6936119428148557,-1.7024104203910315,106.1500015258789,0.1887726129283562,0.3522601470779554,2.689367036307644,Moderate
2024-04-19,10.0,167,431,147.0,424.4285714285714,968.0,431.3333333333333,4201.0,5.15,436.15,87.29000091552734,0.2066356376013933,1.1923242158051706,1.466869963403868,5.219385099854845,0.1800003051757812,428913,-0.7265760980674613,4.99,5.300666666666666,-0.7505211276335813,90.49418488181958,1.9208983633920484,91.22076097988705,529.2916593432791,-0.0489282773652104,-100,29.51,30.564285714285717,31.67366666666667,32.12011111111111,11.844641386826051,-0.879999999999999,0.6099999999999994,-1.109380952380956,35.723431498079385,-1.899636639591893,1,Elevated,193.47251154133423,2398.39990234375,0.6758113245871167,0.7296712449951999,11.139939867643657,483.3956604003906,-0.8728247984074011,0.6799472182615737,-3.5180952121066977,106.1500015258789,0.0,0.3327615652364877,3.238671309996421,Moderate
2024-04-20,14.0,145,499,152.0,428.0,896.0,432.5,4146.0,5.23,504.23,87.29000091552734,0.2066356376013933,1.1923242158051706,1.466869963403868,5.219385099854845,0.1800003051757812,271431,-0.6631229839133168,5.055714285714286,5.280666666666667,-0.7557099047583351,89.03163320370506,1.9208983633920484,89.69475618761837,595.8456545510104,0.0634531141541444,-100,29.39,30.33142857142857,31.545666666666666,32.08877777777778,11.917265570770724,-0.120000000000001,0.759999999999998,-1.2142380952380911,34.91048593350384,-1.9225289197926672,1,Elevated,220.3993105828805,2398.39990234375,0.6758113245871167,0.7296712449951999,11.139939867643657,483.3956604003906,-0.8728247984074011,0.6799472182615737,-3.5180952121066977,106.1500015258789,0.0,0.3327615652364877,3.238671309996421,Moderate
2024-04-21,8.0,93,278,128.0,405.4285714285714,864.0,425.1666666666667,4141.0,4.81,282.81,87.29000091552734,0.2066356376013933,1.1923242158051706,1.466869963403868,5.219385099854845,0.1800003051757812,249659,-0.6276761596627303,5.03,5.246666666666667,-0.7513113609588747,87.56143623214896,1.9208983633920484,88.18911239181169,372.92001075520375,0.0354468242505865,-100,28.95,30.06,31.425000000000004,32.03888888888889,15.57723412125294,-0.4400000000000013,-0.3200000000000003,-1.3650000000000055,31.673052362707537,-2.153061808927703,1,Elevated,131.53018182371915,2398.39990234375,0.6758113245871167,0.7296712449951999,11.139939867643657,483.3956604003906,-0.8728247984074011,0.6799472182615737,-3.5180952121066977,106.1500015258789,0.0,0.3327615652364877,3.238671309996421,Moderate
2024-04-22,11.0,110,384,123.0,411.2857142857143,834.0,421.6333333333333,4121.0,4.85,388.85,87.0,-0.3322269589709159,1.1735246401795514,1.4677830813507693,5.9941496822479845,-0.2900009155273437,418732,-0.5929890686893909,5.015714285714286,5.215999999999999,-0.7294938249704981,88.66830569654961,2.105166567375265,89.261294765239,480.21646133261424,0.0346870909733393,100,29.07,29.898571428571422,31.337666666666667,32.013111111111115,11.173435454866697,0.120000000000001,0.5600000000000023,-1.439095238095241,32.6530612244898,-2.006320657889218,1,Elevated,174.23432557999791,2332.199951171875,-2.7601715254901182,0.9158918712067876,7.050392299204833,487.8472595214844,0.9209017551805364,0.6991211885207447,-2.041614322098806,106.08000183105467,-0.0659441298332508,0.3325415480704811,3.250928593276692,Moderate
2024-04-23,19.0,115,423,115.0,412.0,821.0,423.56666666666666,4033.0,4.86,427.86,88.41999816894531,1.632181803385424,1.2021822066118848,1.4178789160622798,7.553824539143639,1.4199981689453125,446996,-0.6014504157861204,5.0,5.188333333333333,-0.7190063559400373,90.2096735420574,3.5897464639116725,90.81112395784352,522.2608704217553,-0.0084613470967294,100,30.01,29.88571428571429,31.28633333333333,31.968111111111117,11.742306735483654,0.9400000000000012,0.8200000000000003,-1.4006190476190454,39.87261146496815,-1.3361003371178464,1,Elevated,190.7421233771334,2327.699951171875,-0.1929508658868983,0.9191378797459864,6.652918724942736,493.6363830566406,1.1866672246626295,0.7355521629419259,-0.7938831220198006,105.69000244140624,-0.3676464771084409,0.3436079817319656,2.741323631312831,Moderate
2024-04-24,8.0,94,354,76.0,410.57142857142856,785.0,419.26666666666665,3994.0,4.76,358.76,88.0199966430664,-0.4523880730178509,1.204040992144374,1.4140582981460903,7.446287366292337,-0.4000015258789062,455938,-0.6107402907956976,4.961428571428572,5.160666666666667,-0.7118803726266417,90.5827356910156,2.401057801791459,91.19347598181128,452.35453378360273,-0.0092898750095772,100,29.11,29.49,31.177666666666667,31.913,13.246449375047892,-0.9000000000000021,-1.8400000000000036,-1.687666666666665,33.078880407124686,-1.8954397556341036,1,Elevated,162.7031183170788,2324.5,-0.137472665678584,0.8921933197536006,7.595820453343993,493.402099609375,-0.0474607333063481,0.7056246887687777,-1.89629859039111,105.86000061035156,0.1608460261315336,0.3438448550173124,2.8166293236848494,Moderate
2024-04-25,16.0,105,394,86.0,394.7142857142857,749.0,419.1,3988.0,4.63,398.63,89.01000213623047,1.1247506599877166,1.134389605781886,1.381974504086213,5.926458918574395,0.9900054931640624,443823,-0.6558192921082361,4.898571428571429,5.127666666666667,-0.7073960883616374,90.56010499640664,2.8517861576270422,91.21592428851488,492.6977104461419,-0.0450790013125385,-100,29.38,29.345714285714283,31.092,31.876444444444445,13.125395006562693,0.2699999999999996,1.1700000000000017,-1.746285714285715,35.00635324015248,-1.6638573857252006,1,Elevated,178.83589932075378,2329.800048828125,0.228008123386747,0.8882062668693236,7.097552331321988,491.5277099609375,-0.3798908942465928,0.7078371668844774,-2.115551123666415,105.5999984741211,-0.2456094225688487,0.3462359658093739,2.733726562472749,Moderate
2024-04-26,10.0,123,488,86.0,402.8571428571428,719.0,419.3333333333333,3929.0,4.54,492.54,89.5,0.5504975306253712,1.103010147462026,1.382262389819032,4.776401215772896,0.4899978637695312,430433,-0.5830118060992576,4.811428571428571,5.096,-0.7046261761057008,90.3727992197262,2.131147799664687,90.95581102582548,585.6269588254902,0.0728074860089784,-100,28.77,29.24,30.99566666666667,31.820333333333338,12.464037430044892,-0.6099999999999994,-0.879999999999999,-1.7556666666666665,29.695431472081214,-2.0052420060928107,1,Elevated,216.05962132503095,2334.800048828125,0.2146106916992796,0.8752130006711113,7.942674471942901,496.1844177246094,0.9473947590954656,0.731138962732245,-0.9924702017798824,105.94000244140624,0.3219734585209188,0.3379943326082176,2.496131787751077,Moderate
2024-04-27,33.0,144,485,105.0,400.8571428571428,721.0,421.9666666666666,3915.0,4.57,489.57,89.5,0.5504975306253712,1.103010147462026,1.382262389819032,4.776401215772896,0.4899978637695312,279314,-0.7057067867087375,4.717142857142856,5.071666666666666,-0.7054739792302475,89.12935523492101,2.131147799664687,89.83506202162974,581.5362098212944,-0.1226949806094799,-100,29.33,29.231428571428573,30.89633333333333,31.780222222222225,15.513474903047404,0.5599999999999987,1.1699999999999982,-1.6649047619047614,34.60076045627377,-1.5922767190904807,1,Elevated,214.6474715241918,2334.800048828125,0.2146106916992796,0.8752130006711113,7.942674471942901,496.1844177246094,0.9473947590954656,0.731138962732245,-0.9924702017798824,105.94000244140624,0.3219734585209188,0.3379943326082176,2.496131787751077,Moderate
2024-04-28,1.0,137,407,98.0,419.2857142857143,668.0,421.06666666666666,3817.0,4.78,411.78,89.5,0.5504975306253712,1.103010147462026,1.382262389819032,4.776401215772896,0.4899978637695312,248998,-0.636172316819314,4.712857142857144,5.055666666666666,-0.7060055176530643,88.15653272717711,2.131147799664687,88.79270504399642,502.7038528436611,0.0695344698894235,-100,29.18,29.264285714285712,30.776666666666664,31.723222222222223,18.84767234944712,-0.1499999999999985,-0.7099999999999973,-1.5123809523809513,33.54430379746836,-1.6524423926334286,1,Elevated,183.32300012866517,2334.800048828125,0.2146106916992796,0.8752130006711113,7.942674471942901,496.1844177246094,0.9473947590954656,0.731138962732245,-0.9924702017798824,105.94000244140624,0.3219734585209188,0.3379943326082176,2.496131787751077,Moderate
2024-04-29,26.0,121,407,113.0,422.57142857142856,673.0,418.5,3812.0,4.86,411.86,88.4000015258789,-1.229048574436975,1.131187386792835,1.378936857788745,3.585663603584721,-1.0999984741210938,399241,-0.5577268006628275,4.714285714285714,5.043,-0.6995675829485536,89.249770562944,2.718802321588282,89.80749736360683,504.3862996851951,0.0784455161564864,100,29.62,29.342857142857145,30.67733333333333,31.683888888888887,16.192227580782433,0.4400000000000013,0.5899999999999999,-1.3344761904761846,36.53603034134007,-1.3339933232063532,1,Elevated,183.7930204013567,2345.39990234375,0.4539940591891556,0.870236578489156,8.719225386278717,497.9415588378906,0.3541306519336373,0.7235921397825187,0.0451095308706905,105.58000183105467,-0.3398155579151241,0.346697659881139,2.078702039577696,Moderate
2024-04-30,19.0,132,494,113.0,432.7142857142857,632.0,419.6666666666667,3770.0,4.96,498.96,87.86000061035156,-0.610860753627096,1.092077798064925,1.371964664307019,1.116355423543358,-0.5400009155273438,436743,-0.6104580585350642,4.728571428571429,5.027666666666667,-0.699836487076071,90.7575053775288,1.8145740940463568,91.36796343606386,592.1425375301102,-0.0527312578722366,100,28.73,29.16,30.52833333333333,31.635111111111108,12.66365628936118,-0.8900000000000006,-1.3300000000000018,-1.3683333333333323,29.29292929292929,-1.8499257196032064,1,Elevated,218.58342232483133,2291.39990234375,-2.302379220960915,0.990079279746941,6.048963489863035,490.0535888671875,-1.584115611701964,0.7701228304299933,-2.12143382338823,106.22000122070312,0.6061748234031494,0.360138776437427,2.548753951515126,Moderate
2024-05-01,18.0,118,404,123.0,439.8571428571428,639.0,423.1666666666667,3768.0,5.09,409.09,83.44000244140625,-5.03072858893715,1.4264991837147432,1.4746018435910522,-4.509035174932552,-4.4199981689453125,361715,-0.6608959516725007,4.775714285714286,5.028,-0.6989025763593969,90.71781558394078,6.908131290145148,91.37871153561328,507.3768428257584,-0.0504378931374365,-100,31.41,29.48857142857143,30.525,31.613111111111117,11.75218946568718,2.68,3.5700000000000003,-1.0364285714285693,58.51197982345523,-0.130252624227374,1,Elevated,184.67499482318075,2299.89990234375,0.3709522720720226,0.98754158867977,6.65954877632482,488.4623107910156,-0.3247151153102035,0.7622474427631678,-2.978422155587712,105.76000213623048,-0.4330625863173121,0.3712056751585894,1.878436204120004,Moderate
2024-05-02,22.0,144,480,129.0,452.1428571428572,624.0,424.8666666666667,3763.0,5.28,485.28,83.66999816894531,0.2756420431561768,1.399969215624152,1.473983300614311,-2.652703735021489,0.2299957275390625,419537,-0.7069739865710243,4.868571428571428,5.032666666666667,-0.6998186313617255,90.50545327747548,1.9408816322824776,91.21242726404653,578.433308896329,-0.0460780348985235,100,29.09,29.447142857142858,30.40833333333333,31.589777777777776,12.930390174492622,-2.3200000000000003,-5.0,-0.9611904761904776,32.80856423173803,-1.5808150073303349,1,Elevated,213.1308381057223,2299.199951171875,-0.0304339841556422,0.98825833938013,6.548035368770133,493.0310974121094,0.9353406639900363,0.762731776695112,-2.9684059565838306,105.3000030517578,-0.4349461754739048,0.3733756183314151,1.8276755852596027,Moderate
2024-05-03,4.0,118,459,123.0,448.0,578.0,425.3333333333333,3721.0,5.23,464.23,82.95999908447266,-0.8485706944071358,1.4068829387156891,1.4763331373824202,-3.2874792899913463,-0.7099990844726562,401486,-0.6826411388111066,4.967142857142858,5.037000000000001,-0.6996053538511354,90.09191880745315,2.58420156212196,90.77455994626428,557.5887615083863,0.0243328477599177,-100,29.34,29.52857142857143,30.322333333333333,31.561666666666667,14.221664238799589,0.25,2.5700000000000003,-0.7937619047619044,35.0314465408805,-1.389690508724192,1,Elevated,204.8805926141017,2299.0,-0.0086965542850259,0.9735381165865578,5.342746649274921,499.1423950195313,1.2395359318103203,0.7975850655025787,-2.089254498049853,105.02999877929688,-0.2564143063967683,0.3648948961449796,0.9903834416316036,Moderate
2024-05-04,15.0,119,431,105.0,440.2857142857143,576.0,426.3333333333333,3694.0,5.08,436.08,82.95999908447266,-0.8485706944071358,1.4068829387156891,1.4763331373824202,-3.2874792899913463,-0.7099990844726562,268529,-0.6411697588407472,5.04,5.037333333333333,-0.696476059860305,88.73428058806,2.58420156212196,89.37545034690075,528.0396519090227,0.0414713799703593,-100,29.22,29.512857142857143,30.215,31.536,13.9073568998518,-0.120000000000001,-0.370000000000001,-0.7021428571428565,33.79396984924623,-1.4317307262801644,1,Elevated,193.34077069422892,2299.0,-0.0086965542850259,0.9735381165865578,5.342746649274921,499.1423950195313,1.2395359318103203,0.7975850655025787,-2.089254498049853,105.02999877929688,-0.2564143063967683,0.3648948961449796,0.9903834416316036,Moderate
2024-05-05,17.0,128,439,121.0,444.8571428571428,559.0,423.4,3682.0,5.11,444.11,82.95999908447266,-0.8485706944071358,1.4068829387156891,1.4763331373824202,-3.2874792899913463,-0.7099990844726562,236374,-0.7081529977808352,5.087142857142857,5.023666666666667,-0.695464859379691,87.24711842082199,2.58420156212196,87.95527141860282,534.6494729807248,-0.0669832389400879,-100,28.97,29.482857142857146,30.11133333333333,31.51488888888889,11.034916194700443,-0.25,-0.129999999999999,-0.6284761904761886,31.80677540777917,-1.5530179090969192,1,Elevated,196.26873490856931,2299.0,-0.0086965542850259,0.9735381165865578,5.342746649274921,499.1423950195313,1.2395359318103203,0.7975850655025787,-2.089254498049853,105.02999877929688,-0.2564143063967683,0.3648948961449796,0.9903834416316036,Moderate
2024-05-06,15.0,127,419,110.0,446.57142857142856,560.0,421.3333333333333,3644.0,5.11,424.11,83.33000183105469,0.4460013870121626,1.4091084671141805,1.4534002374225192,-2.4581510788006744,0.3700027465820312,383160,-0.6560244704796013,5.122857142857143,5.010666666666666,-0.6882174352435777,88.12130334020289,2.1009249620064105,88.7773278106825,514.9882527726888,0.0521285273012338,100,28.72,29.354285714285712,30.00933333333333,31.491222222222223,10.66064263650617,-0.25,0.0,-0.6550476190476218,29.07268170426065,-1.6658224650138078,1,Elevated,188.23983554693908,2321.60009765625,0.9830403504240914,0.9526402608488752,7.576108271231963,504.29693603515625,1.032679465230224,0.821966859618996,-0.8902293208659207,105.0500030517578,0.0190462464947582,0.3577685178024056,0.5937017569378478,Moderate
2024-05-07,47.0,117,436,138.0,438.2857142857143,589.0,422.1666666666667,3654.0,5.08,441.08,83.16000366210938,-0.204005958490161,1.3756282100660753,1.441055579733007,-4.13832430880764,-0.1699981689453125,437565,-0.5244281941328147,5.14,5.000333333333333,-0.681916842041772,89.56494915449471,1.993466599437,90.08937734862752,533.1628439480645,0.1315962763467866,100,29.64,29.484285714285715,29.95133333333333,31.47977777777778,17.357981381733936,0.9200000000000016,1.1700000000000017,-0.4670476190476158,37.35919899874843,-1.099815202906009,1,Elevated,195.24726210950035,2315.199951171875,-0.2756782484130804,0.9519401338955664,6.455761412153893,504.8533630371094,0.1103371768085281,0.8209463380052063,-0.5059911889981006,105.41000366210938,0.3426945263144798,0.3601464180038176,1.1321119324297468,Moderate
2024-05-08,47.0,133,503,167.0,452.4285714285714,616.0,426.3,3654.0,5.25,508.25,83.58000183105469,0.5050482809642709,1.3777356094805122,1.431123256571243,-3.095650050951082,0.4199981689453125,439949,-0.5953061854127137,5.162857142857143,4.991333333333333,-0.6809451549445229,89.74332629267279,2.192348895539891,90.3386324780855,600.7809813736254,-0.070877991279899,100,29.29,29.18142857142857,29.878666666666668,31.445111111111117,12.054389956399492,-0.3500000000000014,-1.2700000000000031,-0.6972380952380988,34.4375,-1.2785484065181978,1,Elevated,222.24466605383307,2313.60009765625,-0.0691021747307507,0.9528125561286616,6.343077486927218,504.9022216796875,0.009677788870066,0.8203166829533207,-0.3122533547668227,105.5500030517578,0.1328141398203586,0.3605480681450835,1.20817156502957,Moderate
2024-05-09,38.0,129,481,183.0,452.57142857142856,626.0,429.6,3616.0,5.24,486.24,83.87999725341797,0.3589320600514867,1.3800920112382635,1.418410437885077,-2.5670800075292544,0.2999954223632812,424219,-0.5271893884581849,5.1571428571428575,4.9863333333333335,-0.6767901001115351,89.54230280933623,1.995732072042676,90.06949219779442,578.3052242698371,0.0681167969545288,-100,29.22,29.2,29.797,31.41188888888889,12.24058398477264,-0.0700000000000002,0.2800000000000011,-0.5970000000000013,33.89513108614232,-1.2895334768844948,1,Elevated,213.308191268376,2332.10009765625,0.7996196066356154,0.9549353289053616,6.459417223225383,507.8114318847656,0.5761927914279985,0.8122833635810817,-0.5734129759497719,105.2300033569336,-0.3031735533605806,0.3659402972261327,0.8433204558510266,Moderate
2024-05-10,29.0,144,561,208.0,467.1428571428572,641.0,435.6333333333333,3584.0,5.44,566.44,82.79000091552734,-1.2994711177654603,1.3592993948174572,1.4161095202649925,-5.361228008039998,-1.089996337890625,407525,-0.5392556634362616,5.187142857142858,4.993666666666667,-0.6737925929804421,89.33195942375929,3.1948933133869177,89.87121508719555,659.5061084005825,-0.0120662749780767,-100,29.89,29.278571428571432,29.74033333333333,31.39133333333333,13.860331374890386,0.6700000000000017,0.740000000000002,-0.4617619047619001,40.02493765586035,-0.8795610346744605,1,Elevated,245.8282003427939,2367.300048828125,1.509367081080737,0.9667204380515128,6.760176471818791,508.4655456542969,0.128810367089116,0.8127125102681747,-0.4263200502679365,105.30999755859376,0.0760184349598569,0.3647709907586757,0.7269196409871892,Moderate
2024-05-11,88.0,153,545,281.0,483.4285714285714,708.0,438.9333333333333,3666.0,5.77,550.77,82.79000091552734,-1.2994711177654603,1.3592993948174572,1.4161095202649925,-5.361228008039998,-1.089996337890625,270234,-0.6269207754321855,5.285714285714286,5.009333333333333,-0.6707239262637732,88.01537259576257,3.1948933133869177,88.64229337119475,642.6071866845817,-0.0876651119959238,-100,31.79,29.645714285714288,29.782666666666668,31.396,25.53832555997961,1.8999999999999984,1.2299999999999969,-0.1369523809523798,63.8854296388543,0.2307565531214919,1,Elevated,239.3144159995937,2367.300048828125,1.509367081080737,0.9667204380515128,6.760176471818791,508.4655456542969,0.128810367089116,0.8127125102681747,-0.4263200502679365,105.30999755859376,0.0760184349598569,0.3647709907586757,0.7269196409871892,Moderate
2024-05-12,63.0,143,490,327.0,490.7142857142857,715.0,441.06666666666666,3705.0,5.95,495.95,82.79000091552734,-1.2994711177654603,1.3592993948174572,1.4161095202649925,-5.361228008039998,-1.089996337890625,243392,-0.6799758218984219,5.405714285714287,5.047,-0.6702706894065072,86.65285923019329,3.1948933133869177,87.33283505209171,586.4777283654786,-0.0530550464662363,-100,30.89,29.92,29.76533333333333,31.394333333333336,17.06527523233119,-0.8999999999999986,-2.799999999999997,0.1546666666666638,50.18656716417911,-0.2953027680900252,1,Elevated,217.12452433577312,2367.300048828125,1.509367081080737,0.9667204380515128,6.760176471818791,508.4655456542969,0.128810367089116,0.8127125102681747,-0.4263200502679365,105.30999755859376,0.0760184349598569,0.3647709907586757,0.7269196409871892,Moderate
2024-05-13,107.0,133,423,419.0,491.2857142857143,813.0,439.3666666666667,3789.0,6.15,429.15,83.36000061035156,0.6884885717126643,1.3683297704212878,1.3809806738321522,-4.64424347246899,0.5699996948242188,400300,-0.6154082191520607,5.554285714285714,5.093000000000001,-0.6601939589438002,87.69006809867108,2.521242689380851,88.30547631782314,519.976719007204,0.0645676027463612,100,31.69,30.34428571428572,29.787666666666667,31.40177777777778,21.12283801373181,0.8000000000000007,1.6999999999999993,0.5566190476190513,62.795031055900616,0.1687817841926776,1,Elevated,190.32959233931692,2336.10009765625,-1.317955076599597,0.9984450906716632,4.453391355074898,508.5337829589844,0.0134202416015583,0.8121369842748933,-0.2393971655131332,105.22000122070312,-0.0854584939483538,0.3562678974583833,0.1904442811176965,Moderate
2024-05-14,98.0,119,419,470.0,488.8571428571428,879.0,438.8,3857.0,6.25,425.25,82.37999725341797,-1.175627818807734,1.333829901103447,1.383916669769789,-7.35492695704012,-0.9800033569335938,443823,-0.638105150050754,5.721428571428572,5.135000000000001,-0.644211599947981,89.1920513363065,3.2449504156151927,89.83015648635725,518.3251069019724,-0.0226969308986932,100,31.45,30.602857142857143,29.807666666666663,31.40411111111111,12.913484654493464,-0.240000000000002,-1.0400000000000027,0.7951904761904771,59.42928039702233,0.0268736103831543,1,Elevated,189.3640114635176,2353.39990234375,0.7405420985537647,0.9889155190227136,4.086682987339674,510.8670654296875,0.4588254603512309,0.807385097881756,0.859609557365526,105.01000213623048,-0.1995809561265549,0.3564464617010529,0.1812654473949848,Moderate
2024-05-15,193.0,142,532,616.0,493.0,1056.0,445.1,4007.0,6.59,538.59,82.75,0.4491414893397216,1.3331953708456872,1.3760864825475785,-7.386680007647328,0.3700027465820312,449690,-0.6565732706274087,5.912857142857143,5.189666666666668,-0.6366965620052424,89.5409255609783,2.521004860950142,90.1974988316057,631.3085036925559,-0.0184681205766547,100,34.36,31.32714285714286,29.94633333333333,31.438222222222223,32.492340602883274,2.91,3.150000000000002,1.3808095238095284,87.2366790582404,1.683334246961949,1,Elevated,234.48390171070125,2388.699951171875,1.4999596453186603,0.9899853442331048,4.110009276578008,517.1930541992188,1.2382847119358775,0.8368983113115323,1.996497158010846,104.3499984741211,-0.6285150449317656,0.3612612213089748,0.0959217977180681,Moderate
2024-05-16,116.0,159,608,694.0,511.1428571428572,1145.0,451.4333333333333,4104.0,6.92,614.92,83.2699966430664,0.6283947348234564,1.3050596340149268,1.3281845569868818,-8.141207676323802,0.5199966430664062,436359,-0.6555070666343639,6.152857142857143,5.254666666666667,-0.6345048537975341,89.52211360045274,2.7475751364707635,90.1776206670871,707.8451958035579,0.0010662039930448,-100,33.66,31.961428571428574,30.065,31.467111111111112,28.705331019965225,-0.7000000000000028,-3.610000000000003,1.896428571428576,82.48762376237624,1.2524257839712067,1,Elevated,265.1025541880057,2380.0,-0.3642128082100404,0.9918302283212548,3.984618543615026,516.1289672851562,-0.2057426922931204,0.802775858059855,3.044409133337078,104.45999908447266,0.1054150569813838,0.3608809956044111,0.3265427669245646,Moderate
2024-05-17,123.0,135,482,788.0,499.8571428571428,1221.0,455.3666666666667,4157.0,7.03,489.03,83.9800033569336,0.8526561096316554,1.312285066836815,1.31636866424803,-7.886360597143027,0.7100067138671875,423023,-0.62050101366797,6.38,5.3213333333333335,-0.632804231720312,89.29528236095425,2.953577236182773,89.91578337462222,581.8993606108049,0.0350060529663939,-100,32.58,32.34571428571429,30.08833333333333,31.47011111111111,12.675030264831973,-1.0799999999999983,-0.3799999999999954,2.257380952380956,71.69344870210136,0.6332798445144977,1,Elevated,214.77658756939752,2412.199951171875,1.3529391248686906,0.979570268686768,3.719310393260944,516.870849609375,0.1437397184120614,0.7829454288861756,2.1256366412044425,104.4499969482422,-0.0095750874192335,0.3596026493712101,0.1438100595356095,Moderate
2024-05-18,293.0,150,518,993.0,496.0,1508.0,455.8,4330.0,7.41,525.41,83.9800033569336,0.8526561096316554,1.312285066836815,1.31636866424803,-7.886360597143027,0.7100067138671875,261552,-0.8072177223828174,6.614285714285714,5.399333333333333,-0.6371232284429975,87.7890421738488,2.953577236182773,88.59625989623162,616.9598371324143,-0.1867167087148474,-100,36.98,33.08714285714286,30.308,31.514444444444443,48.73358354357424,4.399999999999999,5.479999999999997,2.7791428571428582,96.66666666666669,2.970766457871678,1,Elevated,229.0646828737194,2412.199951171875,1.3529391248686906,0.979570268686768,3.719310393260944,516.870849609375,0.1437397184120614,0.7829454288861756,2.1256366412044425,104.4499969482422,-0.0095750874192335,0.3596026493712101,0.1438100595356095,Moderate
2024-05-19,544.0,176,616,1474.0,514.0,2042.0,461.9666666666666,4845.0,8.56,624.56,83.9800033569336,0.8526561096316554,1.312285066836815,1.31636866424803,-7.886360597143027,0.7100067138671875,240026,-0.7271015743661612,6.987142857142857,5.513000000000001,-0.6371407443196209,86.31094950005883,2.953577236182773,87.03805107442498,714.5516283106077,0.0801161480166562,-100,41.26,34.56857142857143,30.699666666666666,31.607666666666667,72.10058074008327,4.280000000000001,-0.1199999999999974,3.8689047619047656,99.7533908754624,4.589849446124637,1,Elevated,268.41304110935806,2412.199951171875,1.3529391248686906,0.979570268686768,3.719310393260944,516.870849609375,0.1437397184120614,0.7829454288861756,2.1256366412044425,104.4499969482422,-0.0095750874192335,0.3596026493712101,0.1438100595356095,High
2024-05-20,303.0,132,494,1670.0,524.1428571428571,2331.0,461.8,4998.0,9.0,503.0,83.70999908447266,-0.3215101948893184,1.3074338178027003,1.3117801924041017,-7.379949514983053,-0.2700042724609375,389184,-0.7878030881190007,7.394285714285714,5.6386666666666665,-0.6412967477931437,87.23239907899647,2.366938964190324,88.02020216711547,593.3871411313057,-0.0607015137528395,100,39.18,35.63857142857143,31.026,31.654444444444444,62.90350756876419,-2.0799999999999983,-6.359999999999999,4.612571428571432,99.63054187192118,3.386753340527992,1,Elevated,219.7508160190993,2433.89990234375,0.8995917258572517,0.9894944334557492,4.383066145389369,517.4664916992188,0.1152400237494299,0.7829754439463656,2.186183376024564,104.56999969482422,0.1148901389068424,0.3588520644780095,0.4129059993239536,Moderate
2024-05-21,27.0,111,434,1599.0,526.2857142857143,2350.0,467.0,4930.0,8.84,442.84,82.87999725341797,-0.9915205353390631,1.3059770983226189,1.314729612413388,-7.313801218348292,-0.8300018310546875,433262,-0.8269835020278495,7.764285714285714,5.773,-0.6479403258719809,88.66914300094903,3.028877755496511,89.49612650297688,535.3650042584734,-0.0391804139088488,100,36.71,36.39,31.284666666666663,31.68988888888889,66.99590206954426,-2.469999999999999,-0.3900000000000005,5.105333333333334,95.8179581795818,2.2047880978478878,1,Elevated,196.246776402794,2421.699951171875,-0.5012511467758718,0.9940006071525812,3.3368871846330306,518.7354736328125,0.2452297789228286,0.7835641106405843,2.318408992791809,104.66000366210938,0.0860705437007114,0.359088627501251,0.4896803924709925,Moderate
2024-05-22,50.0,112,421,1456.0,510.4285714285714,2389.0,468.23333333333335,4909.0,8.39,429.39,81.9000015258789,-1.1824273166208932,1.288009538983785,1.3165997870405377,-9.482760292578163,-0.9799957275390624,443505,-0.6973467258133478,8.021428571428572,5.891,-0.6514189144427796,88.86299853260446,3.4187128848624946,89.56034525841781,522.3690581432803,0.1296367762145017,100,35.56,36.56142857142857,31.501,31.72233333333333,19.748183881072503,-1.1499999999999986,1.3200000000000005,5.060428571428574,92.44471744471744,1.6605006687389807,1,Elevated,191.03555420562856,2389.199951171875,-1.3420324835978548,1.0214054926912677,2.558372725670255,517.241943359375,-0.2879175127503797,0.7601094848583785,3.0557277307543984,104.94000244140624,0.267531788170805,0.3052083548235373,-0.2945344974762509,Moderate
2024-05-23,37.0,143,538,1377.0,500.4285714285714,2407.0,472.06666666666666,4884.0,8.13,546.13,81.36000061035156,-0.6593417649164657,1.2862348639951229,1.318762846736522,-9.338084970917082,-0.5400009155273438,438395,-0.6488074344170035,8.194285714285714,6.000000000000001,-0.6529974817304756,88.7956933443847,2.8793851260032968,89.44450077880171,638.453885904805,0.0485392913963442,-100,34.83,36.72857142857142,31.66166666666667,31.745222222222218,15.442696456981718,-0.730000000000004,0.4199999999999946,5.066904761904752,90.12269938650309,1.3229444051585413,1,Elevated,237.4926542061617,2335.0,-2.2685397739645285,1.0900057671972097,-0.840837795887539,513.4639282226562,-0.730415463251366,0.7645624133516091,1.5367025323124617,105.11000061035156,0.1619955831811959,0.3067489720560415,-0.1614724267823053,Moderate
2024-05-24,85.0,123,483,1339.0,500.57142857142856,2484.0,476.3666666666667,4950.0,8.02,491.02,82.12000274658203,0.9341225793129792,1.2907428254793734,1.3205714931833457,-9.209501915657103,0.7600021362304688,414659,-0.6406322425772326,8.335714285714285,6.108666666666666,-0.6539938801231935,88.47267382752342,3.145815596358063,89.11330607010065,583.2791216664588,0.0081751918397708,-100,36.21,37.24714285714286,31.898333333333333,31.779777777777777,20.740875959198867,1.3800000000000026,2.1100000000000065,5.348809523809528,95.1593137254902,1.8655898000732687,1,Elevated,215.48898745256335,2332.5,-0.1070663811563177,1.0899987819650148,-1.0058548367292697,516.8612060546875,0.6616390451790632,0.7222201309475752,3.639043431020106,104.72000122070312,-0.3710392801672513,0.2812966401216052,-1.2448129794677576,Moderate
2024-05-25,183.0,154,556,1229.0,506.0,2651.0,481.76666666666665,5108.0,7.84,563.84,82.12000274658203,0.9341225793129792,1.2907428254793734,1.3205714931833457,-9.209501915657103,0.7600021362304688,263159,-0.6527067738061408,8.397142857142857,6.2156666666666665,-0.6538901295131236,87.05892838809356,3.145815596358063,87.71163516189971,654.6974507582578,-0.0120745312289082,-100,38.44,37.455714285714286,32.20033333333333,31.85244444444444,31.46037265614454,2.229999999999997,0.8499999999999943,5.255380952380953,99.02080783353732,2.660227730218162,1,Elevated,244.3366532709232,2332.5,-0.1070663811563177,1.0899987819650148,-1.0058548367292697,516.8612060546875,0.6616390451790632,0.7222201309475752,3.639043431020106,104.72000122070312,-0.3710392801672513,0.2812966401216052,-1.2448129794677576,Moderate
2024-05-26,334.0,149,552,1019.0,496.8571428571428,2975.0,483.9,5424.0,7.29,559.29,82.12000274658203,0.9341225793129792,1.2907428254793734,1.3205714931833457,-9.209501915657103,0.7600021362304688,246338,-0.6958934604308838,8.215714285714286,6.307333333333333,-0.6576528513241778,85.61833443095853,3.145815596358063,86.31422789138941,648.7500434877475,-0.043186686624743,-100,40.49,37.34571428571429,32.591,31.953555555555557,45.91593343312372,2.0500000000000043,-0.1799999999999926,4.754714285714286,99.63325183374084,3.236273103682432,1,Elevated,242.2371718168211,2332.5,-0.1070663811563177,1.0899987819650148,-1.0058548367292697,516.8612060546875,0.6616390451790632,0.7222201309475752,3.639043431020106,104.72000122070312,-0.3710392801672513,0.2812966401216052,-1.2448129794677576,High
2024-05-27,29.0,179,640,745.0,517.7142857142857,2971.0,489.06666666666666,5425.0,6.99,646.99,82.12000274658203,0.9341225793129792,1.2907428254793734,1.3205714931833457,-9.209501915657103,0.7600021362304688,366440,-0.6900815387254512,7.928571428571429,6.388000000000001,-0.657132009724735,86.30011931978954,3.145815596358063,86.990200858515,737.126016454873,0.0058119217054326,100,37.26,37.07142857142857,32.855333333333334,32.016444444444446,74.02905960852716,-3.230000000000004,-5.280000000000008,4.216095238095235,96.58119658119658,1.944907678903864,1,Elevated,277.4523664102462,2332.5,-0.1070663811563177,1.0899987819650148,-1.0058548367292697,516.8612060546875,0.6616390451790632,0.7222201309475752,3.639043431020106,104.72000122070312,-0.3710392801672513,0.2812966401216052,-1.2448129794677576,Moderate
2024-05-28,267.0,155,543,985.0,533.2857142857143,3237.0,493.6,5657.0,7.68,550.68,84.22000122070312,2.5572313734591345,1.392841860847636,1.337230617964693,-6.526079193116575,2.0999984741210938,428689,-0.6280800205494743,7.7628571428571425,6.484666666666668,-0.6568622665157403,87.70625076687692,4.602681153618428,88.3343307874264,643.6170119410448,0.0620015181759768,100,41.43,37.74571428571429,33.26366666666667,32.13544444444444,64.81000759087988,4.170000000000002,7.400000000000006,4.48204761904762,99.8780487804878,3.239658071508479,1,Elevated,239.77993861893265,2355.199951171875,0.9732026225884204,1.10261210913103,-0.4480555176884282,517.222412109375,0.0698845358204858,0.6741902228401858,5.027263279810668,104.61000061035156,-0.1050425984237102,0.2788980867252906,-1.5064480631890032,High
2024-05-29,44.0,130,499,979.0,544.4285714285714,3255.0,496.6666666666667,5673.0,7.78,506.78,83.5999984741211,-0.7361704317211726,1.395827785565877,1.337584607564911,-7.131746732229849,-0.6200027465820312,440298,-0.6765394026434798,7.675714285714285,6.582,-0.660822686581762,88.02753307274125,2.8451728905100344,88.70407247538473,598.3292453658947,-0.0484593820940054,100,38.26,38.13142857142857,33.55166666666667,32.223222222222226,55.84229691047003,-3.1700000000000017,-7.340000000000003,4.579761904761902,98.29476248477468,2.057403318907544,1,Elevated,221.59088365128093,2340.300048828125,-0.6326385297492965,1.089363953293008,-2.1122636342906675,513.6005249023438,-0.7002572050697098,0.6898613649395349,4.482364847825804,105.0999984741211,0.4684044172742707,0.2941567177602655,-1.0916653856473668,Moderate
2024-05-30,23.0,151,551,965.0,546.2857142857143,3259.0,498.56666666666666,5651.0,7.78,558.78,81.86000061035156,-2.081337195607913,1.3398019249255748,1.3423304866142098,-6.220644115275609,-1.7399978637695312,427155,-0.6691093791782988,7.625714285714285,6.676,-0.6627777306032031,87.95250433833233,4.043203532061049,88.62161371751063,651.4448172495717,0.0074300234651809,-100,37.04,38.44714285714286,33.82866666666667,32.291444444444444,14.237150117325903,-1.2199999999999989,1.9500000000000028,4.618476190476187,95.86374695863748,1.5965990193636452,1,Elevated,242.85360415632653,2342.89990234375,0.1110906063915617,1.080870632428311,-1.2143209268058786,510.19342041015625,-0.663376364896695,0.6926280057424578,4.407147216729412,104.72000122070312,-0.3615578105945816,0.2965151361264613,-1.1609209655191632,Moderate
2024-05-31,33.0,143,553,913.0,556.2857142857143,3274.0,503.53333333333336,5632.0,7.79,560.79,81.62000274658203,-0.2931808721965523,1.339898594110599,1.3408887335693462,-6.302373809324868,-0.2399978637695312,423782,-0.7906130650940555,7.5928571428571425,6.766,-0.6671016343839218,88.43819566692625,2.263316847239638,89.2288087320203,652.2821255792599,-0.1215036859157566,-100,36.13,38.43571428571429,33.986000000000004,32.35088888888889,12.707518429578782,-0.9099999999999966,0.3100000000000023,4.449714285714286,94.16767922235722,1.2609655139422835,1,Elevated,243.06708848529996,2322.89990234375,-0.8536429567474357,1.0869381970533891,-2.4933948397303896,514.84033203125,0.9108137100940938,0.7029862575701636,5.575353638542069,104.66999816894533,-0.0477492849264127,0.2933920354204909,-1.394256557380058,Moderate
2024-06-01,56.0,157,575,786.0,559.0,3308.0,506.7,5665.0,7.56,582.56,81.62000274658203,-0.2931808721965523,1.339898594110599,1.3408887335693462,-6.302373809324868,-0.2399978637695312,269359,-0.6389690907069058,7.552857142857143,6.8420000000000005,-0.6648348045217845,87.26301155386167,2.263316847239638,87.90198064456858,672.7252974918081,0.1516439743871497,-100,36.6,38.17285714285715,34.23633333333333,32.41777777777778,17.658219871935753,0.4699999999999988,1.3799999999999957,3.93652380952382,94.66019417475728,1.382970324194302,1,Elevated,251.5097228678096,2322.89990234375,-0.8536429567474357,1.0869381970533891,-2.4933948397303896,514.84033203125,0.9108137100940938,0.7029862575701636,5.575353638542069,104.66999816894533,-0.0477492849264127,0.2933920354204909,-1.394256557380058,Moderate
2024-06-02,386.0,157,557,838.0,559.7142857142857,3690.0,509.9666666666666,6014.0,7.69,564.69,81.62000274658203,-0.2931808721965523,1.339898594110599,1.3408887335693462,-6.302373809324868,-0.2399978637695312,238693,-0.6537031470891554,7.609999999999999,6.924,-0.6638702047977194,85.98911159968648,2.263316847239638,86.64281474677564,653.5961315940153,-0.0147340563822496,-100,42.2,38.417142857142856,34.665,32.54011111111111,77.37367028191126,5.600000000000001,5.130000000000003,3.752142857142857,99.87878787878788,3.0263767600739064,1,Elevated,244.10988968825103,2322.89990234375,-0.8536429567474357,1.0869381970533891,-2.4933948397303896,514.84033203125,0.9108137100940938,0.7029862575701636,5.575353638542069,104.66999816894533,-0.0477492849264127,0.2933920354204909,-1.394256557380058,High
2024-06-03,45.0,169,636,854.0,559.1428571428571,3720.0,516.8,6004.0,7.69,643.69,78.36000061035156,-3.994121571341147,1.5044699717043548,1.405061318485785,-10.230267168650345,-3.2600021362304688,402364,-0.5419430294085559,7.710000000000001,7.011,-0.6605626471499797,87.03640724733125,6.521618259910536,87.57835027673981,737.7899685366503,0.1117601176805995,100,40.46,38.87428571428571,35.03966666666667,32.641666666666666,78.758800588403,-1.740000000000002,-7.340000000000003,3.834619047619043,99.27360774818402,2.3718250099425098,1,Elevated,277.60031735931227,2346.60009765625,1.0202848296901212,1.096953639346404,-2.1597651266113127,515.2601928710938,0.0815516605288557,0.6745598798179228,6.591811859525198,104.13999938964844,-0.5063521434684803,0.3049685927315391,-1.8935488528847968,High
2024-06-04,338.0,139,524,925.0,556.4285714285714,4041.0,519.6333333333333,6267.0,7.77,531.77,77.5199966430664,-1.0719805522489856,1.510254054709645,1.3724497659064896,-10.896555582682288,-0.8400039672851562,438224,-0.58169072451633,7.722857142857143,7.099666666666667,-0.6563472380411628,88.61593895784868,3.671890165226859,89.19762968236502,624.6395198475918,-0.039747695107774,100,42.74,39.06142857142857,35.498666666666665,32.763,69.59873847553885,2.280000000000001,4.020000000000003,3.5627619047619064,99.87908101571948,2.8814132127981047,1,Elevated,232.0162820025637,2325.5,-0.8991773961538829,0.9864503560439392,-0.2872803066696128,515.8361206054688,0.111774156502542,0.6614190811884951,5.737218061127947,104.11000061035156,-0.0288062026816748,0.3050326632249968,-1.857090108124804,High
2024-06-05,91.0,148,550,972.0,563.7142857142857,4117.0,524.0,6333.0,7.95,557.95,78.41000366210938,1.1480999194839026,1.4905527803297525,1.3701830519318927,-11.320962128623558,0.8900070190429688,442053,-0.5350606039117105,7.747142857142857,7.194333333333334,-0.6523151091555665,89.07679286435105,3.7707489126760105,89.61185346826277,651.3326023809389,0.0466301206046194,100,40.59,39.39428571428572,35.89433333333333,32.86588888888889,61.43315060302311,-2.1499999999999986,-4.43,3.4999523809523865,99.27536231884058,2.172256265549716,1,Elevated,242.61067025872305,2354.10009765625,1.2298472438722952,1.0109932251527751,1.1341730909554704,521.9669189453125,1.1885166809659786,0.6615154289575189,5.739150690888439,104.2699966430664,0.1536797923127997,0.3018539156723433,-1.343557352198077,High
2024-06-06,95.0,123,486,1044.0,554.4285714285714,4165.0,525.6666666666666,6396.0,7.97,493.97,79.87000274658203,1.862006142435857,1.5460082900638346,1.3777562256159204,-9.259252678154215,1.4599990844726562,440029,-0.5812355924751037,7.774285714285715,7.290666666666667,-0.6542086891003094,89.09607434136227,4.333939700315113,89.67730993383738,587.9812496341525,-0.0461749885633931,-100,39.11,39.69,36.21,32.958666666666666,11.230874942816962,-1.480000000000004,0.6699999999999946,3.479999999999997,98.5524728588661,1.704548301902456,1,Elevated,217.25703786689357,2370.300048828125,0.6881589779467623,1.0171423353006586,1.970318297617757,521.9571533203125,-0.0018709279545392,0.6610073140857301,5.7873798537834364,104.0999984741211,-0.1630365152185064,0.3000376752011803,-1.6625752182910625,Moderate
2024-06-07,64.0,125,487,1075.0,545.0,4182.0,525.1333333333333,6385.0,7.93,494.93,79.62000274658203,-0.3130086282746469,1.5220450812753428,1.3766118516829315,-10.549375535658312,-0.25,415720,-0.5091411732025806,7.794285714285714,7.38,-0.6513365220266383,88.90647575917686,2.889991263115821,89.41561693237944,587.2356081954953,0.0720944192725231,-100,38.63,40.04714285714285,36.52133333333333,33.031888888888886,16.960472096362615,-0.4799999999999969,1.000000000000007,3.525809523809521,98.3132530120482,1.5310162228373376,1,Elevated,217.01111989172225,2305.199951171875,-2.746491849773846,1.1389043715953924,-1.0558887947754836,521.3226318359375,-0.1215658182551204,0.6549849594170913,6.061697290142165,104.88999938964844,0.758886577432305,0.3323880971745431,-0.672347627587,Moderate
2024-06-08,456.0,183,650,1475.0,555.7142857142857,4600.0,530.7666666666667,6821.0,8.86,658.86,79.62000274658203,-0.3130086282746469,1.5220450812753428,1.3766118516829315,-10.549375535658312,-0.25,265115,-0.5609532122421254,7.979999999999999,7.500666666666666,-0.6524619828194365,87.66144324359516,2.889991263115821,88.22239645583728,749.9723877189531,-0.0518120390395447,-100,45.44,41.31,37.062,33.18533333333334,97.95906019519772,6.809999999999995,7.289999999999992,4.248000000000005,100.0,3.1584859107655707,1,Elevated,282.3444757964138,2305.199951171875,-2.746491849773846,1.1389043715953924,-1.0558887947754836,521.3226318359375,-0.1215658182551204,0.6549849594170913,6.061697290142165,104.88999938964844,0.758886577432305,0.3323880971745431,-0.672347627587,High
2024-06-09,124.0,132,459,1213.0,541.7142857142857,4695.0,527.3666666666667,6940.0,8.19,467.19,79.62000274658203,-0.3130086282746469,1.5220450812753428,1.3766118516829315,-10.549375535658312,-0.25,253891,-0.4756904452387695,8.051428571428572,7.592333333333332,-0.6503431422128533,86.45921498095642,2.889991263115821,86.93490542619519,557.014896689311,0.0852627670033558,-100,41.9,41.26714285714286,37.46233333333334,33.31644444444444,83.5263138350168,-3.539999999999999,-10.349999999999994,3.804809523809517,99.51923076923076,2.160608050974112,1,Elevated,205.41897759048533,2305.199951171875,-2.746491849773846,1.1389043715953924,-1.0558887947754836,521.3226318359375,-0.1215658182551204,0.6549849594170913,6.061697290142165,104.88999938964844,0.758886577432305,0.3323880971745431,-0.672347627587,High
2024-06-10,156.0,122,454,1324.0,515.7142857142857,4763.0,524.3333333333334,6636.0,8.14,462.14,81.62999725341797,2.524484347524369,1.6032468734953658,1.394924723714448,-8.793299158192214,2.009994506835937,390765,-0.4410380739530511,8.115714285714285,7.671333333333334,-0.6441470521635488,87.40240317318022,5.007061136838956,87.84344124713327,554.9905023839722,0.0346523712857183,100,42.52,41.56142857142857,37.82000000000001,33.364111111111114,17.07326185642858,0.6200000000000045,4.160000000000004,3.741428571428564,99.63985594237695,2.2566980149110103,1,Elevated,204.42751270416224,2307.699951171875,0.1084504621271076,1.1382858832728682,-1.16070314757154,522.933349609375,0.308967551967787,0.640011953406003,5.390925415882708,105.1500015258789,0.2478807681794315,0.3300112707515588,-0.7457059631127305,High
2024-06-11,28.0,153,591,1014.0,525.2857142857143,4728.0,527.7,6646.0,7.61,598.61,81.91999816894531,0.3552626795111147,1.5974591767405015,1.338634434259362,-7.330320412988445,0.2900009155273437,433231,-0.5639081735584103,8.092857142857143,7.726666666666666,-0.640278130552215,88.88794550854269,2.6857538975504607,89.4518536821011,690.7476075796517,-0.1228700996053591,100,41.36,41.364285714285714,38.169,33.437999999999995,41.5143504980268,-1.1600000000000037,-1.7800000000000082,3.195285714285717,99.16067146282974,1.912756167887336,1,Elevated,258.4086722954404,2307.5,-0.0086645220828462,1.1345940164933022,-1.6159249561610745,524.1927490234375,0.2408336387425436,0.6392654773962883,5.271942001951513,105.2300033569336,0.0760835281918614,0.3250027704478792,-0.3315007274589221,High
2024-06-12,300.0,155,599,1223.0,532.2857142857143,4921.0,533.5666666666667,6924.0,8.09,607.09,82.5999984741211,0.8300785160827218,1.6075837785414056,1.3272981762182394,-5.986799567140844,0.6800003051757812,427861,-0.5569743261562544,8.112857142857143,7.791333333333332,-0.6383303341190216,89.10361790623192,3.036342251338212,89.66059223238817,699.7869344837263,0.0069338474021558,-100,44.86,41.97428571428571,38.608,33.57288888888889,69.23466923701079,3.5,4.660000000000004,3.3662857142857163,99.88023952095809,2.617482167465339,1,Elevated,261.9826553470129,2336.0,1.2351029252437806,1.074452891465264,1.9464126541434807,528.4979248046875,0.8212963245429306,0.5567547936330888,7.844924883902649,104.6500015258789,-0.5511753421572729,0.3178829523873192,-1.4780640903609863,High
2024-06-13,355.0,98,382,1483.0,517.4285714285714,5178.0,532.3333333333334,7218.0,8.46,390.46,82.75,0.1815999136197454,1.323209766645449,1.3247976741187504,-0.8269444166073558,0.1500015258789062,435845,-0.4994164001976796,8.182857142857143,7.864999999999999,-0.6337073757905857,89.04118786418827,1.58750412192593,89.54060426438595,481.58810838631183,0.0575579259585748,100,43.88,42.65571428571428,39.022333333333336,33.69211111111111,24.98778962979289,-0.9799999999999968,-4.479999999999997,3.6333809523809455,99.76076555023924,2.2911569435683083,1,Elevated,174.72712250164756,2300.199951171875,-1.5325363368204226,1.111621376605331,0.0130461690014849,529.56201171875,0.2013417393182281,0.5460959768155548,8.414098697026917,105.1999969482422,0.5255570132287835,0.326035638803382,-0.5295056511694596,High
2024-06-14,36.0,146,555,1455.0,527.1428571428571,5021.0,533.1,7220.0,8.51,563.51,82.62000274658203,-0.1570963787528301,1.322243475118418,1.322936732555529,-1.2549246388689372,-0.1299972534179687,413559,-0.4734871298138683,8.265714285714285,7.928999999999999,-0.6276045044301344,88.75845286179688,1.6048323177581418,89.23193999161074,654.3467723093688,0.0259292703838112,-100,41.58,43.07714285714285,39.263,33.79188888888889,74.42964635191905,-2.3000000000000043,-1.3200000000000074,3.814142857142855,99.0442054958184,1.7222922306521602,1,Elevated,243.8923209254254,2331.39990234375,1.3564016969907169,1.13854562824333,1.400485031998322,529.88427734375,0.0608551251541022,0.5325892403601132,7.474818551016504,105.5500030517578,0.3327054312442845,0.3222190806696694,0.2374168972028689,High
2024-06-15,120.0,109,392,1119.0,490.2857142857143,5025.0,525.9,7319.0,7.43,399.43,82.62000274658203,-0.1570963787528301,1.322243475118418,1.322936732555529,-1.2549246388689372,-0.1299972534179687,265639,-0.4785960245250893,8.061428571428571,7.946,-0.6217074696931585,87.42252195459086,1.6048323177581418,87.90111797911595,488.9359502968741,-0.005108894711221,-100,41.88,42.56857142857143,39.537,33.89955555555556,37.6255444735561,0.3000000000000042,2.6000000000000085,3.031571428571432,99.0453460620525,1.735598602883668,1,Elevated,177.99415652292646,2331.39990234375,1.3564016969907169,1.13854562824333,1.400485031998322,529.88427734375,0.0608551251541022,0.5325892403601132,7.474818551016504,105.5500030517578,0.3327054312442845,0.3222190806696694,0.2374168972028689,High
2024-06-16,221.0,106,371,1216.0,477.7142857142857,5123.0,522.2,7452.0,7.49,378.49,82.62000274658203,-0.1570963787528301,1.322243475118418,1.322936732555529,-1.2549246388689372,-0.1299972534179687,233082,-0.6810439315361682,7.961428571428572,7.961333333333333,-0.6237255669554319,85.93618144120276,1.6048323177581418,86.61722537273893,466.7120576904971,-0.2024479070110788,-100,42.95,42.71857142857143,39.882666666666665,33.98544444444445,31.8122395350554,1.0700000000000005,0.769999999999996,2.8359047619047644,99.52324195470798,1.9096984311445244,1,Elevated,169.36137800165105,2331.39990234375,1.3564016969907169,1.13854562824333,1.400485031998322,529.88427734375,0.0608551251541022,0.5325892403601132,7.474818551016504,105.5500030517578,0.3327054312442845,0.3222190806696694,0.2374168972028689,High
2024-06-17,7.0,93,359,1067.0,464.1428571428572,4837.0,516.9,7433.0,7.03,366.03,84.25,1.9728845306597356,1.3620208413568626,1.3360450869807023,1.55496736953169,1.6299972534179688,378189,-0.570026961890603,7.802857142857143,7.948666666666667,-0.6158192082723579,86.84889801350704,3.490402108969767,87.41892497539764,456.9393270843674,0.1110169696455651,100,41.14,42.521428571428565,40.02133333333333,34.07066666666666,57.95508484822784,-1.8100000000000025,-2.8800000000000026,2.500095238095234,98.21428571428572,1.4870267535998258,1,Elevated,165.29194583866743,2312.39990234375,-0.8149610017955,1.1495071983356644,0.5828578661918327,534.1015625,0.7958879582898204,0.509597223941939,7.003846563484317,105.31999969482422,-0.2179093797096465,0.3212029293750576,0.2761124620564104,High
2024-06-18,123.0,135,503,1162.0,451.57142857142856,4416.0,513.1333333333333,7426.0,7.11,510.11,85.33000183105469,1.2819012831509546,1.378628972046327,1.3043376884456512,2.400095951101555,1.0800018310546875,421546,-0.5665198472681383,7.731428571428572,7.900333333333333,-0.6104664840357573,88.26934188813237,2.900539850307437,88.83586173540051,601.8464015857079,0.0035071146224646,100,41.33,42.51714285714286,40.02366666666667,34.132333333333335,34.017535573112326,0.1899999999999977,2.0,2.493476190476187,98.45422116527944,1.4957531164826408,1,Elevated,222.9713882872031,2330.39990234375,0.778412072313106,1.1442261721688674,0.3790405029868715,535.4584350585938,0.2540476669348424,0.4864592485580341,6.179196579783519,105.26000213623048,-0.0569669186931243,0.3214263121631934,0.1999039299115379,High
2024-06-19,22.0,148,567,884.0,447.0,4135.0,515.5666666666667,7362.0,6.51,573.51,85.33000183105469,1.2819012831509546,1.378628972046327,1.3043376884456512,2.400095951101555,1.0800018310546875,412121,-0.5925050615067529,7.505714285714285,7.817333333333334,-0.603956549815349,88.44883021532651,2.900539850307437,89.04133527683327,665.4518751271406,-0.0259852142386145,-100,39.64,41.77142857142858,40.039,34.20355555555556,36.329926071193086,-1.6899999999999975,-1.8799999999999957,1.732428571428585,97.624703087886,1.1218691635307807,1,Elevated,248.37248299548963,2330.39990234375,0.778412072313106,1.1442261721688674,0.3790405029868715,535.4584350585938,0.2540476669348424,0.4864592485580341,6.179196579783519,105.26000213623048,-0.0569669186931243,0.3214263121631934,0.1999039299115379,Moderate
2024-06-20,19.0,144,552,548.0,471.2857142857143,4127.0,519.5,7341.0,6.1,558.1,85.70999908447266,0.4453266673664524,1.378978447926309,1.3032812966847525,3.0663724267308456,0.3799972534179687,428550,-0.6032911765389836,7.168571428571428,7.726,-0.5965001389657202,88.41195752065246,2.130942357965846,89.01524869719145,649.2461910551574,-0.0107861150322307,100,37.01,40.790000000000006,40.049,34.25288888888888,14.753930575161156,-2.6300000000000026,-0.9400000000000048,0.7410000000000068,93.7129300118624,0.5682819009999156,1,Elevated,241.89542668262465,2353.800048828125,1.0041257923518063,1.1566520803472502,1.667246824046975,534.0040283203125,-0.2716189797480894,0.4938614453782727,5.774085589494304,105.58999633789062,0.3135038903315568,0.3204181477220562,0.1707548330595054,Moderate
2024-06-21,159.0,102,381,671.0,446.4285714285714,4236.0,518.1666666666666,7459.0,6.09,387.09,85.23999786376953,-0.548362181453188,1.3819797644665532,1.3044923508822217,1.986116291395024,-0.470001220703125,404979,-0.6270297202707451,6.822857142857144,7.649333333333334,-0.5941562387809667,88.11048098520834,2.128953575059244,88.73751070547908,477.9564642805383,-0.0237385437317615,-100,40.42,40.62428571428571,40.211,34.349888888888884,38.2186927186588,3.410000000000004,6.040000000000006,0.4132857142857133,97.6303317535545,1.2420969669563884,1,Elevated,173.43508357111952,2316.39990234375,-1.5889262345370136,1.1952163099176252,0.1210150661013598,533.2880249023438,-0.1340820256021113,0.4963472998299421,5.622039674973811,105.8000030517578,0.1988888352596918,0.3215437128762405,0.2368545644450659,High
2024-06-22,72.0,139,516,623.0,464.1428571428572,4271.0,517.4333333333333,7499.0,6.17,522.17,85.23999786376953,-0.548362181453188,1.3819797644665532,1.3044923508822217,1.986116291395024,-0.470001220703125,254067,-0.8316753315017613,6.642857142857143,7.584,-0.6002518353504587,86.66806373905399,2.128953575059244,87.49973907055575,611.7986926456149,-0.2046456112310162,-100,39.42,40.27285714285715,40.364,34.437333333333335,29.223228056155083,-1.0,-4.410000000000004,-0.0911428571428558,97.396449704142,1.0154833159175107,1,Elevated,227.21952924413483,2316.39990234375,-1.5889262345370136,1.1952163099176252,0.1210150661013598,533.2880249023438,-0.1340820256021113,0.4963472998299421,5.622039674973811,105.8000030517578,0.1988888352596918,0.3215437128762405,0.2368545644450659,Moderate
2024-06-23,158.0,152,563,560.0,491.57142857142856,4344.0,520.1,7613.0,6.32,569.32,85.23999786376953,-0.548362181453188,1.3819797644665532,1.3044923508822217,1.986116291395024,-0.470001220703125,232127,-0.9218370998140246,6.475714285714285,7.527333333333333,-0.6096253305916851,85.2397006863705,2.128953575059244,86.16153778618452,657.6104913612438,-0.0901617683122633,-100,40.45,39.91571428571428,40.505333333333326,34.527111111111104,29.15080884156132,1.0300000000000011,2.030000000000001,-0.5896190476190455,97.63593380614655,1.1984231814689497,1,Elevated,245.81188898726063,2316.39990234375,-1.5889262345370136,1.1952163099176252,0.1210150661013598,533.2880249023438,-0.1340820256021113,0.4963472998299421,5.622039674973811,105.8000030517578,0.1988888352596918,0.3215437128762405,0.2368545644450659,High
2024-06-24,224.0,129,480,777.0,508.8571428571428,4385.0,517.5666666666667,7785.0,6.95,486.95,86.01000213623047,0.903336804033672,1.3893931225298983,1.3042249789476914,2.539347821361204,0.7700042724609375,387207,-0.7435742364591811,6.464285714285714,7.497666666666666,-0.612654246013453,86.21041036992891,2.5466647086996907,86.95398460638809,576.4506493150877,0.1782628633548435,100,41.43,39.957142857142856,40.605,34.632444444444445,30.391314316774217,0.9799999999999968,-0.0500000000000042,-0.6478571428571414,98.642266824085,1.362916266009705,1,Elevated,213.1894628047575,2330.0,0.5871221822488115,1.1910035661671736,-0.0900517802971068,531.5545654296875,-0.3250512653033333,0.4990376766694354,4.67558074791623,105.47000122070312,-0.3119109844384904,0.3218394691747624,0.2280698052963714,High
2024-06-25,97.0,118,456,751.0,502.1428571428572,4148.0,514.3666666666667,7842.0,6.81,462.81,85.01000213623047,-1.1626554762969366,1.384882123888204,1.3013239489539796,2.681484715730642,-1.0,429525,-0.7244525169215651,6.421428571428572,7.481666666666667,-0.6136062145631425,87.64389897758089,2.8156860717582046,88.36835149450245,553.9940375662607,0.0191217195376159,100,40.31,39.81142857142857,40.599,34.72855555555556,36.89560859768809,-1.1199999999999974,-2.0999999999999943,-0.7875714285714253,97.2877358490566,1.113424264880736,1,Elevated,203.92394472760375,2316.60009765625,-0.5751031048819688,1.1605602960106138,-2.141678288604476,533.6015014648438,0.3850848376218074,0.5007884411820522,4.943492440220654,105.61000061035156,0.1327385873026498,0.3224183360465299,0.2848761358966722,High
2024-06-26,203.0,127,466,932.0,487.7142857142857,4322.0,508.56666666666666,8014.0,7.04,473.04,85.25,0.2823172070798518,1.3808854293320592,1.2918514523717757,2.267273723380625,0.2399978637695312,432292,-0.7130757953119943,6.497142857142857,7.483333333333333,-0.6143726897826939,88.1592089711454,1.8899300087499733,88.8722847664574,563.8022147752074,0.0113767216095708,100,41.39,40.06142857142857,40.736666666666665,34.82944444444445,33.55688360804786,1.0799999999999983,2.199999999999996,-0.6752380952380932,98.46878680800944,1.297876631628589,1,Elevated,207.74642895679148,2299.199951171875,-0.7511070426863498,1.143963477629007,-1.5795618741421211,534.2674560546875,0.124803732376244,0.5000599023316016,5.060366480662837,106.0500030517578,0.4166295226430749,0.3302298546109204,0.7888251486651621,High
2024-06-27,34.0,150,551,947.0,487.57142857142856,4089.0,508.8333333333333,7994.0,7.08,558.08,86.38999938964844,1.3372426858046182,1.37805308965586,1.2970346106253328,4.867689087066696,1.1399993896484375,429822,-0.618245190088956,6.637142857142857,7.463333333333334,-0.6140448621006765,88.16807500744966,3.202064684167148,88.78632019753861,650.0683848817058,0.0948306052230383,-100,39.84,40.46571428571429,40.68366666666667,34.908,44.67415302611519,-1.5499999999999972,-2.6299999999999955,-0.2179523809523758,97.05882352941175,0.9713711575500398,1,Elevated,242.27008991317464,2324.5,1.1003848888927692,1.15434204229031,-1.2280064393207724,535.109619140625,0.1576294936915134,0.4969899310130953,4.745374159234017,105.91000366210938,-0.1320126219893747,0.3288607551171458,0.8570626679078819,Moderate
2024-06-28,159.0,136,550,947.0,511.7142857142857,4204.0,510.53333333333336,8132.0,7.31,557.31,86.41000366210938,0.0231557733560316,1.3772484007366832,1.2884230008528237,4.422965150585356,0.0200042724609375,416313,-0.6843690683809617,6.811428571428572,7.447666666666667,-0.6143058509585927,87.98038579230594,1.8427006891512503,88.6647548606869,647.8174555498381,-0.0661238782920057,-100,40.8,40.52,40.76833333333334,34.99911111111111,37.63061939146003,0.9599999999999936,2.509999999999991,-0.2483333333333419,97.76733254994124,1.1354361765627186,1,Elevated,241.39403124779787,2327.699951171875,0.1376619131802536,1.1181157548500082,-2.553690343991255,533.0039672851562,-0.393499159826427,0.4625393051067299,3.057062146825973,105.87000274658205,-0.0377687792882719,0.3049512592848863,1.4566404357331253,High
2024-06-29,585.0,159,573,1460.0,519.8571428571429,4766.0,511.26666666666665,8657.0,8.43,581.43,86.41000366210938,0.0231557733560316,1.3772484007366832,1.2884230008528237,4.422965150585356,0.0200042724609375,261705,-0.737162235700049,7.134285714285714,7.469333333333333,-0.6165742795093176,86.68569408309065,1.8427006891512503,87.4228563187907,670.6955570079419,-0.0527931673190873,-100,46.93,41.59285714285714,41.098,35.15166666666667,100.0,6.130000000000003,5.170000000000009,0.4948571428571426,100.0,2.240308861361204,1,Elevated,250.79365153941865,2327.699951171875,0.1376619131802536,1.1181157548500082,-2.553690343991255,533.0039672851562,-0.393499159826427,0.4625393051067299,3.057062146825973,105.87000274658205,-0.0377687792882719,0.3049512592848863,1.4566404357331253,High
2024-06-30,74.0,128,475,1376.0,507.2857142857143,4807.0,508.6666666666667,8720.0,8.13,483.13,86.41000366210938,0.0231557733560316,1.3772484007366832,1.2884230008528237,4.422965150585356,0.0200042724609375,238290,-0.6493311388571409,7.392857142857143,7.480666666666666,-0.6118648819680871,85.23416821711443,1.8427006891512503,85.88349935597157,570.8562000451228,0.0878310968429081,-100,41.47,41.73857142857143,41.276,35.26233333333333,100.0,-5.460000000000001,-11.590000000000003,0.4625714285714366,98.59320046893318,1.1746490662482387,1,Elevated,211.1657801468548,2327.699951171875,0.1376619131802536,1.1181157548500082,-2.553690343991255,533.0039672851562,-0.393499159826427,0.4625393051067299,3.057062146825973,105.87000274658205,-0.0377687792882719,0.3049512592848863,1.4566404357331253,High
2024-07-01,127.0,153,569,1279.0,520.0,4878.0,508.4666666666666,8810.0,8.07,577.07,86.5999984741211,0.2198759448670539,1.3744085177997478,1.285884452967078,3.999041629998623,0.1899948120117187,396606,-0.4967159597137008,7.5528571428571425,7.497666666666666,-0.6071231109349804,86.22991095463344,1.994188625666664,86.72662691434714,665.7908155400138,0.15261517914344,100,41.18,41.70285714285715,41.42866666666667,35.357777777777784,21.963075895717207,-0.2899999999999991,5.170000000000002,0.2741904761904763,97.65807962529274,1.0957651705108955,1,Elevated,248.9710008331361,2327.60009765625,-0.0042897932602814,1.1168926279442042,-2.201676569065125,534.1009521484375,0.2058117632536049,0.4592049799798976,3.4820725056014634,105.9000015258789,0.0283354855186823,0.3047812990706088,1.3785204423003794,High
2024-07-02,344.0,139,532,1526.0,530.8571428571429,4836.0,507.6333333333333,9104.0,8.68,540.68,86.23999786376953,-0.4157051001093759,1.3712336956370743,1.2845451281222278,2.691110283992804,-0.3600006103515625,415916,-0.719496912860176,7.82,7.530666666666666,-0.6093162364606809,87.61672962361054,2.0560498241457306,88.33622653647072,631.0722763606163,-0.2227809531464751,100,44.78,42.34142857142857,41.51466666666667,35.50066666666667,60.61390476573238,3.6000000000000014,3.890000000000001,0.8267619047619021,99.64912280701756,1.7208715663383836,1,Elevated,234.7616652369524,2323.0,-0.1976326457831856,1.084264280477117,-3.6978672157148784,537.6952514648438,0.6729625367541514,0.4703696539113295,4.0289371844449695,105.72000122070312,-0.169971957112569,0.3071889274169548,1.2158968976229367,High
2024-07-03,78.0,169,661,1401.0,558.7142857142857,4869.0,508.4666666666666,9165.0,8.7,669.7,87.33999633789062,1.2755084663368388,1.3853258789220642,1.263190861531111,4.336396240734519,1.0999984741210938,410650,-0.6098959112619593,8.057142857142857,7.564333333333334,-0.6115813325224612,87.68156985028057,3.094473969332354,88.29146576154253,761.085939730875,0.1096010015982167,-100,42.52,42.50285714285714,41.583333333333336,35.61266666666666,63.948005007991085,-2.259999999999998,-5.859999999999999,0.9195238095238024,99.0070093457944,1.2714888861371625,1,Elevated,286.7760827400415,2359.800048828125,1.5841605177841167,1.1132734098065735,-3.044490590770388,540.0948486328125,0.446274569364613,0.473813380642038,4.372912506718718,105.4000015258789,-0.3026860491196714,0.3131169666044341,0.7937284436042358,High
2024-07-04,197.0,225,886,1564.0,606.5714285714286,4728.0,520.5333333333333,9328.0,9.49,895.49,87.33999633789062,1.2755084663368388,1.3853258789220642,1.263190861531111,4.336396240734519,1.0999984741210938,385105,-0.5766436347023062,8.401428571428571,7.621666666666666,-0.6114130961953269,87.26589908024852,3.094473969332354,87.84254271495082,986.4270166842832,0.0332522765596531,-100,44.0,43.09714285714285,41.62533333333333,35.74511111111111,41.86626138279827,1.4799999999999969,3.739999999999995,1.4718095238095188,99.53325554259042,1.5035190181148466,1,Elevated,377.0022981307232,2359.800048828125,1.5841605177841167,1.1132734098065735,-3.044490590770388,540.0948486328125,0.446274569364613,0.473813380642038,4.372912506718718,105.4000015258789,-0.3026860491196714,0.3131169666044341,0.7937284436042358,High
2024-07-05,44.0,146,572,1449.0,609.7142857142857,4681.0,521.2666666666667,9358.0,9.3,581.3,86.54000091552734,-0.915955410930358,1.3832441718721475,1.2626935210647032,4.416027730935324,-0.7999954223632812,387967,-0.5173053950526715,8.685714285714285,7.666666666666667,-0.6108212559000258,86.8426612695225,2.740802355896038,87.35996666457517,671.4007690204711,0.0593382396496346,100,41.92,43.25714285714286,41.66966666666667,35.85777777777778,42.796691198248176,-2.0799999999999983,-3.559999999999995,1.5874761904761885,98.6013986013986,1.0998037087423864,1,Elevated,251.08831427527343,2388.5,1.2162026687865923,1.1357008162187847,-1.370935782354432,543.209228515625,0.5766357317971371,0.4800803797540607,4.717964382003359,104.87999725341795,-0.4933626802019142,0.3269042140668612,0.2101983409238395,High
2024-07-06,237.0,175,636,1101.0,618.7142857142857,4823.0,526.2666666666667,9577.0,8.7,644.7,86.54000091552734,-0.915955410930358,1.3832441718721475,1.2626935210647032,4.416027730935324,-0.7999954223632812,249397,-0.6584559197610695,8.724285714285715,7.691000000000001,-0.6133952668095579,85.35091349127451,2.740802355896038,86.00936941103558,733.4501717669316,-0.141150524708398,-100,43.98,42.83571428571429,41.832,35.99777777777778,55.305752623542006,2.059999999999995,4.1399999999999935,1.0037142857142882,99.41792782305004,1.4364480642719215,1,Elevated,276.1781948245656,2388.5,1.2162026687865923,1.1357008162187847,-1.370935782354432,543.209228515625,0.5766357317971371,0.4800803797540607,4.717964382003359,104.87999725341795,-0.4933626802019142,0.3269042140668612,0.2101983409238395,High
2024-07-07,115.0,209,669,1142.0,646.4285714285714,4874.0,532.3333333333334,9672.0,9.16,678.16,86.54000091552734,-0.915955410930358,1.3832441718721475,1.2626935210647032,4.416027730935324,-0.7999954223632812,231809,-0.6167008970327275,8.871428571428572,7.732,-0.6169805909372295,83.9117593846955,2.740802355896038,84.52846028172823,765.4292626376242,0.041755022728342,-100,42.97,43.05,41.976666666666674,36.12555555555556,39.20877511364172,-1.009999999999998,-3.069999999999993,1.0733333333333237,99.06976744186046,1.2257712369243028,1,Elevated,289.26601299870407,2388.5,1.2162026687865923,1.1357008162187847,-1.370935782354432,543.209228515625,0.5766357317971371,0.4800803797540607,4.717964382003359,104.87999725341795,-0.4933626802019142,0.3269042140668612,0.2101983409238395,High
2024-07-08,106.0,203,742,1121.0,671.1428571428571,4524.0,535.4,9750.0,9.4,751.4,85.75,-0.912873708307993,1.3751192066002609,1.2591730906256986,4.700852750173112,-0.7900009155273438,382677,-0.6142698668007441,9.061428571428571,7.75,-0.6187578127558501,84.83171433615377,2.7580781899255653,85.4459842029545,839.60406239288,0.0024310302319833,100,40.44,42.944285714285705,41.81,36.223,14.21215515115992,-2.530000000000001,-1.5200000000000031,1.13428571428571,96.16724738675958,0.755507194071471,1,Elevated,318.75242811656113,2355.199951171875,-1.3941824922807156,1.1378008441956575,-1.4230705129272825,543.8360595703125,0.1153940363642913,0.4728450377052817,5.141523527309966,105.01000213623048,0.1239558411680441,0.3240044386324597,0.0667044913242653,High
2024-07-09,219.0,183,713,996.0,697.0,4619.0,543.8666666666667,9955.0,9.41,722.41,84.66000366210938,-1.2711327555575802,1.3921570812526194,1.2666827487640715,4.0560509181436055,-1.089996337890625,416192,-0.6636476635766609,9.165714285714284,7.7906666666666675,-0.6250230533671132,86.10176425514652,3.06889492862456,86.76541191872317,812.2443068473477,-0.0493777967759168,100,43.74,42.79571428571428,41.87133333333333,36.358,32.94688898387958,3.3000000000000043,5.830000000000005,0.9243809523809504,99.1879350348028,1.31464649562695,1,Elevated,307.5446403551945,2360.10009765625,0.2080564956676855,1.0576673452136989,1.074950649089934,544.3648681640625,0.0972367654634487,0.4417187167865932,6.018132578148028,105.12000274658205,0.1047525074886257,0.323201721959277,0.0095158749618295,High
2024-07-10,69.0,138,515,987.0,676.1428571428571,4532.0,545.9,10003.0,9.19,524.19,85.08000183105469,0.496099870986999,1.3858458994944656,1.26762986518801,3.604480011535149,0.4199981689453125,424241,-0.5820114123793637,9.235714285714286,7.825666666666667,-0.6297221646479902,86.36372315304735,2.24239377163498,86.9457345654267,613.3781283370618,0.0816362511972972,100,41.61,42.66571428571428,41.841,36.48122222222223,42.60818125598649,-2.1300000000000026,-5.430000000000007,0.8247142857142791,97.91425260718424,0.9146570928005594,1,Elevated,227.96210442173935,2372.199951171875,0.5126839123324123,1.0607221425215432,1.7020343482047062,549.7515869140625,0.9895419533900718,0.4574177090096961,6.363484137344022,105.0500030517578,-0.0665902711142196,0.3158183311696342,0.3151277952711195,High
2024-07-11,76.0,166,638,866.0,640.7142857142857,4580.0,547.4666666666667,10023.0,8.6,646.6,85.4000015258789,0.3761162293574482,1.3090641778923506,1.2681042411318333,1.4010927191553169,0.3199996948242187,423621,-0.5961521958712453,9.108571428571429,7.858666666666667,-0.6307969653917513,86.28852226259367,1.8252896791653304,86.88467445846491,735.3099641376302,-0.0141407834918816,-100,39.52,42.02571428571429,41.77966666666667,36.571333333333335,17.37070391745941,-2.0899999999999963,0.0400000000000062,0.2460476190476157,95.37037037037037,0.5274848666183635,1,Elevated,276.7470507633592,2415.0,1.804234453633713,1.0956233637081931,2.5390646258450555,545.01123046875,-0.8622724441636809,0.4969915488832541,5.3727018993714015,104.44000244140624,-0.580676432775562,0.3332980997366418,-0.1625066130899966,Moderate
2024-07-12,29.0,115,434,851.0,621.0,4309.0,541.9666666666667,10043.0,8.37,442.37,85.02999877929688,-0.433258477717835,1.3039115698060848,1.2652189611249245,1.710526712053051,-0.3700027465820312,399912,-0.5862448289830767,8.975714285714286,7.868,-0.6317726488193122,86.06981365829716,1.9082227187292249,86.65605848728025,530.9342812060095,0.0099073668881686,-100,39.13,41.62714285714286,41.58866666666666,36.66144444444444,21.74953683444085,-0.3900000000000005,1.6999999999999955,0.0384761904761958,94.85549132947978,0.4435965192041077,1,Elevated,195.04250078494772,2414.0,-0.0414078674948248,1.087474214667019,3.1491667578599225,548.4490356445312,0.6307769424906073,0.4750143238542578,6.785139238090454,104.08999633789062,-0.3351264796379039,0.3261624612481368,-0.9609915802987978,Moderate
2024-07-13,236.0,178,663,850.0,624.8571428571429,4190.0,551.3333333333334,10247.0,8.4,671.4,85.02999877929688,-0.433258477717835,1.3039115698060848,1.2652189611249245,1.710526712053051,-0.3700027465820312,252660,-0.7991570020170713,8.932857142857141,7.866,-0.6417640022132919,84.63634070119468,1.9082227187292249,85.43549770321175,758.7437204219409,-0.2129121730339945,-100,41.99,41.34285714285714,41.525666666666666,36.785222222222224,52.76456086516999,2.8599999999999994,3.25,-0.1828095238095244,98.2678983833718,0.936441244525012,1,Elevated,286.410388628134,2414.0,-0.0414078674948248,1.087474214667019,3.1491667578599225,548.4490356445312,0.6307769424906073,0.4750143238542578,6.785139238090454,104.08999633789062,-0.3351264796379039,0.3261624612481368,-0.9609915802987978,High
2024-07-14,43.0,157,580,778.0,612.1428571428571,4197.0,552.1666666666666,10274.0,8.04,588.04,85.02999877929688,-0.433258477717835,1.3039115698060848,1.2652189611249245,1.710526712053051,-0.3700027465820312,250020,-1.2693777855984123,8.772857142857143,7.850333333333334,-0.6682936907394433,83.35660309204776,1.9082227187292249,84.62598087764617,674.5742035963754,-0.4702207835813412,-100,40.09,40.93142857142857,41.476000000000006,36.89511111111111,54.55110391790672,-1.8999999999999984,-4.759999999999998,-0.5445714285714374,95.50173010380622,0.5783605155035344,1,Elevated,252.90448526302092,2414.0,-0.0414078674948248,1.087474214667019,3.1491667578599225,548.4490356445312,0.6307769424906073,0.4750143238542578,6.785139238090454,104.08999633789062,-0.3351264796379039,0.3261624612481368,-0.9609915802987978,High
2024-07-15,184.0,122,471,856.0,573.4285714285714,4261.0,554.8,10431.0,7.76,478.76,84.8499984741211,-0.2116903537103254,1.240957923339563,1.2614114300175467,3.652574934615172,-0.1800003051757812,382765,-0.6712075859564446,8.538571428571428,7.861333333333333,-0.6747140761204886,84.2731462237102,1.8179057705114052,84.94435380966664,565.522259580178,0.5981701996419679,100,41.33,41.05857142857143,41.45766666666667,37.019888888888886,43.99085099820984,1.2399999999999949,3.139999999999993,-0.399095238095235,96.94700460829492,0.7842854844482494,1,Elevated,209.2200330701379,2422.89990234375,0.3686786389291541,1.0885065478558382,3.414571826989743,549.9573364257812,0.2750120217601459,0.4447605165479349,7.793890400165848,104.19000244140624,0.0960765751119696,0.3208602483994178,-0.5061103639407705,High
2024-07-16,81.0,177,672,718.0,567.5714285714286,4121.0,564.8333333333334,10465.0,7.43,679.43,83.7300033569336,-1.319970698089168,1.2668402468305175,1.2642586141562762,2.585151359162285,-1.1199951171875,415755,-0.6578780235170942,8.255714285714285,7.859333333333334,-0.6739418791865194,85.70261264013502,2.845326080835914,86.36049066365212,768.635816744488,0.0133295624393503,100,40.39,40.58,41.37233333333334,37.114444444444445,33.966647812196754,-0.9399999999999976,-2.1799999999999926,-0.7923333333333389,95.512082853855,0.5978003785625904,1,Elevated,290.1822285650648,2462.39990234375,1.6302778320222977,1.1063941267662514,6.005424506637058,553.2186279296875,0.5930080913369773,0.4321187438706743,7.4544074173481745,104.2699966430664,0.0767772336939254,0.3212461482785227,-0.3821548990889156,High
2024-07-17,244.0,169,623,893.0,583.0,4358.0,573.6333333333333,10703.0,7.95,630.95,85.08000183105469,1.6123234444004098,1.035551194355546,1.275372002583803,8.575805472639807,1.3499984741210938,415018,-0.6036539754540293,8.078571428571427,7.89,-0.6750627796386336,85.99080968430964,3.5054551860199363,86.59446365976366,721.0499188457836,0.0542240480630649,-100,43.01,40.78000000000001,41.43466666666667,37.254666666666665,48.07112024031533,2.619999999999997,3.559999999999995,-0.6546666666666638,98.9655172413793,1.052780597573929,1,Elevated,271.1010748063608,2454.800048828125,-0.3086360387031917,1.0990199955766544,4.610924174082465,545.4618530273438,-1.402117447015827,0.5257389084597156,5.861438662273244,103.75,-0.4987020809508968,0.320843204719562,-0.3744952870502915,High
2024-07-18,134.0,147,561,951.0,572.0,4369.0,575.5666666666667,10827.0,7.96,568.96,85.11000061035156,0.0352594953587859,1.0049918596762613,1.2700019830552496,9.79102721357512,0.029998779296875,420418,-0.5602278191523434,7.987142857142857,7.918333333333334,-0.6748530453681071,85.98198277437916,2.0193540763925597,86.54221059353151,657.5215646699241,0.0434261563016858,100,41.02,40.99428571428571,41.42433333333334,37.38255555555556,32.317130781508425,-1.9899999999999949,-4.609999999999992,-0.4300476190476274,96.21125143513204,0.6713637590817866,1,Elevated,245.70018374926332,2451.800048828125,-0.1222095462085404,1.0823191498698022,5.431092187835951,541.2700805664062,-0.7684813223276632,0.5541324867115293,4.930627954297595,104.16999816894533,0.4048175122364439,0.3297054326185742,0.0576290060916528,High
2024-07-19,34.0,140,515,956.0,583.5714285714286,4381.0,573.8333333333334,10847.0,8.1,523.1,82.62999725341797,-2.913880083596143,1.15199570771899,1.3077392203469893,5.381958161223577,-2.4800033569335938,405836,-0.7807049119878948,7.948571428571428,7.971333333333333,-0.6811263737174785,85.93280092250598,4.60407160743749,86.71350583449387,614.4175774419314,-0.2204770928355514,-100,41.59,41.34571428571429,41.489333333333335,37.51811111111111,32.50238546417776,0.5700000000000003,2.559999999999995,-0.1436190476190475,97.59174311926606,0.7585250514500165,1,Elevated,228.42432980987377,2395.5,-2.296274072391602,1.1537245775567635,1.7586296515160085,537.6755981445312,-0.6640829690999328,0.5388129323597337,3.009516241174781,104.4000015258789,0.2207961610602771,0.3309922131103638,0.1246810079581495,High
2024-07-20,149.0,185,667,869.0,584.1428571428571,4511.0,577.6666666666666,10988.0,7.95,674.95,82.62999725341797,-2.913880083596143,1.15199570771899,1.3077392203469893,5.381958161223577,-2.4800033569335938,251567,-0.8554099004994612,7.884285714285714,8.033,-0.6895303311828277,84.54786031947154,4.60407160743749,85.403270219971,764.9573418274085,-0.0747049885115663,-100,42.9,41.47571428571428,41.68566666666667,37.67311111111111,34.87352494255782,1.3099999999999952,0.7399999999999949,-0.2099523809523873,98.6254295532646,0.9826523428252067,1,Elevated,288.9022826869692,2395.5,-2.296274072391602,1.1537245775567635,1.7586296515160085,537.6755981445312,-0.6640829690999328,0.5388129323597337,3.009516241174781,104.4000015258789,0.2207961610602771,0.3309922131103638,0.1246810079581495,High
2024-07-21,129.0,172,620,955.0,589.8571428571429,4481.0,585.6333333333333,11106.0,8.2,628.2,82.62999725341797,-2.913880083596143,1.15199570771899,1.3077392203469893,5.381958161223577,-2.4800033569335938,235146,-0.7581321643375636,7.9071428571428575,8.103333333333333,-0.6939004126517216,83.21887043097857,4.60407160743749,83.97700259531614,716.7810742027536,0.0972777361618976,-100,41.14,41.62571428571429,41.70966666666666,37.807222222222215,16.98638868080948,-1.759999999999998,-3.069999999999993,-0.0839523809523754,96.05263157894736,0.6346277308637659,1,Elevated,269.91702916203826,2395.5,-2.296274072391602,1.1537245775567635,1.7586296515160085,537.6755981445312,-0.6640829690999328,0.5388129323597337,3.009516241174781,104.4000015258789,0.2207961610602771,0.3309922131103638,0.1246810079581495,High
2024-07-22,78.0,185,687,849.0,620.7142857142857,4487.0,591.3333333333334,11165.0,8.33,695.33,82.4000015258789,-0.2783441064795,1.1098237307480754,1.3075281268152807,3.167645789776996,-0.2299957275390625,382919,-0.5187990520889056,7.988571428571428,8.175333333333333,-0.6834712033379599,84.22717273448905,1.704932416205275,84.74597178657795,781.7809042027832,0.2393331122486579,100,39.83,41.41142857142857,41.723333333333336,37.91633333333333,22.6966655612433,-1.3100000000000025,0.4499999999999957,-0.3119047619047634,94.51428571428572,0.3687665445646828,1,Elevated,295.76316732379775,2392.0,-0.1461072844917588,1.1482173033833092,0.9154938499285504,543.2191162109375,1.031015371636057,0.5644499557847316,4.073507328211101,104.30999755859376,-0.0862106953732566,0.3299453769913449,0.2017282301160383,Moderate
2024-07-23,112.0,165,583,880.0,608.0,4441.0,592.0,11269.0,8.29,591.29,81.01000213623047,-1.686892431927789,1.1552938727631437,1.2908258292702572,1.7457916876398416,-1.3899993896484375,409840,-0.5574704768458415,8.11142857142857,8.241000000000001,-0.6713256492390204,85.61782578809905,3.016765473454917,86.17529626494489,680.4820617383998,-0.0386714247569358,100,40.41,41.41428571428571,41.722,38.04188888888889,17.39335712378469,0.5799999999999983,1.8900000000000008,-0.3077142857142831,94.97716894977168,0.4634264651147453,1,Elevated,254.9577654423709,2404.60009765625,0.5267599354619623,1.023348449013566,4.31199672869349,542.3670654296875,-0.156852134953056,0.5650388854266606,4.03673892300398,104.4499969482422,0.1342147377290325,0.2991483443526012,-0.4194894117328762,High
2024-07-24,142.0,177,650,778.0,611.8571428571429,4359.0,597.6666666666666,11395.0,8.13,658.13,81.70999908447266,0.8640870630580055,1.0699858441307264,1.2818828190011495,0.0980054315159684,0.6999969482421875,419509,-0.6660673511909951,8.137142857142857,8.280333333333333,-0.6687420863967476,85.87059781343042,1.9438734503403288,86.53666516462141,746.6105386149618,-0.1085968743451536,100,39.89,40.96857142857142,41.67066666666667,38.15866666666666,18.142984371725756,-0.519999999999996,-1.0999999999999943,-0.7020952380952465,94.52679589509692,0.3442503567489336,1,Elevated,281.33688241306044,2413.300048828125,0.3618044921629426,1.0240739719328713,4.575989075296594,530.0756225585938,-2.2662590807124183,0.7135638547105899,1.365809419987074,104.38999938964844,-0.0574414172778592,0.2951129417386502,-0.7227790063734973,Moderate
2024-07-25,99.0,185,737,743.0,637.0,4361.0,607.0333333333333,11484.0,8.3,745.3,82.37000274658203,0.8077391622866914,1.0781952915623378,1.284985418827617,0.5493220064637594,0.660003662109375,414839,-0.6183418701955208,8.185714285714285,8.33,-0.6652050648392127,85.75567582828968,1.9408666544954047,86.3740176984852,833.6148843529805,0.0477254809954743,-100,39.8,40.794285714285714,41.65366666666667,38.28122222222222,20.53862740497737,-0.0900000000000034,0.4299999999999926,-0.8593809523809597,94.19134396355354,0.3079831378020773,1,Elevated,316.1711502014952,2351.89990234375,-2.544240054782676,1.1364574151422135,1.92415611457204,527.3138427734375,-0.5210161847899242,0.7199814406466218,0.5954095618099453,104.36000061035156,-0.0287372157029119,0.2945100222700035,-0.8267630132359094,Moderate
2024-07-26,166.0,162,629,875.0,653.2857142857143,4324.0,612.4666666666667,11617.0,8.71,637.71,81.12999725341797,-1.5054090710413637,1.102031021484751,1.2790174139703017,-1.7796625276738751,-1.2400054931640625,404123,-0.5680947023961771,8.272857142857143,8.385666666666667,-0.6603723617420187,85.53524566354572,2.7854063452935023,86.1033403659419,726.5987467112354,0.0502471677993436,-100,41.56,40.79,41.65933333333333,38.41711111111111,27.75123583899672,1.7600000000000051,1.8500000000000083,-0.86933333333333,97.26962457337883,0.6480497249392151,1,Elevated,273.41883061130585,2380.0,1.1947828914082192,1.1350547742043986,1.8835616438356075,533.2194213867188,1.119936200085414,0.7333498145868191,0.8933803446392163,104.31999969482422,-0.0383297386866599,0.2774394260296871,-0.3153385821720089,High
2024-07-27,59.0,215,768,785.0,667.7142857142857,4349.0,619.7,11675.0,8.69,776.69,81.12999725341797,-1.5054090710413637,1.102031021484751,1.2790174139703017,-1.7796625276738751,-1.2400054931640625,254294,-0.6581280015353298,8.37857142857143,8.439333333333332,-0.6617017887902313,84.16169083528861,2.7854063452935023,84.81981883682394,864.2952251821175,-0.0900332991391527,-100,41.07,40.52857142857143,41.70033333333333,38.54922222222222,32.05016649569578,-0.490000000000002,-2.250000000000007,-1.171761904761908,95.79545454545456,0.5299805787063099,1,Elevated,328.75412630548226,2380.0,1.1947828914082192,1.1350547742043986,1.8835616438356075,533.2194213867188,1.119936200085414,0.7333498145868191,0.8933803446392163,104.31999969482422,-0.0383297386866599,0.2774394260296871,-0.3153385821720089,High
2024-07-28,123.0,163,620,779.0,667.7142857142857,4313.0,622.0333333333333,11772.0,8.65,628.65,81.12999725341797,-1.5054090710413637,1.102031021484751,1.2790174139703017,-1.7796625276738751,-1.2400054931640625,232028,-0.7282276248652382,8.442857142857143,8.484,-0.6631637406730404,82.71961007594898,2.7854063452935023,83.44783770081422,714.8832440461077,-0.0700996233299083,-100,40.88,40.49142857142857,41.703,38.67433333333334,23.550498116649536,-0.1899999999999977,0.3000000000000042,-1.2115714285714247,95.57321225879684,0.4727022482262751,1,Elevated,269.2637300782803,2380.0,1.1947828914082192,1.1350547742043986,1.8835616438356075,533.2194213867188,1.119936200085414,0.7333498145868191,0.8933803446392163,104.31999969482422,-0.0383297386866599,0.2774394260296871,-0.3153385821720089,High
2024-07-29,228.0,162,570,929.0,651.0,3956.0,621.9333333333333,11981.0,8.8,578.8,79.77999877929688,-1.663994231263477,1.139311994660253,1.2881762417111111,-3.58912534223943,-1.3499984741210938,384717,-0.680879843369702,8.510000000000002,8.496333333333334,-0.6612876609286956,83.68221277485495,3.162218760147673,84.36309261822464,666.3253113783722,0.0473477814955362,100,41.66,40.75285714285714,41.52733333333334,38.818000000000005,32.73673890747769,0.779999999999994,0.9699999999999918,-0.7744761904762001,97.61904761904762,0.6240433391603055,1,Elevated,249.657506027704,2377.300048828125,-0.1134433265493672,1.09489207551456,3.351886761712608,533.5328979492188,0.0587894119994381,0.7326780245692686,0.7498434824622091,104.55999755859376,0.2300593025993169,0.262613604478652,-0.6083644564774171,High
2024-07-30,31.0,142,547,848.0,645.8571428571429,3913.0,624.3333333333334,11994.0,8.54,555.54,78.62999725341797,-1.4414659607356772,1.1647772192423107,1.2857114020280795,-4.829345631229876,-1.1500015258789062,418975,-0.775584709072927,8.545714285714286,8.51,-0.6654961132692219,85.0961225450548,3.089177743100976,85.87170725412773,644.5008849972287,-0.094704865703225,100,39.57,40.63285714285714,41.464000000000006,38.90866666666666,52.47352432851615,-2.0899999999999963,-2.8699999999999903,-0.831142857142865,93.54473386183464,0.1474300126997824,1,Elevated,240.62601254806597,2405.0,1.1651853196036122,1.0879553652214753,3.156905753588646,530.8296508789062,-0.5066692383362215,0.739086054151921,0.1784113202783155,104.5500030517578,-0.0095586333868635,0.2540574779046703,-0.947418257780286,Moderate
2024-07-31,121.0,194,612,827.0,640.4285714285714,3907.0,625.7666666666667,12093.0,8.53,620.53,80.72000122070312,2.658023706333412,1.213693862549072,1.3178748232323203,-4.1899095303227,2.090003967285156,422125,-0.842935922246136,8.602857142857143,8.525333333333332,-0.6770367786869697,85.29581573168197,4.2907085219147545,86.13875165392811,710.9594601758429,-0.067351213173209,100,41.42,40.85142857142857,41.472,39.04566666666667,28.43675606586604,1.8500000000000012,3.9399999999999977,-0.6205714285714308,96.71945701357464,0.5434157945327309,1,Elevated,267.1560337395515,2426.5,0.8939708939708968,1.08261366112607,4.934271859318229,539.4581298828125,1.625470429095266,0.7837292274793987,1.002911760403724,104.0999984741211,-0.4304204347215012,0.2622667211910242,-1.1583756401805978,High
2024-08-01,40.0,194,715,768.0,637.2857142857143,3603.0,631.8666666666667,12129.0,8.42,723.42,79.5199966430664,-1.4866260647787732,1.2074463350451743,1.3259650190742125,-6.808865654886009,-1.2000045776367188,416173,-0.7928261374879063,8.620000000000001,8.516666666666667,-0.6794810861745606,85.29782682729555,3.3749589653125485,86.09065296478346,812.8856119300959,0.0501097847582296,-100,38.73,40.69857142857143,41.27033333333334,39.15,27.55054892379114,-2.690000000000005,-4.540000000000006,-0.5717619047619138,92.42937853107344,-0.0989338108583074,1,Elevated,307.9361141790817,2435.0,0.3502987842571636,1.0770751960282872,4.48850420698399,531.8190307617188,-1.416068958447847,0.8259064800945123,-0.6796800757236654,104.41999816894533,0.3073964452591005,0.2697129609774483,-0.7980276935563801,Moderate
2024-08-02,115.0,190,686,717.0,645.4285714285714,3640.0,632.7,12229.0,8.44,694.44,76.80999755859375,-3.407946678665952,1.3319126339630034,1.360479220652611,-10.383854417157778,-2.709999084472656,391478,-0.7612338782229832,8.581428571428571,8.508,-0.6845256850732614,85.14780065957676,5.778244754344732,85.90903453779974,786.1272792921445,0.0315922592649231,-100,40.67,40.57142857142857,41.208666666666666,39.27722222222223,25.35796129632461,1.9400000000000048,4.63000000000001,-0.6372380952380965,95.14672686230249,0.3385565895837084,1,Elevated,297.26910480929786,2425.699951171875,-0.381932190066736,1.0689638346964407,3.0546308459610483,521.9173583984375,-1.86184995093146,0.891108646159001,-2.263404259307389,103.20999908447266,-1.158780986104735,0.3324022424282713,-2.25399880288083,High
2024-08-03,27.0,214,754,685.0,643.4285714285714,3470.0,628.3,12239.0,8.36,762.36,76.80999755859375,-3.407946678665952,1.3319126339630034,1.360479220652611,-10.383854417157778,-2.709999084472656,248108,-0.9770180401178306,8.534285714285714,8.470333333333334,-0.6978714985871123,84.07576149313755,5.778244754344732,85.05277953325538,853.1910242876002,-0.2157841618948474,-100,39.71,40.37714285714286,41.065666666666665,39.39655555555556,29.47892080947424,-0.9600000000000009,-2.9000000000000057,-0.688523809523808,93.46110484780158,0.0790610958675022,1,Elevated,324.2658538083889,2425.699951171875,-0.381932190066736,1.0689638346964407,3.0546308459610483,521.9173583984375,-1.86184995093146,0.891108646159001,-2.263404259307389,103.20999908447266,-1.158780986104735,0.3324022424282713,-2.25399880288083,Moderate
2024-08-04,150.0,142,516,712.0,628.5714285714286,3576.0,626.4333333333333,12374.0,8.28,524.28,76.80999755859375,-3.407946678665952,1.3319126339630034,1.360479220652611,-10.383854417157778,-2.709999084472656,224759,-1.0154866089196937,8.481428571428571,8.436333333333334,-0.7144775390493463,82.79861404993652,5.778244754344732,83.8141006588562,613.872345413201,-0.0384685688018631,-100,41.31,40.43857142857143,41.04533333333333,39.53644444444445,35.59234284400932,1.6000000000000014,2.5600000000000023,-0.6067619047619033,96.11486486486488,0.4664262831868006,1,Elevated,228.78611803350915,2425.699951171875,-0.381932190066736,1.0689638346964407,3.0546308459610483,521.9173583984375,-1.86184995093146,0.891108646159001,-2.263404259307389,103.20999908447266,-1.158780986104735,0.3324022424282713,-2.25399880288083,High
2024-08-05,113.0,219,769,597.0,657.0,3452.0,630.8666666666667,12440.0,8.36,777.36,76.30000305175781,-0.6639689142639238,1.3326549038296054,1.3608364138429436,-10.488027963468047,-0.5099945068359375,376774,-1.0208093133324494,8.418571428571427,8.424999999999999,-0.7265559855017257,83.79537407317446,3.045426614440334,84.8161833865069,865.2216100009473,-0.0053227044127557,100,38.13,39.934285714285714,40.85033333333333,39.63077777777778,18.22661352206378,-3.18,-4.780000000000001,-0.9160476190476174,91.11361079865016,-0.4104211126827204,1,Elevated,329.1254073230775,2401.699951171875,-0.9894051400877292,1.0414365456148391,3.68244052945339,506.7171325683594,-2.912381737354308,1.031108997196978,-4.982465589556428,102.69000244140624,-0.5038239004738432,0.3371308460175908,-2.9395089987191536,Moderate
2024-08-06,129.0,207,789,695.0,691.5714285714286,3466.0,634.8666666666667,12522.0,8.93,797.93,76.4800033569336,0.2359112686452613,1.316307728754211,1.3613573035638336,-11.08010526985268,0.1800003051757812,398169,-0.7959480892697111,8.474285714285715,8.417333333333334,-0.7325308919096252,85.0971867824223,2.6602295243847403,85.89313487169201,886.4833643960767,0.2248612240627383,100,38.11,39.72571428571429,40.688333333333325,39.72877777777777,20.024306120313696,-0.0200000000000031,3.1599999999999966,-0.962619047619036,91.01123595505618,-0.46371921517617,1,Elevated,337.4147187840923,2389.10009765625,-0.5246222996955541,1.0442339909860034,2.53648487795064,511.3888854980469,0.9219646681390304,1.049409180925693,-3.793717756019932,102.97000122070312,0.2726641081313152,0.3412602516967879,-2.370342249990665,Moderate
2024-08-07,50.0,207,799,624.0,718.2857142857143,3410.0,636.7666666666667,12534.0,8.96,807.96,78.33000183105469,2.418930953084719,1.4026754055599155,1.3754542181419982,-7.857899232223198,1.8499984741210935,408542,-0.8016304312350344,8.535714285714286,8.402666666666667,-0.7387762440574348,85.2995875141168,4.607396281866954,86.10121794535183,898.6686142272188,-0.0056823419653233,100,39.32,39.425714285714285,40.651,39.841,26.12841170982663,1.2100000000000009,1.230000000000004,-1.225285714285718,92.81705948372615,-0.1575579699024286,1,Elevated,342.2472021018172,2390.5,0.0585953826347962,1.0367231222989362,3.190015506712452,507.97076416015625,-0.6683996142312854,1.049430847681056,-4.803348047995737,103.1999969482422,0.223361877063688,0.3435956083152762,-2.281984327413356,Moderate
2024-08-08,155.0,184,727,739.0,720.0,3346.0,637.2333333333333,12660.0,9.17,736.17,79.16000366210938,1.0596218711252714,1.4201637592515093,1.3809958426316766,-7.143690718933282,0.8300018310546875,413214,-0.7608532524276067,8.642857142857142,8.394666666666666,-0.7420164303524663,85.27628384587838,3.194154702270109,86.03713709830599,825.401291800576,0.0407771788074277,100,40.11,39.62285714285714,40.53,39.95455555555556,33.30388589403713,0.7899999999999991,-0.4200000000000017,-0.9071428571428584,93.94618834080718,0.049630716219479,1,Elevated,312.9530893005693,2422.199951171875,1.326080366947302,1.0465512346894048,5.349686961210498,519.7136840820312,2.3117314519645493,1.1416956590635965,-2.724061106047704,103.20999908447266,0.0096919927579985,0.3312743685682362,-2.6779857478166136,High
2024-08-09,88.0,172,667,712.0,717.2857142857143,3365.0,642.3,12660.0,9.05,676.05,79.66000366210938,0.631632108222524,1.3988765229364115,1.36965365916336,-7.790248611051009,0.5,383962,-0.7597192405268508,8.73,8.389999999999999,-0.7479400246240491,84.96108960377816,2.8095334922640367,85.72080884430501,764.580342336569,0.0011340119007559,-100,38.52,39.315714285714286,40.427,40.02933333333333,24.605670059503773,-1.5899999999999963,-2.3799999999999955,-1.1112857142857138,91.6013437849944,-0.5009440527120242,1,Elevated,288.68797516576666,2432.10009765625,0.4087254018639186,1.0330894914563429,4.628956664067552,522.00537109375,0.4409518321162764,1.144945006894743,-2.448890391452907,103.13999938964844,-0.0678225902966289,0.3312003451881969,-2.6154321373628053,Moderate
2024-08-10,192.0,225,820,877.0,726.7142857142857,3481.0,648.3666666666667,12789.0,9.46,829.46,79.66000366210938,0.631632108222524,1.3988765229364115,1.36965365916336,-7.790248611051009,0.5,254472,-0.8753061884300463,8.887142857142857,8.418666666666667,-0.7572451577093425,83.63745220322176,2.8095334922640367,84.5127583916518,916.7822918839158,-0.1155869479031954,-100,40.72,39.46,40.467,40.13855555555556,35.47793473951598,2.199999999999996,3.789999999999992,-1.006999999999998,95.07829977628636,0.2038860938166204,1,Elevated,349.81036507523606,2432.10009765625,0.4087254018639186,1.0330894914563429,4.628956664067552,522.00537109375,0.4409518321162764,1.144945006894743,-2.448890391452907,103.13999938964844,-0.0678225902966289,0.3312003451881969,-2.6154321373628053,High
2024-08-11,32.0,192,729,759.0,757.1428571428571,3484.0,658.2,12714.0,9.52,738.52,79.66000366210938,0.631632108222524,1.3988765229364115,1.36965365916336,-7.790248611051009,0.5,225473,-0.8227940144165137,9.064285714285717,8.456999999999999,-0.7651301305571238,82.2724190991794,2.8095334922640367,83.09521311359592,824.4247466058599,0.0525121740135325,-100,39.0,39.13,40.46266666666667,40.21977777777777,42.86256087006765,-1.7199999999999989,-3.9199999999999946,-1.3326666666666682,91.84357541899442,-0.4502676223748497,1,Elevated,313.1508560196248,2432.10009765625,0.4087254018639186,1.0330894914563429,4.628956664067552,522.00537109375,0.4409518321162764,1.144945006894743,-2.448890391452907,103.13999938964844,-0.0678225902966289,0.3312003451881969,-2.6154321373628053,Moderate
2024-08-12,78.0,200,751,724.0,754.5714285714286,3326.0,661.1333333333333,12694.0,9.38,760.38,82.30000305175781,3.3140839421077706,1.543450629245488,1.4152392205617552,-4.756394440651768,2.639999389648437,363098,-0.7616677540271216,9.21,8.489666666666666,-0.7638804889574587,83.13662679323997,5.333174015418435,83.89829454726708,849.6114685626856,0.061126260389392,100,39.98,39.39428571428572,40.39566666666667,40.31455555555556,20.905631301946947,0.9799999999999968,2.699999999999996,-1.0013809523809556,93.63839285714286,-0.1315667075774488,1,Elevated,323.06492851562075,2462.39990234375,1.2458288504120008,1.0520443177425898,5.786826223202035,522.27978515625,0.052569202865671,1.143578562017402,-2.012026699074987,103.13999938964844,0.0,0.3314686399582279,-2.578637277896667,Moderate
2024-08-13,159.0,202,772,754.0,752.1428571428571,3442.0,667.5333333333333,12660.0,9.41,781.41,80.69000244140625,-1.9562582632458023,1.576217611614732,1.419306254817804,-6.824475908600558,-1.6100006103515625,395651,-0.8247106676706302,9.278571428571428,8.535333333333334,-0.7490582516931994,84.27622938196605,4.21492346572059,85.10094004963668,870.7258635153573,-0.0630429136435085,100,41.21,39.83714285714286,40.433,40.39066666666667,26.81521456821753,1.230000000000004,0.2500000000000071,-0.5958571428571418,95.8751393534002,0.3325327176224087,1,Elevated,331.2701573962156,2466.699951171875,0.1746283706408613,1.0513938885377327,5.976106190049135,530.868896484375,1.644542173033825,1.1846018345657072,-0.6051394686831135,102.55999755859376,-0.5623442257969402,0.3417939142375371,-3.153922492124761,High
2024-08-14,153.0,183,684,857.0,735.7142857142857,3411.0,674.6333333333333,12697.0,9.47,693.47,79.76000213623047,-1.1525595204326722,1.5850350919498597,1.4215000377990985,-7.513909888744774,-0.9300003051757812,403773,-0.7807154147957377,9.351428571428572,8.592333333333332,-0.7527085126545091,84.44062275414613,3.488985601257009,85.22133816894187,782.1803237701989,0.0439952528748924,100,38.68,39.74571428571429,40.34466666666666,40.446444444444445,12.019976264374469,-2.530000000000001,-3.760000000000005,-0.5989523809523689,91.42538975501114,-0.7470183964003616,1,Elevated,295.8278618742912,2439.39990234375,-1.1067438021862053,1.0760335272349322,5.010757741874738,532.543701171875,0.3154836718804343,1.1792452250447532,-0.9580799307664312,102.56999969482422,0.0097524731557774,0.3422124259541585,-2.9795700808808223,Moderate
2024-08-15,45.0,198,756,747.0,739.8571428571429,3375.0,677.4333333333333,12619.0,9.31,765.31,81.04000091552734,1.604812869877592,1.597043664410605,1.4311137462461367,-7.2131848941126675,1.279998779296875,379302,-0.740692437182808,9.37142857142857,8.655,-0.755468993110033,84.15536801328167,3.923175023699464,84.89606045046447,854.1292354741639,0.0400229776129297,-100,40.18,39.75571428571429,40.33766666666666,40.53088888888889,33.40011488806465,1.5,4.030000000000001,-0.5819523809523801,93.77085650723026,-0.1586788754483867,1,Elevated,324.6724820995727,2453.10009765625,0.5616215405820579,1.0454112141936116,3.9537268792946056,541.671630859375,1.7140245330878434,1.2187804581314383,0.2919454296877566,102.9800033569336,0.3997305872372569,0.3517771918416161,-2.29601340978266,High
2024-08-16,161.0,196,770,820.0,754.5714285714286,3292.0,682.3333333333334,12487.0,9.6,779.6,79.68000030517578,-1.6781843472202906,1.6141902388385616,1.4371745390941455,-7.92697080861795,-1.3600006103515625,379116,-0.7459851339592363,9.45,8.71,-0.7602133650602065,83.87442499881055,4.085071666920648,84.62041013276979,868.3054817996904,-0.0052926967764282,-100,40.83,40.08571428571429,40.26499999999999,40.57366666666667,36.12646348388213,0.6499999999999986,-0.8500000000000014,-0.1792857142857045,95.11111111111111,0.1176460728268857,1,Elevated,330.3981106933222,2498.60009765625,1.8547958986048665,1.0742955705171229,4.60959169588655,542.8860473632812,0.2241979152534767,1.214891667561324,-0.0594947831109027,102.45999908447266,-0.5049565503106201,0.3522566543343602,-2.307397246681797,High
2024-08-17,269.0,214,775,897.0,748.1428571428571,3427.0,689.4666666666667,12212.0,9.69,784.69,79.68000030517578,-1.6781843472202906,1.6141902388385616,1.4371745390941455,-7.92697080861795,-1.3600006103515625,247702,-0.8342686350484388,9.482857142857142,8.767666666666665,-0.7693480589234096,82.52287484318148,4.085071666920648,83.35714347822993,872.1322151451506,-0.0882835010892025,-100,42.16,40.29142857142857,40.303,40.583666666666666,32.94141750544601,1.3299999999999983,0.6799999999999997,-0.011571428571429,98.1132075471698,0.7217326350137035,1,Elevated,332.1814573624143,2498.60009765625,1.8547958986048665,1.0742955705171229,4.60959169588655,542.8860473632812,0.2241979152534767,1.214891667561324,-0.0594947831109027,102.45999908447266,-0.5049565503106201,0.3522566543343602,-2.307397246681797,High
2024-08-18,314.0,211,798,1179.0,758.0,3707.0,698.9,12223.0,10.36,808.36,79.68000030517578,-1.6781843472202906,1.6141902388385616,1.4371745390941455,-7.92697080861795,-1.3600006103515625,224721,-0.8554683918656164,9.602857142857143,8.843,-0.7718401749193338,81.10560020483439,4.085071666920648,81.9610685967,894.4061402636206,-0.0211997568171775,-100,42.52,40.794285714285714,40.334,40.620777777777775,25.805998784085887,0.3600000000000065,-0.9699999999999918,0.4602857142857175,98.33702882483372,0.8678789392470962,1,Elevated,341.3702423861083,2498.60009765625,1.8547958986048665,1.0742955705171229,4.60959169588655,542.8860473632812,0.2241979152534767,1.214891667561324,-0.0594947831109027,102.45999908447266,-0.5049565503106201,0.3522566543343602,-2.307397246681797,High
2024-08-19,196.0,218,784,1297.0,762.7142857142857,3754.0,702.8,12392.0,10.67,794.67,77.66000366210938,-2.5351363395203164,1.6631650345128386,1.4526935722042298,-9.434398061680028,-2.0199966430664062,365048,-0.7474639731332072,9.787142857142856,8.933666666666666,-0.7682419773404587,81.9936202099928,5.141741180201159,82.741084183126,882.5528253633271,0.1080044187324091,100,43.15,41.24714285714286,40.342333333333336,40.69233333333333,37.24002209366205,0.6299999999999955,0.2699999999999889,0.9048095238095256,99.0033222591362,1.1356048558518093,1,Elevated,336.4729133087057,2501.800048828125,0.1280697609383985,1.033739671447287,6.224528731979051,548.0767822265625,0.9561370914747068,1.22715697836602,0.7797796011541847,101.88999938964844,-0.5563143665014869,0.3606575854832007,-2.971148160281367,High
2024-08-20,166.0,202,789,1304.0,765.1428571428571,3791.0,708.4333333333333,12508.0,10.7,799.7,77.19999694824219,-0.5923341387783498,1.6543223383719448,1.451738667160159,-8.81172500729055,-0.4600067138671875,400129,-0.6794306162117847,9.971428571428572,9.017,-0.7656185924029326,83.2846575158947,3.127828977879349,83.96408813210648,886.7919171099859,0.0680333569214225,100,40.48,41.142857142857146,40.32033333333334,40.747,16.640166784607107,-2.6700000000000017,-3.299999999999997,0.8225238095238083,94.13716814159292,-0.12750120317599,1,Elevated,337.9239492175731,2511.300048828125,0.3797265894390778,1.0342226521668632,6.40650586481597,547.1856079101562,-0.1626002679379845,1.2276062873054523,0.5181707915147049,101.44000244140624,-0.4416497702795174,0.3637518606212603,-3.5007612338513128,High
2024-08-21,240.0,226,839,1391.0,787.2857142857143,3953.0,713.5,12711.0,11.11,850.11,76.05000305175781,-1.4896294584770151,1.661339448381446,1.454911671919186,-10.613538534270306,-1.149993896484375,407086,-0.7120235945132483,10.205714285714285,9.109666666666666,-0.772059410483744,83.47377093104492,4.212322760285492,84.18579452555818,938.5081172858436,-0.0325929783014635,100,43.29,41.80142857142857,40.43566666666666,40.841,29.06296489150732,2.8100000000000023,5.480000000000004,1.3657619047619107,99.00552486187846,1.2160787600960727,1,Elevated,358.56608800922584,2508.39990234375,-0.1154838700269333,1.034292214682477,5.741503835062112,549.0660400390625,0.3436552609795695,1.2157046288208524,-0.1247012089311438,101.04000091552734,-0.3943232612893088,0.3670587404690026,-3.817231813172584,High
2024-08-22,235.0,205,787,1581.0,791.7142857142857,4076.0,720.3,12861.0,11.54,798.54,77.22000122070312,1.538459069027298,1.6923619712715627,1.4659773055895997,-9.578454518758972,1.1699981689453125,408117,-0.6185488463489047,10.524285714285714,9.218,-0.7740953561338463,83.46028798263164,4.188666492174758,84.07883682898054,886.8075033211553,0.0934747481643435,100,42.32,42.10714285714285,40.49933333333333,40.90888888888889,15.767373740821714,-0.9699999999999988,-3.780000000000001,1.6078095238095216,97.9028697571744,0.7206170889314015,1,Elevated,337.907233962666,2478.89990234375,-1.1760485229024398,1.0170269728375716,2.645958689182204,544.7567138671875,-0.7848466045301983,1.2138851778695634,-0.0466993315612174,101.51000213623048,0.4651635158792855,0.3723079175008207,-2.8054387559207417,High
2024-08-23,70.0,169,653,1490.0,775.0,4004.0,720.4,12748.0,11.19,664.19,79.0199966430664,2.3309963661081845,1.7599528753323612,1.48931254765673,-7.068096227814824,1.7999954223632812,387603,-0.6708146638214386,10.751428571428573,9.32,-0.7742535998881943,83.21061476610565,4.797758864222028,83.88142942992708,752.8691882941491,-0.0522658174725338,-100,42.6,42.36,40.589666666666666,40.95511111111111,46.76132908736267,0.2800000000000011,1.25,1.770333333333333,98.23594266813672,0.844251847429183,1,Elevated,284.3713894316743,2508.39990234375,1.1900440179980043,1.036124358409191,3.910517909848799,550.544921875,1.0625308253151111,1.2240697060524706,0.3821478559089319,100.72000122070312,-0.7782493339593577,0.3905421936101648,-3.237578283938092,High
2024-08-24,97.0,215,779,1318.0,775.5714285714286,4002.0,721.8,12511.0,10.85,789.85,79.0199966430664,2.3309963661081845,1.7599528753323612,1.48931254765673,-7.068096227814824,1.7999954223632812,249463,-0.9285407856961102,10.917142857142856,9.405,-0.784593563738214,81.91650212722269,4.797758864222028,82.8450429129188,877.4928017771408,-0.2577261218746716,-100,41.31,42.23857142857143,40.64,40.96422222222223,20.08863060937336,-1.2899999999999991,-1.5700000000000005,1.5985714285714252,95.48458149779736,0.1774988055521145,1,Elevated,334.42811212827263,2508.39990234375,1.1900440179980043,1.036124358409191,3.910517909848799,550.544921875,1.0625308253151111,1.2240697060524706,0.3821478559089319,100.72000122070312,-0.7782493339593577,0.3905421936101648,-3.237578283938092,High
2024-08-25,145.0,186,763,1149.0,770.5714285714286,3981.0,726.2666666666667,12627.0,10.41,773.41,79.0199966430664,2.3309963661081845,1.7599528753323612,1.48931254765673,-7.068096227814824,1.7999954223632812,228226,-1.1574893717655863,10.924285714285714,9.461666666666666,-0.8042400527171943,80.54005977257872,4.797758864222028,81.69754914434431,859.9053080085663,-0.2289485860694763,-100,42.01,42.16571428571429,40.655,41.017,25.144742930347377,0.6999999999999957,1.9899999999999949,1.510714285714286,97.46974697469749,0.5197438838789071,1,Elevated,327.6226133745577,2508.39990234375,1.1900440179980043,1.036124358409191,3.910517909848799,550.544921875,1.0625308253151111,1.2240697060524706,0.3821478559089319,100.72000122070312,-0.7782493339593577,0.3905421936101648,-3.237578283938092,High
2024-08-26,84.0,207,762,1037.0,767.4285714285714,4006.0,726.0666666666667,12444.0,10.14,772.14,81.43000030517578,3.0498655587083423,1.8590151417578904,1.494282713643834,-4.030640224452564,2.410003662109375,364476,-0.868248828450561,10.848571428571429,9.509999999999998,-0.8112440802810353,81.40226419630045,5.311944722911489,82.27051302475101,859.7224577476625,0.2892405433150256,100,42.43,42.06285714285714,40.70033333333334,41.02811111111112,26.346202716575124,0.4200000000000017,-0.279999999999994,1.3625238095238004,97.8021978021978,0.7317184639093424,1,Elevated,327.4348804941148,2517.699951171875,0.3707562266860087,1.03614071238866,3.912668812129705,549.232421875,-0.2384001646096423,1.223970152674128,-0.1318128703387322,100.8499984741211,0.1290679625123525,0.3911852183358293,-3.2056856598726813,High
2024-08-27,136.0,183,685,1007.0,752.5714285714286,4019.0,728.2333333333333,12536.0,9.95,694.95,79.55000305175781,-2.308728044175723,1.8895308570519056,1.512818111128004,-4.992237116433418,-1.8799972534179688,399834,-0.7609136672466051,10.741428571428573,9.553333333333336,-0.8123336150270809,82.71539225285277,4.697482612870971,83.47630592009938,783.1237885329704,0.1073351612039558,100,41.8,42.25142857142857,40.731,41.06744444444445,22.83667580601979,-0.6300000000000026,-1.0500000000000045,1.5204285714285677,96.81668496158068,0.3866467243058068,1,Elevated,296.5542542291683,2516.0,-0.0675200065473946,0.9971873123921748,2.17674219387487,549.9866943359375,0.1373321076644673,1.219212256587678,-0.5842054895810134,100.5500030517578,-0.2974669577612943,0.3910631961657356,-3.567654849019275,High
2024-08-28,77.0,200,750,844.0,739.8571428571429,3868.0,734.2333333333333,12590.0,9.48,759.48,78.6500015258789,-1.1313657967974344,1.867393777444775,1.5164457241770346,-7.557593049826183,-0.9000015258789062,411785,-0.7252269478799812,10.508571428571427,9.576,-0.8138118518440902,82.92720679008482,3.754518879224828,83.6524337379648,846.8869526171896,0.0356867193666239,100,40.44,41.84428571428571,40.69033333333333,41.10522222222222,26.67843359683311,-1.3599999999999994,-0.7299999999999969,1.1539523809523828,93.03728070175438,-0.3602178261150155,1,Elevated,322.02429429928293,2501.0,-0.59618441971383,1.0023866143157116,1.8820250225239252,546.7938232421875,-0.5805360614414723,1.1959228881486204,0.2441912679046698,101.08999633789062,0.5370395522065197,0.4020675178724504,-2.56385895143072,High
2024-08-29,128.0,187,710,737.0,728.8571428571429,3965.0,739.6666666666666,12685.0,9.16,719.16,79.94000244140625,1.640179136046016,1.898424076995604,1.5273285388671316,-6.074489639137082,1.2900009155273438,413741,-0.6827898865596963,10.168571428571427,9.596666666666668,-0.8107186910936492,82.88624930198549,4.146052176955328,83.56903918854518,806.8750913655005,0.0424370613202849,100,41.0,41.65571428571428,40.73799999999999,41.15933333333333,23.61218530660143,0.5600000000000023,1.9200000000000017,0.9177142857142896,94.1949616648412,-0.0900688087342701,1,Elevated,306.0362287084912,2525.699951171875,0.9876030056727324,1.015553769238566,3.014108037850449,546.8427734375,0.0089522217025628,1.1867466984375876,1.0295586383164412,101.33999633789062,0.2473043911925598,0.3964293337902173,-2.7167148706913946,High
2024-08-30,128.0,180,695,795.0,734.8571428571429,3972.0,742.4333333333333,12757.0,9.34,704.34,78.80000305175781,-1.4260687450992071,1.8434859155571008,1.522766905213275,-4.635113553149406,-1.1399993896484375,394404,-0.6541751698381726,9.904285714285717,9.623666666666669,-0.8044266660133838,82.6693248603345,3.733066015971248,83.32350003017267,791.396566046144,0.0286147167215237,-100,39.79,41.25428571428571,40.68366666666667,41.19477777777778,11.943073583607616,-1.2100000000000009,-1.7700000000000031,0.57061904761904,91.46608315098467,-0.8226964112893355,1,Elevated,299.89392641242307,2493.800048828125,-1.2630123514453473,0.9465156811206392,4.103529485624091,552.06298828125,0.9546098252218416,1.1903772124772287,2.6758495617744904,101.6999969482422,0.3552404019743882,0.4008113797356671,-2.5862112434619444,Moderate
2024-08-31,120.0,205,736,818.0,728.7142857142857,4052.0,743.1333333333333,12491.0,9.32,745.32,78.80000305175781,-1.4260687450992071,1.8434859155571008,1.522766905213275,-4.635113553149406,-1.1399993896484375,256558,-0.709395830313424,9.685714285714283,9.653666666666664,-0.8016456557742343,81.42029362934991,3.733066015971248,82.12968945966334,831.1827554756347,-0.0552206604752514,-100,39.95,41.06,40.72433333333333,41.16977777777778,12.076103302376254,0.1600000000000037,1.3700000000000043,0.3356666666666683,91.91256830601094,-0.7136891516134866,1,Elevated,316.0471642983212,2493.800048828125,-1.2630123514453473,0.9465156811206392,4.103529485624091,552.06298828125,0.9546098252218416,1.1903772124772287,2.6758495617744904,101.6999969482422,0.3552404019743882,0.4008113797356671,-2.5862112434619444,Moderate
2024-09-01,102.0,209,653,775.0,713.0,4039.0,742.0333333333333,12548.0,9.23,662.23,78.80000305175781,-1.4260687450992071,1.8434859155571008,1.522766905213275,-4.635113553149406,-1.1399993896484375,235677,-0.7974442390471208,9.517142857142858,9.68,-0.8028526678017055,80.20110799630396,3.733066015971248,80.99855223535108,746.9616182513224,-0.0880484087336967,-100,39.92,40.76142857142857,40.699333333333335,41.16377777777778,14.940242043668482,-0.0300000000000011,-0.1900000000000048,0.0620952380952317,91.8122270742358,-0.7262594946615546,1,Elevated,282.5849368534587,2493.800048828125,-1.2630123514453473,0.9465156811206392,4.103529485624091,552.06298828125,0.9546098252218416,1.1903772124772287,2.6758495617744904,101.6999969482422,0.3552404019743882,0.4008113797356671,-2.5862112434619444,Moderate
2024-09-02,195.0,208,694,886.0,703.2857142857143,4207.0,740.0333333333333,12405.0,9.4,703.4,78.80000305175781,-1.4260687450992071,1.8434859155571008,1.522766905213275,-4.635113553149406,-1.1399993896484375,355802,-0.6645883886533254,9.411428571428573,9.714666666666668,-0.792438346086222,81.04384313642021,3.733066015971248,81.70843152507354,788.8414975410449,0.1328558503937954,100,42.79,40.81285714285714,40.802,41.16433333333333,30.96427925196898,2.869999999999997,2.8999999999999986,0.0108571428571409,98.36423118865866,0.9489588749591144,1,Elevated,299.1949127114032,2493.800048828125,-1.2630123514453473,0.9465156811206392,4.103529485624091,552.06298828125,0.9546098252218416,1.1903772124772287,2.6758495617744904,101.6999969482422,0.3552404019743882,0.4008113797356671,-2.5862112434619444,High
2024-09-03,112.0,191,698,862.0,705.1428571428571,4169.0,746.1,12426.0,9.39,707.39,73.75,-6.4086330662206255,2.1699995427711465,1.6607166242273077,-10.497574472935234,-5.0500030517578125,404303,-0.7535864645545473,9.331428571428573,9.751666666666669,-0.7837083412740504,82.44882426811769,9.628390056285294,83.20241073267223,800.2208007889575,-0.0889980759012218,100,44.81,41.24285714285714,40.91866666666667,41.21122222222223,27.14499037950611,2.020000000000003,-0.8499999999999943,0.3241904761904735,99.67320261437908,2.05121450627166,1,Elevated,303.44783816904857,2489.89990234375,-0.1563937127279979,0.9466241881251114,4.092805281929346,540.7020263671875,-2.057910447761191,1.2392069246494588,-0.463365476036115,101.83000183105467,0.1278317470143619,0.4027176890528099,-2.37752448047559,High
2024-09-04,84.0,176,653,869.0,691.2857142857143,4140.0,742.2333333333333,12415.0,9.26,662.26,72.69999694824219,-1.4237329515360164,2.164918290058711,1.659902021166272,-10.257998974020222,-1.0500030517578125,427481,-0.7049647438661695,9.3,9.781666666666666,-0.7731801889585078,82.84562047542612,4.614451138996749,83.55058521929229,750.425036358289,0.0486217206883777,100,40.84,41.3,41.009,41.23044444444445,17.143108603441895,-3.969999999999999,-5.990000000000002,0.2910000000000039,93.79760609357996,-0.2243154602309792,1,Elevated,283.4598974994572,2493.39990234375,0.1405678998061432,0.943778784965793,3.6929136272618734,539.5952758789062,-0.204687690134464,1.2394357749752312,-0.5110541785175116,101.36000061035156,-0.4615547601412251,0.4064928258772223,-2.958349859427767,High
2024-09-05,30.0,178,684,771.0,687.5714285714286,4041.0,738.7333333333333,12381.0,9.02,693.02,72.69000244140625,-0.0137476028273519,2.1540259808873468,1.658058549351488,-11.039036524454538,-0.0099945068359375,429563,-0.5952612426605148,9.28,9.784666666666665,-0.766490627404868,83.09128715127446,3.2716772361601523,83.68654839393497,779.978225630095,0.1097035012056546,100,39.86,41.137142857142855,41.06733333333333,41.24411111111111,23.74851750602828,-0.980000000000004,2.989999999999995,0.0698095238095248,91.30434782608695,-0.8025166670435173,1,Elevated,295.25398057325106,2511.39990234375,0.7219058596689809,0.9491654748335344,4.06496712098694,538.282958984375,-0.2432039258300933,1.1652373808224192,1.5483331201245676,101.11000061035156,-0.2466456180885923,0.4072887954736782,-3.1420622650392804,Moderate
2024-09-06,105.0,154,584,748.0,671.7142857142857,4096.0,731.5666666666667,12030.0,8.82,592.82,71.05999755859375,-2.242405871600306,2.1686240182966223,1.6684157365601606,-13.73073304705892,-1.6300048828125,410537,-0.65726402660064,9.205714285714285,9.78,-0.7616784139170549,83.10689857442274,5.784103194602821,83.76416260102339,682.3682657956263,-0.0620027839401251,-100,42.31,41.49714285714286,41.167,41.20933333333333,27.31001391970062,2.450000000000003,3.430000000000007,0.3301428571428602,97.3941368078176,0.6591452278912923,1,Elevated,256.19447379804586,2493.5,-0.7127459998324093,0.8209907709307835,6.020668546103547,529.2235717773438,-1.6830157923119815,1.2038156815353225,0.3621617429692136,101.18000030517578,0.0692312277733808,0.4083174140354257,-3.04714477441308,High
2024-09-07,55.0,219,744,683.0,672.8571428571429,3996.0,732.1333333333333,11961.0,8.74,752.74,71.05999755859375,-2.242405871600306,2.1686240182966223,1.6684157365601606,-13.73073304705892,-1.6300048828125,262433,-0.7169249894627888,9.122857142857145,9.765666666666666,-0.7602141384848942,81.92699582067725,5.784103194602821,82.64392081014003,841.1680240047428,-0.0596609628621488,-100,41.01,41.64857142857143,41.197,41.199444444444445,21.098304814310744,-1.3000000000000045,-3.750000000000007,0.4515714285714267,93.92624728850323,-0.1135528022252757,1,Elevated,319.93842543986915,2493.5,-0.7127459998324093,0.8209907709307835,6.020668546103547,529.2235717773438,-1.6830157923119815,1.2038156815353225,0.3621617429692136,101.18000030517578,0.0692312277733808,0.4083174140354257,-3.04714477441308,High
2024-09-08,41.0,151,574,622.0,661.5714285714286,3949.0,729.0333333333333,11846.0,8.38,582.38,71.05999755859375,-2.242405871600306,2.1686240182966223,1.6684157365601606,-13.73073304705892,-1.6300048828125,241981,-0.7538688884309365,9.001428571428573,9.743333333333334,-0.7600191267483638,80.81595548482898,5.784103194602821,81.5698243732599,669.7339275678628,-0.0369438989681476,-100,39.95,41.65285714285714,41.24466666666667,41.17088888888888,16.584719494840733,-1.0599999999999952,0.2400000000000091,0.4081904761904766,91.38678223185266,-0.7321781633419517,1,Elevated,251.5796061524931,2493.5,-0.7127459998324093,0.8209907709307835,6.020668546103547,529.2235717773438,-1.6830157923119815,1.2038156815353225,0.3621617429692136,101.18000030517578,0.0692312277733808,0.4083174140354257,-3.04714477441308,Moderate
2024-09-09,132.0,222,812,559.0,678.4285714285714,3889.0,728.7666666666667,11950.0,8.38,820.38,71.83999633789062,1.097662265825039,2.177749344157508,1.67372676410375,-11.45075955877215,0.779998779296875,401184,-0.6094469025006404,8.855714285714285,9.707333333333333,-0.7511571505507167,81.96401719557177,4.420487565859762,82.5734640980724,907.373951663932,0.1444219859302961,100,41.5,41.46857142857143,41.27066666666666,41.17244444444445,28.92210992965148,1.5499999999999972,2.6099999999999923,0.1979047619047662,95.88744588744588,0.1964093406349138,1,Elevated,346.43488784595843,2501.800048828125,0.3328674083868055,0.7997230969432122,5.117649110425426,535.1488647460938,1.1196200027240757,1.2038057120314285,0.3618479151335396,101.5500030517578,0.3656876314153345,0.417068649940454,-2.655288200891204,High
2024-09-10,182.0,188,724,629.0,682.1428571428571,4039.0,728.6,11832.0,8.53,732.53,69.19000244140625,-3.68874447601647,2.24907580858767,1.6358410065600415,-13.273999122495294,-2.649993896484375,433701,-0.6857915700206264,8.732857142857142,9.674333333333331,-0.7465904024041874,83.59345850851516,7.265220196853669,84.27925007853578,824.0744702753894,-0.076344667519986,100,43.1,41.22428571428571,41.40733333333333,41.15288888888889,21.881723337599915,1.6000000000000014,0.0500000000000042,-0.1830476190476204,98.70270270270272,1.1916441188370586,1,Elevated,312.7739380944486,2512.300048828125,0.4196978093800263,0.7991401423819485,5.6787110262563445,537.4797973632812,0.4355671422929141,1.206197508774284,0.7397668314800265,101.62999725341795,0.0787732144324815,0.4139832236615888,-2.802219179025756,High
2024-09-11,67.0,178,682,612.0,686.2857142857143,4028.0,726.3,11544.0,8.53,690.53,70.61000061035156,2.0523169805461983,2.286059825101401,1.652216709051601,-10.199665424403648,1.4199981689453125,434248,-0.7651121188455323,8.628571428571428,9.646,-0.7467052145648009,84.15022680776366,5.358343348087963,84.9153389266092,780.8036822746972,-0.0793205488249059,100,41.98,41.387142857142855,41.474,41.13177777777778,33.39660274412453,-1.1200000000000043,-2.720000000000006,-0.0868571428571485,96.76025917926566,0.5267006705544317,1,Elevated,295.338405124557,2512.10009765625,-0.0079588889857484,0.7780670481379414,4.453226513773378,542.9937133789062,1.0258833992783822,1.2150345096988664,2.291519036259504,101.68000030517578,0.0492010755772431,0.4145344924785354,-2.7451005861388933,High
2024-09-12,309.0,164,651,891.0,681.5714285714286,4178.0,722.2666666666667,11817.0,9.02,660.02,71.97000122070312,1.926073641971016,2.2567611080411853,1.665337339521199,-10.83994037125434,1.3600006103515625,436610,-0.6411160473116333,8.62857142857143,9.633,-0.7405853938861677,84.47074223670141,5.266828787137635,85.11185828401304,750.3986870711507,0.123996071533899,100,44.99,42.12,41.6,41.16966666666666,63.91998035766951,3.010000000000005,4.13000000000001,0.519999999999996,99.78425026968716,2.300787983177192,1,Elevated,283.1371031716576,2551.199951171875,1.5564608095077317,0.8087576593520811,5.139087210874727,547.5675659179688,0.842339869940778,1.188877227379902,1.5032558758393044,101.37000274658205,-0.3048756467971536,0.4116227546483405,-2.6224743204177225,High
2024-09-13,22.0,174,663,808.0,692.8571428571429,4047.0,721.5666666666667,11719.0,8.97,671.97,71.61000061035156,-0.500209259754747,2.246897292456124,1.6645576714471353,-9.947178529470602,-0.3600006103515625,414968,-0.6627049616475865,8.65,9.616333333333332,-0.7366517121145628,84.55834618765134,3.741824405157931,85.22105114929893,760.9328755544568,-0.0215889143359532,-100,40.93,41.92285714285714,41.675,41.15911111111111,68.00794457167976,-4.060000000000002,-7.070000000000007,0.2478571428571427,93.31896551724138,-0.1381104157767942,1,Elevated,287.328939991923,2581.300048828125,1.1798407899162866,0.8290490401522479,6.008215557623209,550.4273071289062,0.522262710382293,1.1583619264540692,3.4989865519733376,101.11000061035156,-0.256488240293784,0.4057912533932603,-3.1698885430340384,High
2024-09-14,255.0,214,815,1008.0,703.0,4257.0,723.5333333333333,11753.0,9.4,824.4,71.61000061035156,-0.500209259754747,2.246897292456124,1.6645576714471353,-9.947178529470602,-0.3600006103515625,265963,-0.6854806696643082,8.744285714285715,9.619333333333335,-0.7348113198639461,83.67143737150899,3.741824405157931,84.3569180411733,912.4987424463312,-0.0227757080167216,-100,43.96,42.34428571428571,41.801,41.17033333333333,61.01387854008361,3.030000000000001,7.090000000000003,0.5432857142857088,99.13885898815931,1.6659775593125643,1,Elevated,348.12811337029785,2581.300048828125,1.1798407899162866,0.8290490401522479,6.008215557623209,550.4273071289062,0.522262710382293,1.1583619264540692,3.4989865519733376,101.11000061035156,-0.256488240293784,0.4057912533932603,-3.1698885430340384,High
2024-09-15,57.0,160,604,1024.0,707.2857142857143,4153.0,718.0,11803.0,9.48,613.48,71.61000061035156,-0.500209259754747,2.246897292456124,1.6645576714471353,-9.947178529470602,-0.3600006103515625,237950,-0.7918365265459484,8.901428571428571,9.615333333333332,-0.7363396996168364,82.56677463459097,3.741824405157931,83.35861116113692,700.5804355662948,-0.1063558568816401,-100,41.7,42.59428571428572,41.830000000000005,41.17655555555556,50.93177928440821,-2.259999999999998,-5.289999999999999,0.7642857142857125,96.02150537634408,0.3124260761294313,1,Elevated,263.5604519942906,2581.300048828125,1.1798407899162866,0.8290490401522479,6.008215557623209,550.4273071289062,0.522262710382293,1.1583619264540692,3.4989865519733376,101.11000061035156,-0.256488240293784,0.4057912533932603,-3.1698885430340384,High
2024-09-16,63.0,189,678,955.0,688.1428571428571,3947.0,714.7666666666667,11743.0,9.15,687.15,72.75,1.5919555647701644,2.1950919876308284,1.6746913937954004,-5.285767071528181,1.1399993896484375,381135,-0.6657284126266128,9.011428571428572,9.597333333333331,-0.7307216922027756,83.61092452178181,4.315624259553811,84.27665293440842,775.7422771939622,0.1261081139193356,100,39.66,42.33142857142857,41.74666666666667,41.158,15.13054056959668,-2.0400000000000063,0.2199999999999917,0.5847619047618977,89.68850698174006,-0.89011375519478,1,Elevated,293.4415802907032,2580.39990234375,-0.0348718268836534,0.8230776008461351,6.377538619198897,551.2401733398438,0.147679121367994,1.0961658131487706,5.618286970064879,100.76000213623048,-0.3461561388669043,0.3573604167176532,-2.373798052490028,Moderate
2024-09-17,60.0,165,625,833.0,674.0,3693.0,709.0,11781.0,8.77,633.77,73.69999694824219,1.305837729542536,2.20883167607765,1.680245620024175,-3.407609435810799,0.9499969482421876,414917,-0.7591674387278687,9.045714285714286,9.544333333333332,-0.7275116604315173,85.09926048023398,3.855430349201266,85.85842791896185,723.4838582681631,-0.0934390261012559,100,38.73,41.707142857142856,41.620333333333335,41.147888888888886,14.867195130506287,-0.9299999999999996,1.1100000000000063,0.0868095238095207,88.2510729613734,-1.4266134748981922,1,Elevated,272.2218577234729,2564.300048828125,-0.6239286205599992,0.807272508746027,6.770208642295694,551.4655151367188,0.0408790592147267,0.9277924522583612,8.831038007644732,100.88999938964844,0.1290167235628025,0.3500482273767138,-1.7528513087579969,Moderate
2024-09-18,160.0,175,692,926.0,675.4285714285714,3657.0,705.9333333333333,11922.0,8.95,700.95,73.6500015258789,-0.0678363967889894,2.20797442794885,1.67946484006448,-3.70031603927502,-0.0499954223632812,432789,-0.8102724536935422,9.105714285714289,9.487,-0.7296052764501951,85.62935241782209,2.645842428665341,86.43962487151563,790.035467300181,-0.0511050149656734,100,41.03,41.57142857142857,41.54966666666667,41.19255555555556,32.05552507482837,2.3000000000000043,3.230000000000004,0.0217619047619024,93.4619506966774,-0.099328948677589,1,Elevated,298.7262619457693,2570.699951171875,0.2495769692269389,0.794869576839979,7.601182290092301,549.8299560546875,-0.2965841085504239,0.925690664379198,7.516993749131351,100.5999984741211,-0.2874426774524319,0.3467061871299685,-2.301643894809935,High
2024-09-19,102.0,195,754,719.0,690.1428571428571,3593.0,704.7666666666667,11865.0,8.7,762.7,74.87999725341797,1.670055264162995,2.182580855218756,1.6853973645558038,-4.404448483325496,1.2299957275390625,426305,-0.7482659065583377,9.06,9.420333333333332,-0.7318997861284137,85.83418680996726,4.2930809677143005,86.58245271652561,853.57553368424,0.0620065471352044,-100,40.18,40.88428571428572,41.53966666666666,41.18988888888889,24.410032735676022,-0.8500000000000014,-3.1500000000000057,-0.6553809523809448,91.05995717344754,-0.6165357397725587,1,Elevated,324.1137229303909,2588.0,0.6729703643647111,0.7977426859096901,8.261869901694197,559.2125244140625,1.7064491041375307,0.946114740277787,10.087541226634531,100.61000061035156,0.0099424814932191,0.3424944458106493,-2.509686448139703,High
2024-09-20,126.0,183,692,823.0,694.2857142857143,3479.0,699.8666666666667,11919.0,8.96,700.96,74.48999786376953,-0.5208325373311062,2.17200629083806,1.683881805924444,-5.899451215633511,-0.3899993896484375,402144,-0.7041167518172965,9.058571428571428,9.348666666666668,-0.7316362247052154,85.79551430209817,3.2827839497325173,86.49963105391546,790.742415003648,0.0441491547410412,-100,39.1,40.62285714285714,41.4,41.18633333333333,17.620745773705224,-1.0799999999999983,-0.2299999999999968,-0.7771428571428558,88.34224598930481,-1.2704252386577115,1,Elevated,298.9970397906761,2619.89990234375,1.2326082822160078,0.7936397535461764,8.161999634928009,558.2457885742188,-0.1728744971970508,0.8720722716454056,7.414102355270224,100.72000122070312,0.1093336742711947,0.3439157727131702,-2.412554874389239,Moderate
2024-09-21,184.0,231,867,752.0,701.7142857142857,3428.0,702.5333333333333,11945.0,8.91,875.91,74.48999786376953,-0.5208325373311062,2.17200629083806,1.683881805924444,-5.899451215633511,-0.3899993896484375,262949,-0.7779509111398212,8.98857142857143,9.261,-0.7369496268649124,84.65953481558644,3.2827839497325173,85.43748572672627,964.6302696764589,-0.0738341593225246,-100,40.14,40.07714285714286,41.32733333333333,41.18288888888888,22.46917079661263,1.0399999999999991,2.119999999999997,-1.2501904761904683,90.91880341880342,-0.6343150920750403,1,Elevated,368.7646107252383,2619.89990234375,1.2326082822160078,0.7936397535461764,8.161999634928009,558.2457885742188,-0.1728744971970508,0.8720722716454056,7.414102355270224,100.72000122070312,0.1093336742711947,0.3439157727131702,-2.412554874389239,High
2024-09-22,157.0,226,821,852.0,732.7142857142857,3515.0,708.1333333333333,11878.0,9.46,830.46,74.48999786376953,-0.5208325373311062,2.17200629083806,1.683881805924444,-5.899451215633511,-0.3899993896484375,241353,-0.7565219214662163,8.985714285714286,9.203333333333337,-0.7398065354530716,83.51508838178326,3.2827839497325173,84.27161030324947,918.014394252982,0.0214289896736048,-100,39.76,39.8,41.23266666666666,41.16433333333333,21.00714494836803,-0.3800000000000025,-1.4200000000000017,-1.4326666666666554,89.54108858057631,-0.8507458430730567,1,Elevated,350.35143564054295,2619.89990234375,1.2326082822160078,0.7936397535461764,8.161999634928009,558.2457885742188,-0.1728744971970508,0.8720722716454056,7.414102355270224,100.72000122070312,0.1093336742711947,0.3439157727131702,-2.412554874389239,Moderate
2024-09-23,154.0,246,886,943.0,762.4285714285714,3572.0,711.7,11935.0,9.96,895.96,73.9000015258789,-0.7920477309848128,2.169225869436012,1.6816403001064977,-7.230732954347374,-0.589996337890625,396014,-0.6959078388132464,9.101428571428572,9.173666666666666,-0.7320521038903096,84.6618902232895,3.6843468958555614,85.35779806210275,985.0021449579584,0.0606140826529699,100,39.8,39.82,41.18233333333333,41.15866666666667,15.90307041326485,0.0399999999999991,0.4200000000000017,-1.362333333333332,89.71215351812367,-0.8211723277444768,1,Elevated,376.9292983707628,2626.5,0.2519217490082548,0.7931761778601436,7.993088053040576,559.6408081054688,0.2498934268385433,0.8712692933579137,7.2097796489836385,100.91999816894533,0.1985672615352207,0.3476807609138205,-2.1524153905763344,Moderate
2024-09-24,73.0,237,900,956.0,801.7142857142857,3500.0,716.2666666666667,11805.0,10.4,910.4,75.16999816894531,1.718533987609816,2.097799026120024,1.6916468144110195,-8.663432100152535,1.2699966430664062,430249,-0.7015890635008926,9.334285714285716,9.173333333333334,-0.716855426948153,86.24277570634061,4.682676223745093,86.9443647698415,1002.0270409935866,-0.0056812246876462,100,41.09,40.15714285714286,41.15166666666666,41.15533333333333,30.628406123438225,1.2900000000000065,1.250000000000007,-0.9945238095238054,93.61022364217251,-0.0394912237176512,1,Elevated,383.4219434434664,2651.199951171875,0.9404131418951024,0.7819632204063391,7.667318726272776,561.2420654296875,0.2861223307927485,0.8706169673761486,7.460039882987468,100.37000274658205,-0.5449816016074083,0.3578812486688889,-2.685666724314928,High
2024-09-25,200.0,222,842,996.0,823.1428571428571,3616.0,718.9333333333333,11971.0,10.73,852.73,73.45999908447266,-2.2748425251114317,2.107361459976502,1.7053723771844709,-8.96022200790454,-1.7099990844726562,437466,-0.6985847565385815,9.588571428571427,9.193,-0.7111999578844205,86.81394251114945,5.278226185878387,87.51252726768803,945.5207534535664,0.003004306962311,100,43.41,40.49714285714286,41.184333333333335,41.195,38.71502153481156,2.319999999999993,1.029999999999987,-0.687190476190473,98.72340425531917,1.330132963694136,1,Elevated,360.70579592788897,2659.199951171875,0.3017501564325231,0.7818878999296267,7.803948749767775,560.0042724609375,-0.2205452949793351,0.8329169253079168,5.488243174446383,100.91999816894533,0.5479679259867476,0.3647049559068589,-1.5990634055070951,High
2024-09-26,152.0,211,813,1046.0,831.5714285714286,3632.0,723.2,11964.0,10.92,823.92,71.5999984741211,-2.5319910611661167,2.1415867361155323,1.7208271608550398,-10.230696393628536,-1.8600006103515625,435357,-0.6829131042769501,9.905714285714286,9.225333333333332,-0.7085999391187652,87.09191974648613,5.696647436644502,87.77483285076308,917.3914802874076,0.0156716522616314,-100,42.2,40.785714285714285,41.19766666666666,41.21055555555555,21.578358261308157,-1.2099999999999935,-3.529999999999987,-0.4119523809523784,96.86503719447396,0.5931735046093546,1,Elevated,349.4016255448104,2669.89990234375,0.4023748258253246,0.7386932255851771,9.449045225366204,562.2244873046875,0.3964639116043278,0.8334967546405382,5.573399153440217,100.55999755859376,-0.3567188038875124,0.3686441573437293,-1.959639409389502,High
2024-09-27,67.0,240,801,987.0,847.1428571428571,3622.0,724.9,11446.0,11.05,812.05,71.9800033569336,0.5307330878643102,2.116845597646285,1.722285404315244,-11.17966122438413,0.3800048828125,410178,-0.612114095403646,10.204285714285716,9.277666666666669,-0.7048295107028875,87.07934452994513,3.765544807949008,87.69145862534877,903.5070034332978,0.070799008873304,-100,41.13,41.07571428571429,41.22066666666667,41.14611111111111,28.65399504436653,-1.0700000000000005,0.1399999999999934,-0.1449523809523896,93.41825902335457,-0.0103765276516837,1,Elevated,343.86450964824934,2644.300048828125,-0.9588319582000904,0.7718277366656253,7.794217258176794,561.4090576171875,-0.1450363166160206,0.7834503483861394,3.6437992380178086,100.41999816894533,-0.13921976237804,0.3581848524134759,-2.485924552862151,High
2024-09-28,59.0,256,879,862.0,848.8571428571429,3553.0,730.5333333333333,11431.0,10.88,889.88,71.9800033569336,0.5307330878643102,2.116845597646285,1.722285404315244,-11.17966122438413,0.3800048828125,258868,-0.9034966316718808,10.485714285714286,9.335,-0.7121864022066269,85.86742075187743,3.765544807949008,86.77091738354932,980.4164621914985,-0.2913825362682347,-100,39.37,40.96571428571429,41.16633333333333,41.12277777777778,14.756912681341174,-1.7600000000000051,-0.6900000000000048,-0.2006190476190497,88.33510074231177,-1.1210823659119964,1,Elevated,374.81240139988944,2644.300048828125,-0.9588319582000904,0.7718277366656253,7.794217258176794,561.4090576171875,-0.1450363166160206,0.7834503483861394,3.6437992380178086,100.41999816894533,-0.13921976237804,0.3581848524134759,-2.485924552862151,Moderate
2024-09-29,104.0,250,876,809.0,856.7142857142857,3529.0,736.5666666666667,11408.0,10.89,886.89,71.9800033569336,0.5307330878643102,2.116845597646285,1.722285404315244,-11.17966122438413,0.3800048828125,245776,-0.7622763839037036,10.69,9.386666666666668,-0.7157897760088113,84.70436581469247,3.765544807949008,85.46664219859618,976.1221870065452,0.1412202477681772,-100,40.4,41.057142857142864,41.18666666666666,41.11411111111112,19.806101238840885,1.0300000000000011,2.7900000000000063,-0.1295238095237962,90.9957627118644,-0.4562108829503929,1,Elevated,373.3555463628989,2644.300048828125,-0.9588319582000904,0.7718277366656253,7.794217258176794,561.4090576171875,-0.1450363166160206,0.7834503483861394,3.6437992380178086,100.41999816894533,-0.13921976237804,0.3581848524134759,-2.485924552862151,High
2024-09-30,147.0,246,888,802.0,857.0,3556.0,741.6333333333333,11211.0,10.88,898.88,71.7699966430664,-0.291757021496386,2.102441500351952,1.7200346524704646,-9.927213393340772,-0.2100067138671875,397191,-0.6421437071204037,10.821428571428571,9.438666666666668,-0.713548038569044,85.80485768016285,3.3869198611824154,86.44700138728325,988.7139212484656,0.1201326767832998,100,40.66,41.18,41.21033333333334,41.068333333333335,19.300663383916497,0.259999999999998,-0.7700000000000031,-0.0303333333333384,91.95767195767196,-0.2692825145433408,1,Elevated,378.1961682219296,2636.10009765625,-0.3100991196331559,0.716132137056021,5.503081510681862,563.6588134765625,0.4007338016461137,0.7849033911031283,3.826358443760269,100.77999877929688,0.3584949381754576,0.3578217569670542,-1.6396645717229763,High
2024-10-01,217.0,271,1037,946.0,876.5714285714286,3671.0,754.4333333333333,11350.0,11.36,1048.36,73.55999755859375,2.494079697996288,2.1206658499584385,1.7386771562500507,-5.279430736771951,1.7900009155273438,425040,-0.6654005973696744,10.95857142857143,9.509666666666668,-0.7091465838464625,87.28667518473908,5.142688621631921,87.95207578210875,1141.454764403741,-0.0232568902492706,100,43.43,41.51428571428572,41.32733333333333,41.07844444444444,28.91628445124634,2.770000000000003,2.510000000000005,0.1869523809523912,98.73150105708244,1.537825014696244,1,Elevated,438.9914906050745,2667.300048828125,1.1835647363927837,0.7389947297627297,6.615236900227983,558.6092529296875,-0.89585409225309,0.7903537400888845,1.9217144467125191,101.19000244140624,0.4068303900333081,0.3544345901498228,-0.687012417740096,High
2024-10-02,126.0,235,935,872.0,889.8571428571429,3602.0,762.4666666666667,11279.0,11.32,946.32,73.9000015258789,0.462213130192568,2.121968113291828,1.7386728093690524,-4.274605638359963,0.3400039672851562,417310,-0.8993597958972387,11.042857142857144,9.573666666666666,-0.7169722974212596,87.76799218474159,3.0116418073203923,88.66735198063883,1037.9989937879593,-0.2339591985275643,-100,41.68,41.26714285714286,41.290333333333336,41.05266666666667,29.76979599263781,-1.75,-4.520000000000003,-0.0231904761904786,95.67053854276664,0.4186158748766567,1,Elevated,397.466127119056,2647.10009765625,-0.7573182919840549,0.75921026685773,5.407559677765095,558.8450927734375,0.0422191079924028,0.7891902859767226,2.130809855875393,101.68000030517578,0.484235450091286,0.3569685227449026,0.2365909483373229,High
2024-10-03,487.0,258,1017,1207.0,919.0,3977.0,773.1,11722.0,12.28,1029.28,77.62000274658203,5.033831047216464,2.30361293018319,1.817758160726877,2.064430811075324,3.720001220703125,408227,-0.7515634022808275,11.237142857142857,9.669999999999998,-0.7169048620121355,87.79869856290394,7.5438870585071856,88.55026196518476,1125.374149023692,0.1477963936164111,-100,49.27,42.277142857142856,41.439,41.13433333333334,92.53898196808206,7.590000000000003,9.340000000000003,0.8381428571428557,100.0,4.705546844231029,1,Elevated,432.4396072164398,2657.10009765625,0.3777718873892999,0.7579644916913368,5.928089662799008,557.823486328125,-0.1828067309748493,0.7888250182407062,1.5949713969633628,101.98999786376952,0.3048756467971536,0.3525598135537101,0.940218665512904,High
2024-10-04,114.0,256,1022,1254.0,950.5714285714286,4007.0,785.4,11599.0,12.58,1034.58,78.05000305175781,0.5539813063131005,2.289294032130047,1.797675244250135,1.0748534290778489,0.4300003051757812,395356,-0.7222189892519504,11.455714285714285,9.780666666666669,-0.7174800035249949,87.54731161120529,2.9507606813509324,88.26953060045724,1125.800291281808,0.0293444130288771,-100,43.23,42.57714285714285,41.51866666666667,41.126000000000005,87.74672206514441,-6.040000000000006,-13.63000000000001,1.0584761904761848,98.31401475237092,1.2255018689562809,1,Elevated,432.6662103926318,2645.800048828125,-0.4252774985064489,0.7227125031537162,6.732831217854907,562.892578125,0.9087268501802191,0.7871901083676445,3.329167644225506,102.5199966430664,0.5196576040768397,0.3550015220638518,0.9949704320570074,High
2024-10-05,59.0,249,957,1254.0,961.7142857142856,4036.0,794.5,11543.0,12.61,969.61,78.05000305175781,0.5539813063131005,2.289294032130047,1.797675244250135,1.0748534290778489,0.4300003051757812,252781,-0.8600442650912928,11.702857142857145,9.900333333333332,-0.7263061042726875,86.16394388839781,2.9507606813509324,87.0239881534891,1059.5847488348402,-0.1378252758393424,-100,41.79,42.92285714285714,41.583,41.11288888888889,21.989126379196705,-1.4399999999999975,4.6000000000000085,1.3398571428571415,95.57894736842104,0.3966475203936757,1,Elevated,406.42910190323823,2645.800048828125,-0.4252774985064489,0.7227125031537162,6.732831217854907,562.892578125,0.9087268501802191,0.7871901083676445,3.329167644225506,102.5199966430664,0.5196576040768397,0.3550015220638518,0.9949704320570074,High
2024-10-06,207.0,244,924,1357.0,968.5714285714286,4138.0,805.8333333333334,11644.0,12.83,936.83,78.05000305175781,0.5539813063131005,2.289294032130047,1.797675244250135,1.0748534290778489,0.4300003051757812,236284,-0.9773544008742868,11.98,10.034,-0.7369757834151422,84.80036628546101,2.9507606813509324,85.7777206863353,1025.5584813676862,-0.1173101357829941,-100,44.54,43.51428571428572,41.65733333333333,41.15844444444445,42.38655067891498,2.75,4.189999999999998,1.856952380952393,99.26393270241851,1.939799357226149,1,Elevated,393.0678484098074,2645.800048828125,-0.4252774985064489,0.7227125031537162,6.732831217854907,562.892578125,0.9087268501802191,0.7871901083676445,3.329167644225506,102.5199966430664,0.5196576040768397,0.3550015220638518,0.9949704320570074,High
2024-10-07,300.0,261,944,1510.0,976.5714285714286,4383.0,812.5,11725.0,13.22,957.22,80.93000030517578,3.6899386813708857,2.3484361349968315,1.839264330468445,2.4171143296004782,2.8799972534179688,387792,-0.8035381278400617,12.314285714285711,10.183333333333334,-0.7398628880277182,85.78133490423114,6.280086249327765,86.5848730320712,1050.084959281399,0.1738162730342252,100,48.37,44.61571428571428,41.90266666666666,41.20988888888889,33.369081365171134,3.8299999999999983,1.0799999999999983,2.7130476190476145,99.89495798319328,3.802492411179365,1,Elevated,402.7170091061454,2644.800048828125,-0.037795751059988,0.7003001650633838,5.4377352812415625,557.8037719726562,-0.9040457007435831,0.7872080395590829,1.3184846157393793,102.54000091552734,0.0195125566874398,0.3202700767971946,1.8069893494502052,High
2024-10-08,250.0,238,938,1543.0,962.4285714285714,4592.0,824.6333333333333,11906.0,13.12,951.12,77.18000030517578,-4.6336339872226295,2.433789878145784,1.8903819322320023,-5.219206661024489,-3.75,430753,-0.694337071272668,12.565714285714284,10.341333333333331,-0.7378784941224426,87.2585276714236,7.5893445314708625,87.95286474269626,1046.662209274167,0.1092010565673937,100,47.44,45.18857142857144,42.15233333333334,41.27466666666666,21.546005282836983,-0.9299999999999996,-4.759999999999998,3.0362380952380974,99.79013641133264,3.0920419500667946,1,Elevated,401.07431076112766,2615.0,-1.1267410873396222,0.7384910042989962,3.8646403747530034,563.0792236328125,0.945754031296664,0.8019702958472583,2.5211187843830363,102.5500030517578,0.009754375015758,0.3201262823182276,1.685676354346155,High
2024-10-09,167.0,232,917,1584.0,959.8571428571428,4627.0,828.1333333333333,11997.0,13.18,930.18,76.58000183105469,-0.7774014922889982,2.4028066808804427,1.8917772355136284,-3.733502334086325,-0.5999984741210938,427864,-0.7163091383829384,12.831428571428573,10.501333333333331,-0.7414405686518525,87.46730600204833,3.553558406578073,88.18361514043127,1021.9171735470092,-0.0219720671102704,-100,45.36,45.71428571428572,42.281,41.33955555555556,27.30986033555136,-2.0799999999999983,-1.1499999999999986,3.4332857142857165,99.47589098532494,1.979660550979513,1,Elevated,391.1301463907175,2606.0,-0.3441682600382356,0.7427459816234377,3.57710651828298,566.9793090820312,0.6926352963365634,0.8095649014994586,3.089641062428039,102.93000030517578,0.3705482614429378,0.3179005343428288,2.366978797795638,High
2024-10-10,320.0,276,1089,1417.0,970.1428571428572,4765.0,840.3,12288.0,12.95,1101.95,79.4000015258789,3.6824231227435833,2.490589080346508,1.8851318083687607,0.9535918441822444,2.8199996948242188,416262,-0.7471723731661697,12.927142857142856,10.648666666666664,-0.7434865954233706,87.33084103549042,6.268371387508315,88.07801340865659,1196.2963847961648,-0.0308632347832312,-100,48.88,45.65857142857142,42.47366666666667,41.44788888888889,43.05431617391616,3.520000000000003,5.600000000000001,3.184904761904754,99.8952879581152,3.4294215694682806,1,Elevated,460.9029512367347,2620.60009765625,0.5602493344685433,0.7342615851715978,4.782091069822081,565.987060546875,-0.1750061279595427,0.8010705165978351,3.510141572353942,102.98999786376952,0.0582896710539904,0.3058775086452884,1.8795148824896524,High
2024-10-11,223.0,326,1321,1526.0,1012.8571428571428,4921.0,861.6,12275.0,13.59,1334.59,79.04000091552734,-0.4534012637697815,2.474116376051681,1.882185786685469,-1.1258462576837935,-0.3600006103515625,393143,-0.5621163116785328,13.071428571428571,10.817333333333334,-0.736720068517804,87.00918311643758,3.0401022655898418,87.57129942811612,1425.201401693706,0.1850560614876368,-100,46.95,46.190000000000005,42.639333333333326,41.503,36.7252803074382,-1.93,-5.450000000000003,3.550666666666679,99.581589958159,2.428609131879236,1,Elevated,552.5663007918591,2657.60009765625,1.4118903541632033,0.7545881187625811,5.222320506565947,569.3763427734375,0.598826804147734,0.8055241280584278,4.120666932158512,102.88999938964844,-0.0970953259493923,0.3051660157421864,1.5295077045293537,High
2024-10-12,97.0,234,901,1564.0,1004.8571428571428,4709.0,869.9333333333333,12329.0,13.59,914.59,79.04000091552734,-0.4534012637697815,2.474116376051681,1.882185786685469,-1.1258462576837935,-0.3600006103515625,251045,-0.7099994816209166,13.211428571428572,10.969666666666663,-0.73901618299478,85.55708600540383,3.0401022655898418,86.26708548702474,1003.8971877526146,-0.1478831699423838,-100,45.15,46.67,42.644666666666666,41.55922222222223,35.93941584971192,-1.8000000000000045,0.1299999999999954,4.025333333333336,99.16405433646813,1.5816439556810296,1,Elevated,384.3054580036409,2657.60009765625,1.4118903541632033,0.7545881187625811,5.222320506565947,569.3763427734375,0.598826804147734,0.8055241280584278,4.120666932158512,102.88999938964844,-0.0970953259493923,0.3051660157421864,1.5295077045293537,High
2024-10-13,252.0,230,893,1609.0,1000.4285714285714,4939.0,877.6,12397.0,13.61,906.61,79.04000091552734,-0.4534012637697815,2.474116376051681,1.882185786685469,-1.1258462576837935,-0.3600006103515625,230650,-0.774225562269245,13.322857142857144,11.124333333333334,-0.7427335363488353,84.11474701199708,3.0401022655898418,84.88897257426633,994.5390748398562,-0.0642260806483283,-100,47.17,47.04571428571428,42.85266666666667,41.62411111111111,41.52113040324164,2.020000000000003,3.820000000000008,4.193047619047611,99.58246346555325,2.364119724481399,1,Elevated,380.8378354210892,2657.60009765625,1.4118903541632033,0.7545881187625811,5.222320506565947,569.3763427734375,0.598826804147734,0.8055241280584278,4.120666932158512,102.88999938964844,-0.0970953259493923,0.3051660157421864,1.5295077045293537,High
2024-10-14,372.0,230,873,1681.0,990.2857142857144,5056.0,879.5333333333333,12688.0,13.61,886.61,77.45999908447266,-1.998990147714308,2.48761466323256,1.890567332049227,-1.7005125829817611,-1.5800018310546875,384957,-0.6474404314597066,13.37857142857143,11.264666666666669,-0.741465528408682,85.04590775691317,4.656656069245045,85.69334818837288,976.960004257618,0.1267851308095383,100,49.34,47.184285714285714,43.032,41.72355555555556,34.63392565404769,2.1700000000000017,0.1499999999999985,4.152285714285711,100.0,3.0725290343538427,1,Elevated,373.6453320653726,2647.800048828125,-0.3687555865447112,0.712406377867214,6.175314659744546,574.032958984375,0.8178450457311026,0.8011171935647442,3.9796130458817034,103.3000030517578,0.3984873792803434,0.3067505052613781,1.5732607192996406,High
2024-10-15,154.0,237,939,1585.0,990.4285714285714,5153.0,890.7,12598.0,13.42,952.42,74.25,-4.144073228005141,2.3157092555999377,1.929847503034891,0.6779661016949046,-3.209999084472656,416703,-0.603834259628724,13.421428571428573,11.396,-0.7351987861781079,86.44469909627466,6.527579093774569,87.04853335590339,1045.996112449678,0.0436061718309827,100,48.03,47.26857142857144,43.243,41.77933333333333,55.71803085915492,-1.3100000000000025,-3.480000000000004,4.025571428571432,99.58333333333331,2.438618242201803,1,Elevated,400.9887383086905,2661.39990234375,0.5136284184919404,0.7112725055456453,6.887827090501375,569.5728759765625,-0.7769733319326511,0.7091625014380091,5.339512005040836,103.26000213623048,-0.0387230535775495,0.3068473205326956,1.4043015608978138,High
2024-10-16,95.0,218,833,1513.0,978.4285714285714,5185.0,895.8666666666667,12559.0,13.17,846.17,74.22000122070312,-0.0404023963594291,2.2990966116568057,1.9296638807083704,2.0907900086200693,-0.029998779296875,424947,-0.5702749551360811,13.42,11.53,-0.7320170042617568,86.78754003410567,2.5485780088782417,87.35781498924176,936.07639299812,0.0335593044926428,100,44.56,47.15428571428572,43.40633333333333,41.818666666666665,24.467796522463217,-3.469999999999999,-2.1599999999999966,3.747952380952391,98.33506763787722,1.0631370256659751,1,Elevated,356.95899420139966,2674.0,0.4734387209210489,0.7125097807624775,7.2431260419353105,572.0484619140625,0.4346390149382539,0.7069314402646645,6.014356960834344,103.58999633789062,0.3195760166892158,0.2951277789396148,2.2000746982151487,High
2024-10-17,283.0,229,919,1476.0,954.1428571428572,5408.0,905.6666666666666,12808.0,12.83,931.83,74.44999694824219,0.3098837560715495,2.299330059974536,1.9103667337161705,2.4212332476596377,0.2299957275390625,428737,-0.7251093701524287,13.402857142857144,11.665333333333333,-0.7308817353092422,86.89568533130335,2.851337140812049,87.62079470145578,1022.3021318422678,-0.1548344150163476,100,47.35,46.93571428571429,43.693666666666665,41.882666666666665,51.77417207508174,2.789999999999999,6.259999999999998,3.242047619047625,99.3762993762994,2.0682503142780653,1,Elevated,391.396693796616,2691.0,0.6357516828721099,0.7106542150194521,7.151393829737707,572.0975341796875,0.0085783406288397,0.7030052631683102,6.2819330671573415,103.83000183105467,0.2316879058294585,0.2901429566415737,2.6901406431449004,High
2024-10-18,434.0,222,874,1687.0,890.2857142857143,5682.0,911.7333333333332,13093.0,12.63,886.63,73.05999755859375,-1.8670241056084504,2.287102041426656,1.9189663927345093,2.814523035060424,-1.3899993896484375,398442,-0.6460276900890882,13.265714285714283,11.788,-0.7254069098557603,86.62691061908565,4.435578450541148,87.27293830917473,978.3385167597158,0.0790816800633404,-100,49.51,47.30142857142857,43.97633333333333,41.95611111111111,42.5954084003167,2.1599999999999966,-0.6300000000000026,3.325095238095244,100.0,2.735685947865912,1,Elevated,373.8808190420514,2713.699951171875,0.843550768185608,0.695890211141218,8.830958539076605,574.2982177734375,0.3846693023953573,0.6061362516169755,8.51712742966364,103.48999786376952,-0.3274621605404482,0.2999457334312874,2.28305747343982,High
2024-10-19,116.0,222,863,1706.0,884.8571428571429,5696.0,915.3666666666668,13080.0,12.6,875.6,73.05999755859375,-1.8670241056084504,2.287102041426656,1.9189663927345093,2.814523035060424,-1.3899993896484375,252599,-0.8001151525784092,13.124285714285714,11.918,-0.7271352180564293,85.26761344144315,4.435578450541148,86.06772859402156,966.1033070445628,-0.1540874624893209,-100,46.29,47.46428571428572,44.18,42.013333333333335,74.67043731244662,-3.219999999999999,-5.379999999999996,3.284285714285716,98.85892116182572,1.5288736124173608,1,Elevated,369.2277770990208,2713.699951171875,0.843550768185608,0.695890211141218,8.830958539076605,574.2982177734375,0.3846693023953573,0.6061362516169755,8.51712742966364,103.48999786376952,-0.3274621605404482,0.2999457334312874,2.28305747343982,High
2024-10-20,230.0,228,857,1684.0,879.7142857142857,5800.0,920.8666666666668,13232.0,12.52,869.52,73.05999755859375,-1.8670241056084504,2.287102041426656,1.9189663927345093,2.814523035060424,-1.3899993896484375,238585,-0.6868028669886425,12.968571428571428,12.036666666666664,-0.7265580885621409,83.98771932680098,4.435578450541148,84.67452219378963,958.6301006443308,0.1133122855897666,-100,47.37,47.49285714285714,44.455666666666666,42.09711111111111,34.166561427948835,1.0799999999999983,4.299999999999997,3.0371904761904744,99.27461139896371,1.8542566639894933,1,Elevated,366.5171358189744,2713.699951171875,0.843550768185608,0.695890211141218,8.830958539076605,574.2982177734375,0.3846693023953573,0.6061362516169755,8.51712742966364,103.48999786376952,-0.3274621605404482,0.2999457334312874,2.28305747343982,High
2024-10-21,406.0,257,996,1718.0,897.2857142857143,6022.0,925.1666666666666,13526.0,12.76,1008.76,74.29000091552734,1.6835524199780183,2.298231358624459,1.9257550573925115,3.410362893273855,1.2300033569335938,385024,-0.5908676672119744,12.847142857142856,12.165,-0.7203219804312126,84.94298974325586,4.322820067929863,85.53385741046785,1098.6166774783978,0.095935199776668,100,49.27,47.48285714285714,44.760000000000005,42.19555555555556,48.07967599888335,1.9000000000000057,0.8200000000000074,2.722857142857137,99.74120082815736,2.409180334211153,1,Elevated,422.3398995092656,2723.10009765625,0.3463959410956896,0.6959268033278532,8.84563292465299,573.35498046875,-0.1642417259006046,0.5895123251168983,7.1393435059950106,104.01000213623048,0.5024681449365298,0.3054938295085463,2.422451019739369,High
2024-10-22,397.0,292,1108,1961.0,921.4285714285714,6262.0,934.7333333333332,13781.0,13.53,1121.53,76.04000091552734,2.3556332998162954,2.2146644896362515,1.9428774035015437,9.900272051474545,1.75,427605,-0.6801754415683883,12.86285714285714,12.300666666666666,-0.7177770977679517,86.40046281805047,5.560324994600001,87.08063825961887,1214.1709632542188,-0.0893077743564139,100,48.53,47.55428571428571,45.05233333333334,42.29155555555556,19.946538871782067,-0.740000000000002,-2.640000000000008,2.5019523809523747,99.48293691830403,2.0789554733753683,1,Elevated,468.2522576497638,2744.199951171875,0.7748467834063577,0.7012923870028236,9.230581452717846,573.0504760742188,-0.0531092263788002,0.5904386807401487,6.618049438404361,104.08000183105467,0.0673009262441182,0.3055029461391418,2.4107100697125405,High
2024-10-23,141.0,234,909,2007.0,932.2857142857144,6249.0,935.5,13823.0,13.73,922.73,74.95999908447266,-1.42030749349209,2.212771511558408,1.9480319331175329,6.160598267270623,-1.0800018310546875,431289,-0.6866914198878997,12.942857142857145,12.426333333333334,-0.7174698838037734,86.6764993852464,4.249138831777561,87.3631908051343,1014.342329636912,-0.0065159783195114,100,47.07,47.91285714285714,45.29466666666666,42.37233333333333,63.23257989159757,-1.4600000000000009,-0.7199999999999989,2.618190476190477,98.7603305785124,1.5500590596035044,1,Elevated,388.2642936937379,2714.39990234375,-1.0859284803718228,0.7437906373525873,8.053015278978837,567.8142700195312,-0.9137425538076616,0.6046671196725957,4.57105782793934,104.43000030517578,0.3362783128013635,0.3089848617755384,2.7045633278386383,High
2024-10-24,326.0,233,924,2050.0,933.0,6502.0,936.3,13983.0,13.83,937.83,74.37999725341797,-0.7737484500247693,2.19596157747583,1.936846503490038,3.348611910293497,-0.5800018310546875,433618,-0.6492521140934855,13.085714285714284,12.540666666666668,-0.7157253188235266,86.70286273591637,3.304571218529949,87.35211485000985,1028.48668606854,0.0374393057944142,100,48.48,48.07428571428572,45.541,42.44922222222222,48.18719652897207,1.4099999999999966,2.869999999999997,2.533285714285718,99.38080495356036,1.9473878698437876,1,Elevated,393.924251457414,2734.89990234375,0.7552313858506743,0.7092599441046455,7.200531306356206,569.0423583984375,0.2162834651661782,0.5906198509212982,3.9218525378630353,104.05999755859376,-0.3543069477169092,0.3112834553958942,2.653639872869018,High
2024-10-25,431.0,250,942,2047.0,942.7142857142856,6733.0,939.6333333333332,14355.0,13.96,955.96,76.05000305175781,2.245235090087472,2.225663360295954,1.9473129729367424,6.200254718004317,1.6700057983398438,409205,-0.7234112655980114,13.275714285714288,12.648333333333332,-0.7165528691255075,86.48171264589442,5.090923922183857,87.20512391149244,1048.2560478336763,-0.0741591515045259,-100,50.54,48.22142857142857,45.778666666666666,42.55444444444444,32.67079575752264,2.0600000000000023,0.6500000000000057,2.442761904761902,100.0,2.488998114075591,2,High,401.86139435117207,2740.89990234375,0.2193864570640524,0.6864247781671442,6.182925289451768,568.8458862304688,-0.0345268089570249,0.5866027780538698,3.346232801863702,104.26000213623048,0.1922012130781469,0.304883916331592,3.1154203410779235,High
2024-10-26,189.0,267,1032,2120.0,966.8571428571428,6770.0,946.9333333333332,14421.0,14.36,1046.36,76.05000305175781,2.245235090087472,2.225663360295954,1.9473129729367424,6.200254718004317,1.6700057983398438,255957,-0.9154312373611704,13.527142857142858,12.763,-0.7243034735616483,85.07785835376251,5.090923922183857,85.99328959112368,1137.4442135133074,-0.192019971763159,-100,48.41,48.52428571428572,45.985666666666674,42.63811111111112,63.360099858815786,-2.1300000000000026,-4.190000000000005,2.538619047619044,99.1761071060762,1.7694756261335487,1,Elevated,437.7790274870983,2740.89990234375,0.2193864570640524,0.6864247781671442,6.182925289451768,568.8458862304688,-0.0345268089570249,0.5866027780538698,3.346232801863702,104.26000213623048,0.1922012130781469,0.304883916331592,3.1154203410779235,High
2024-10-27,201.0,262,993,2091.0,986.2857142857144,6904.0,953.3333333333334,14394.0,14.5,1007.5,76.05000305175781,2.245235090087472,2.225663360295954,1.9473129729367424,6.200254718004317,1.6700057983398438,240350,-0.7573937733022287,13.81,12.877999999999998,-0.729146129491601,83.74890759164334,5.090923922183857,84.50630136494557,1097.0972252871295,0.1580374640589417,-100,46.7,48.42857142857143,46.17133333333333,42.69411111111111,14.590187320294714,-1.7099999999999935,0.4200000000000088,2.257238095238101,98.14814814814817,1.2182998476245417,1,Elevated,421.9376298418627,2740.89990234375,0.2193864570640524,0.6864247781671442,6.182925289451768,568.8458862304688,-0.0345268089570249,0.5866027780538698,3.346232801863702,104.26000213623048,0.1922012130781469,0.304883916331592,3.1154203410779235,High
2024-10-28,251.0,287,1052,1936.0,994.2857142857144,7096.0,959.1,14614.0,14.32,1066.32,71.41999816894531,-6.088106110477643,2.489073002042345,2.0457092134379877,-1.8281812110717333,-4.6300048828125,395536,-0.5154552470949043,14.032857142857145,12.992666666666668,-0.7162114166723684,84.81837224268618,8.75999723362716,85.33382748978109,1160.4138247234082,0.2419385262073243,100,49.87,48.51428571428572,46.52133333333334,42.80855555555556,23.00969263103662,3.1699999999999946,4.879999999999988,1.9929523809523813,99.8972250770812,2.103703266349106,1,Elevated,447.0987643914071,2742.89990234375,0.0729687354977803,0.6854207276656173,6.29747349829004,570.6043701171875,0.3091318631785356,0.5876863829092503,3.512842081160428,104.31999969482422,0.0575460937698446,0.2930667048829163,3.533145576734431,High
2024-10-29,362.0,243,971,1901.0,974.7142857142856,7354.0,962.2666666666668,14855.0,14.0,985.0,71.12000274658203,-0.4200440073572009,2.477016942444461,2.0454954367414198,-3.5006707035171614,-0.2999954223632812,429389,-0.509015089288834,14.1,13.096333333333332,-0.7077693735185394,86.25519441738638,3.2471280201533785,86.76420950667521,1075.0113375268286,0.0064401578060703,100,49.16,48.60428571428571,46.81333333333334,42.89455555555556,35.43220078903036,-0.7100000000000009,-3.879999999999996,1.790952380952369,99.38398357289527,1.8323945554264545,1,Elevated,412.6516931093964,2768.39990234375,0.9296730069591864,0.6792125522777316,7.959281270883167,571.52783203125,0.1618392641950627,0.5875623524520399,3.6380002636352327,104.27999877929688,-0.0383444360087859,0.2944045840598652,3.360094568497196,High
2024-10-30,168.0,264,1069,1928.0,997.5714285714286,7375.0,968.3,14983.0,14.26,1083.26,72.55000305175781,2.010686515678617,2.506519057102848,2.0553926307230097,-1.493548474312767,1.4300003051757812,433552,-0.5929936256628185,14.175714285714289,13.209,-0.7061310374699532,86.53972923297283,4.666560420212742,87.13272285863565,1175.0592832788484,-0.0839785363739845,100,48.1,48.75142857142857,47.06133333333333,42.998666666666665,51.81989268186993,-1.0599999999999952,-0.3499999999999943,1.690095238095239,98.76923076923076,1.4856848977468249,1,Elevated,452.5971687398122,2788.5,0.7260547018237196,0.684562657044302,8.472402573814142,569.798828125,-0.3025231334937817,0.5877088303221992,3.6318268676373,103.98999786376952,-0.2780983112026236,0.2939735164002785,3.3697807565280518,High
2024-10-31,398.0,262,948,2000.0,1001.0,7556.0,965.3333333333334,15266.0,14.51,962.51,73.16000366210938,0.8408002545725379,2.491772233593653,2.0553468586930954,-2.297000072646349,0.6100006103515625,416232,-0.6321325243288736,14.272857142857143,13.313999999999998,-0.7050221017019266,86.47080421287751,3.562272495430826,87.10293673720638,1053.1752092326371,-0.039138898666055,-100,49.97,48.96428571428572,47.27933333333333,43.102,58.69569449333027,1.8699999999999972,2.9299999999999926,1.6849523809523816,99.89754098360656,1.961138201796775,1,Elevated,403.8494963456136,2738.300048828125,-1.8002492799668257,0.7774448973701227,5.807575302477774,558.62890625,-1.960327281078511,0.6265446374535134,-0.1043642870255823,103.9800033569336,-0.0096110270614957,0.2942267632253618,3.349570347021058,High
2024-11-01,391.0,209,840,1960.0,986.4285714285714,7821.0,962.1666666666666,15630.0,14.23,854.23,73.0999984741211,-0.0820191156159833,2.490183725505008,2.054853269873277,-1.866021519010552,-0.0600051879882812,381221,-0.6201193494507924,14.31142857142857,13.411,-0.6957140868203784,86.18839787202607,2.7588049930220464,86.80851722147686,943.797322214499,0.0120131748780811,-100,47.52,48.53285714285715,47.474,43.18877777777777,14.2600658743904,-2.449999999999996,-4.319999999999993,1.0588571428571427,98.4646878198567,1.2326335329507732,1,Elevated,360.1572254415042,2738.60009765625,0.0109574854024296,0.7526182514117151,4.530714902745392,560.9866943359375,0.4220669678132172,0.6303397503373878,0.4909854794819202,104.27999877929688,0.2885126107694757,0.2960195860211494,3.5345487643441142,High
2024-11-02,59.0,244,926,1830.0,971.2857142857144,7393.0,959.1333333333332,15539.0,13.83,939.83,73.0999984741211,-0.0820191156159833,2.490183725505008,2.054853269873277,-1.866021519010552,-0.0600051879882812,257638,-0.7948798607476747,14.235714285714284,13.462666666666667,-0.6971579687692733,85.00999757103472,2.7588049930220464,85.80487743178239,1028.3936824248044,-0.1747605112968823,-100,45.95,48.18142857142857,47.36333333333334,43.24033333333333,81.27380255648441,-1.5700000000000005,0.8799999999999955,0.818095238095232,97.4437627811861,0.7698016876317543,1,Elevated,394.1964974835653,2738.60009765625,0.0109574854024296,0.7526182514117151,4.530714902745392,560.9866943359375,0.4220669678132172,0.6303397503373878,0.4909854794819202,104.27999877929688,0.2885126107694757,0.2960195860211494,3.5345487643441142,High
2024-11-03,170.0,331,1002,1799.0,972.5714285714286,7449.0,958.4666666666668,15596.0,13.98,1015.98,73.0999984741211,-0.0820191156159833,2.490183725505008,2.054853269873277,-1.866021519010552,-0.0600051879882812,232256,-0.809234616136691,14.161428571428573,13.509333333333332,-0.7000584896654314,83.73369525750788,2.7588049930220464,84.54292987364457,1103.2817348666667,-0.0143547553890163,-100,47.01,48.22571428571428,47.489333333333335,43.339,33.77177377694509,1.0599999999999952,2.6299999999999955,0.7363809523809479,97.85495403472932,1.049008402444679,1,Elevated,424.4041079719378,2738.60009765625,0.0109574854024296,0.7526182514117151,4.530714902745392,560.9866943359375,0.4220669678132172,0.6303397503373878,0.4909854794819202,104.27999877929688,0.2885126107694757,0.2960195860211494,3.5345487643441142,High
2024-11-04,434.0,220,818,1982.0,939.1428571428572,7824.0,953.8333333333334,15901.0,13.98,831.98,75.08000183105469,2.70862297984118,2.534986561361604,2.07102421888022,1.5967527480531318,1.9800033569335935,385369,-0.4861323084987717,14.112857142857145,13.555,-0.6875947577790139,84.77123278752565,5.403284816008096,85.25736509602442,922.6406499120324,0.3231023076379193,100,50.95,48.38,47.79466666666667,43.48166666666667,64.4155115381896,3.940000000000005,2.8800000000000097,0.5853333333333239,100.0,2.1065126958102187,2,High,352.00478694560815,2736.10009765625,-0.0912875159151394,0.7536321021553712,4.172857325575863,559.7782592773438,-0.2154124279229563,0.630168182329526,0.0245606056392233,103.88999938964844,-0.3739925145893497,0.3087160439542382,2.942926352149944,High
2024-11-05,440.0,279,1037,2060.0,948.5714285714286,8057.0,957.6,16291.0,14.29,1051.29,75.52999877929688,0.5993566026473607,2.51828395165304,2.0724069923480437,0.4789152841835342,0.4499969482421875,428024,-0.4799458948436834,14.154285714285717,13.603666666666664,-0.6710144742446605,86.27165097020885,3.165532082718754,86.75159686505253,1141.2071289477713,0.0061864136550883,100,48.26,48.251428571428576,47.918666666666674,43.581,14.330932068275429,-2.690000000000005,-6.63000000000001,0.3327619047619023,98.57288481141693,1.3170356722955858,1,Elevated,439.132532206098,2740.300048828125,0.1535013713669597,0.7383197616232455,3.3607460507407705,566.5470581054688,1.2091928752044234,0.6659982359988149,0.9452236392366142,103.41999816894533,-0.4524027562463839,0.3024751110385588,3.0387519566618115,High
2024-11-06,231.0,237,913,2123.0,926.2857142857144,7988.0,956.5666666666668,16367.0,14.22,927.22,74.91999816894531,-0.8076269299752248,2.4856776444141078,2.073298913210973,1.987474955987656,-0.6100006103515625,453335,-0.1300680757050818,14.148571428571428,13.637,-0.6485654725068278,86.78454295387219,3.4920520699880977,86.91461102957727,1017.6266630995652,0.3498778191386016,100,48.08,48.24857142857143,47.909,43.669555555555554,54.24938909569299,-0.1799999999999997,2.510000000000005,0.3395714285714319,98.37067209775968,1.2373263756177333,1,Elevated,389.6677430339107,2667.60009765625,-2.6529923685898797,0.8931106751924095,0.3158899909227575,580.6346435546875,2.486569341005418,0.8002521492367692,3.683966731734012,105.08999633789062,1.6147729631722063,0.402945359791604,4.131983991878907,High
2024-11-07,417.0,215,839,2142.0,910.7142857142856,8155.0,953.2666666666668,16696.0,14.04,853.04,75.62999725341797,0.9476763238456032,2.439593215456968,2.076236441441124,5.628490035168743,0.7099990844726562,433006,-0.360442101844131,14.081428571428573,13.667666666666667,-0.6374356401925432,86.80217329790882,3.950118542819445,87.16261539975295,944.1527339425724,-0.2303740261390492,-100,50.13,48.271428571428565,47.998666666666665,43.79855555555555,50.15187013069526,2.0500000000000043,2.230000000000004,0.2727619047619001,99.79654120040692,1.7655726640874816,2,High,360.2285704970784,2698.39990234375,1.154588527514333,0.914677419891808,1.067455748995738,585.1241455078125,0.7732060087975334,0.8076015766330589,4.073045326237268,104.51000213623048,-0.5519023902097464,0.4126319047841721,3.9280078296890952,High
2024-11-08,288.0,247,1014,2039.0,935.5714285714286,8276.0,956.5,16792.0,14.07,1028.07,73.87000274658203,-2.327111689477679,2.4821306719589096,2.083660852209758,2.625728398867011,-1.7599945068359375,409939,-0.4415344948070165,14.058571428571428,13.697333333333336,-0.6282764854066792,86.66190524781705,5.07181520132329,87.10343974262406,1120.2452549439472,-0.0810923929628855,-100,49.4,48.54,48.13333333333333,43.895,36.50546196481445,-0.730000000000004,-2.780000000000008,0.4066666666666663,99.39024390243902,1.5211795959024257,1,Elevated,430.67741402905415,2687.5,-0.4039394729551615,0.8992746855210839,1.6337008045293366,587.65869140625,0.4331637854797288,0.8075550799205571,4.675669804914606,105.0,0.4688526014293037,0.4139182109819997,4.560846359854898,High
2024-11-09,143.0,262,1009,2123.0,947.4285714285714,8099.0,953.8333333333334,16903.0,14.36,1023.36,73.87000274658203,-2.327111689477679,2.4821306719589096,2.083660852209758,2.625728398867011,-1.7599945068359375,263041,-0.6795616893166548,14.134285714285712,13.744333333333335,-0.6260227959450286,85.46290882365462,5.07181520132329,86.14247051297127,1114.5742857142943,-0.2380271945096382,-100,48.19,48.86,48.11033333333333,43.99711111111112,43.09013597254818,-1.2100000000000009,-0.4799999999999969,0.7496666666666698,98.2741116751269,1.1618282646703098,1,Elevated,428.6012201831237,2687.5,-0.4039394729551615,0.8992746855210839,1.6337008045293366,587.65869140625,0.4331637854797288,0.8075550799205571,4.675669804914606,105.0,0.4688526014293037,0.4139182109819997,4.560846359854898,High
2024-11-10,123.0,242,914,2076.0,934.8571428571428,7999.0,940.2666666666668,16948.0,13.93,927.93,73.87000274658203,-2.327111689477679,2.4821306719589096,2.083660852209758,2.625728398867011,-1.7599945068359375,232155,-0.6571835786992203,14.127142857142855,13.755666666666665,-0.6291917048457183,84.20313349042311,5.07181520132329,84.86031706912233,1017.8621322704456,0.0223781106174345,-100,46.18,48.74142857142857,48.08466666666667,44.066,18.41189055308717,-2.009999999999998,-0.7999999999999972,0.6567619047619004,96.75456389452332,0.5887830880482658,1,Elevated,390.1727894943538,2687.5,-0.4039394729551615,0.8992746855210839,1.6337008045293366,587.65869140625,0.4331637854797288,0.8075550799205571,4.675669804914606,105.0,0.4688526014293037,0.4139182109819997,4.560846359854898,High
2024-11-11,552.0,281,1069,2194.0,970.7142857142856,8454.0,945.8666666666668,17341.0,14.53,1083.53,71.83000183105469,-2.761609367371698,2.5365008355969763,2.1001585828974605,0.0836076226765181,-2.040000915527344,380230,-0.4562083255445618,14.205714285714285,13.787,-0.6207319996431732,85.21404161042902,5.3064709652363256,85.67024993597359,1174.5067209012095,0.2009752531546584,100,52.55,48.970000000000006,48.33133333333333,44.192,100.0,6.369999999999997,8.379999999999995,0.6386666666666727,100.0,2.2670129404214623,2,High,452.6686383732893,2611.199951171875,-2.8390715843023218,1.0421513676657088,-0.944582738209132,588.21875,0.0953033796555979,0.8062821569141558,4.357234542640343,105.54000091552734,0.514286586216528,0.4175904210431961,4.723161533921649,High
2024-11-12,354.0,260,1013,2108.0,967.2857142857144,8556.0,949.8666666666668,17542.0,14.28,1027.28,71.88999938964844,0.0835271572662055,2.4937052814451244,2.098903455829704,-2.270253159830637,0.05999755859375,429620,-0.4983301311228949,14.204285714285716,13.809333333333331,-0.611535485271628,86.77103652963463,2.804257754694394,87.26936666075753,1117.3536244154518,-0.0421218055783331,100,49.12,49.09285714285714,48.39633333333333,44.308,52.31060902789167,-3.43,-9.799999999999995,0.6965238095238107,98.78542510121456,1.3091608963121335,1,Elevated,429.4875764340293,2600.0,-0.4289197066983941,1.0189218256630996,-2.523152536127049,586.3914184570312,-0.3106550994793622,0.7870721454835432,4.973452441333026,106.0199966430664,0.4547998136964715,0.4186791935459322,4.7731930873872175,High
2024-11-13,295.0,274,1094,2172.0,993.1428571428572,8479.0,957.2333333333332,17792.0,14.65,1108.65,72.27999877929688,0.5424946348025594,2.4943127652693446,2.0969546251200626,-2.1921552275133926,0.3899993896484375,439702,-0.4305101067314184,14.265714285714283,13.844,-0.6043044744473518,87.19943119642815,3.256022922823244,87.62994130315957,1199.5359642259828,0.0678200243914765,100,48.15,49.10285714285714,48.35666666666667,44.39655555555556,25.839100121957397,-0.9699999999999988,2.460000000000001,0.7461904761904705,97.97775530839232,1.0224384516748248,1,Elevated,462.2883974297612,2580.800048828125,-0.7384596604567362,1.0184953292617671,-2.504629457980345,586.6763305664062,0.0485873599795683,0.7870387726877802,4.9801345941587805,106.4800033569336,0.4338867463049123,0.4174187126714083,4.720695355380999,High
2024-11-14,443.0,212,865,2198.0,996.8571428571428,8768.0,954.7666666666668,18074.0,14.71,879.71,72.55999755859375,0.3873807194599399,2.3052572726544907,2.096607429156003,-6.518944871090071,0.279998779296875,434156,-0.4766352346729682,14.361428571428572,13.887,-0.6000645069488267,87.33600571683272,3.344532479223438,87.81264095150568,970.8671734307292,-0.0461251279415497,-100,50.35,49.13428571428572,48.434,44.50233333333333,40.43062563970776,2.200000000000003,3.1700000000000017,0.7002857142857195,99.69696969696967,1.5786775149912256,2,High,370.7843411819905,2568.199951171875,-0.488224481473154,1.017361091905018,-3.3457582784627182,582.9039916992188,-0.6430017150249601,0.798455853342806,4.496136499412429,106.66999816894533,0.1784323873233129,0.4164875146340185,4.588685560545813,High
2024-11-15,370.0,210,828,2280.0,970.2857142857144,9043.0,954.6,18175.0,14.63,842.63,71.04000091552734,-2.0948135256467992,2.326075209235212,2.1057351929946644,-8.981424551107164,-1.5199966430664062,411702,-0.4142437866326114,14.441428571428572,13.935666666666666,-0.5948634679987109,87.23235995262264,5.319031189992727,87.64660373925526,935.595634929248,0.0623914480403567,-100,50.04,49.22571428571429,48.61666666666667,44.58988888888889,25.711957240201784,-0.3100000000000023,-2.510000000000005,0.6090476190476224,99.49545913218972,1.456815396546279,2,High,356.70893322384813,2565.699951171875,-0.0973444454299254,1.0155983459336446,-3.027443350895997,575.4378051757812,-1.2808604212286911,0.8262785401428431,2.228707134950958,106.69000244140624,0.0187534197096939,0.4111844570235851,4.067504813581047,High
2024-11-16,68.0,233,897,2205.0,954.2857142857144,8828.0,953.8666666666668,17929.0,14.32,911.32,71.04000091552734,-2.0948135256467992,2.326075209235212,2.1057351929946644,-8.981424551107164,-1.5199966430664062,260438,-0.5453037754072317,14.435714285714289,13.985333333333331,-0.5888699481738711,85.91537403561313,5.319031189992727,86.46067781102036,1003.0997090010133,-0.1310599887746203,-100,47.5,49.12714285714286,48.62166666666666,44.64522222222222,74.15529994387312,-2.539999999999999,-2.229999999999997,0.5054761904761946,97.27822580645162,0.7618880183583638,1,Elevated,383.9477480382012,2565.699951171875,-0.0973444454299254,1.0155983459336446,-3.027443350895997,575.4378051757812,-1.2808604212286911,0.8262785401428431,2.228707134950958,106.69000244140624,0.0187534197096939,0.4111844570235851,4.067504813581047,High
2024-11-17,258.0,241,910,2340.0,953.7142857142856,8652.0,955.0666666666668,17991.0,14.58,924.58,71.04000091552734,-2.0948135256467992,2.326075209235212,2.1057351929946644,-8.981424551107164,-1.5199966430664062,238303,-0.7367507660585303,14.528571428571428,14.050333333333334,-0.5918940507061858,84.66224236065375,5.319031189992727,85.39899312671228,1015.2980243167052,-0.1914469906512985,-100,49.52,49.60428571428572,48.62199999999999,44.716,51.55723495325649,2.020000000000003,4.560000000000002,0.9822857142857232,99.19436052366568,1.2714216971677297,1,Elevated,389.0394111013396,2565.699951171875,-0.0973444454299254,1.0155983459336446,-3.027443350895997,575.4378051757812,-1.2808604212286911,0.8262785401428431,2.228707134950958,106.69000244140624,0.0187534197096939,0.4111844570235851,4.067504813581047,High
2024-11-18,408.0,298,1137,2196.0,963.4285714285714,8944.0,964.2,18233.0,14.39,1151.39,73.30000305175781,3.1813092723884,2.2977717007381644,2.135158475468573,-9.427897225560743,2.2600021362304688,390269,-0.589312822930207,14.508571428571427,14.11,-0.5848673063845791,85.73954793700716,6.421870695682639,86.32886075993737,1244.1407314556202,0.1474379431283232,100,51.46,49.44857142857143,48.79433333333333,44.838,42.63718971564161,1.9399999999999975,-0.0800000000000054,0.6542380952380924,99.89939637826964,1.734778730385123,2,High,480.39052043026055,2610.60009765625,1.7500154865679909,1.0702010912058892,-1.2931015782092323,577.7954711914062,0.4097169136992651,0.8070936622867392,3.584002156896493,106.27999877929688,-0.3842943600404824,0.4215338219835271,3.64735501304565,High
2024-11-19,435.0,264,1040,2277.0,967.2857142857144,9149.0,970.3,18428.0,14.59,1054.59,73.30999755859375,0.0136350701498422,2.1475373623356013,2.13520807415006,-5.014255935837964,0.0099945068359375,433857,-0.5813035654146989,14.55285714285714,14.179,-0.5813506629987809,87.26760499014641,2.66259802606924,87.84890855556111,1145.1015065816302,0.0080092575155081,100,48.45,49.35285714285715,48.830333333333336,44.89533333333333,17.440046287577534,-3.009999999999998,-4.949999999999996,0.5225238095238112,97.98994974874373,0.9275276795483556,1,Elevated,440.47082092154,2627.10009765625,0.6320385881703361,1.0565780190395353,0.4627188396271409,579.9075927734375,0.3655483103174983,0.7934753343196842,2.9886325821175896,106.20999908447266,-0.0658634697292215,0.4224429808396326,3.568986761382753,High
2024-11-20,211.0,229,896,2193.0,939.0,8954.0,966.9666666666668,18404.0,14.14,910.14,72.80999755859375,-0.6820352157294374,2.146645215019071,2.1323025207454327,-4.922961846851415,-0.5,436010,-0.5799261838369631,14.48,14.225,-0.5809859468862805,87.66658444911317,3.3209766154336497,88.24651063295013,1001.7074872483838,0.0013773815777357,100,47.89,49.31571428571429,48.78433333333333,44.95722222222222,59.30688690788868,-0.5600000000000023,2.449999999999996,0.5313809523809638,97.08835341365462,0.764674605470149,1,Elevated,383.0336927727635,2648.199951171875,0.8031613844653007,1.0636518358856193,1.6193381109698812,580.1040649414062,0.0338799095609632,0.7856212913765025,2.314856230049145,106.68000030517578,0.4425206899110412,0.4241287402673068,3.643252685205156,High
2024-11-21,306.0,160,653,2056.0,908.7142857142856,8863.0,951.8,18640.0,13.56,666.56,74.2300033569336,1.950289583785647,2.0617480089546123,2.135704751169551,-6.51133258134794,1.4200057983398438,439258,-0.6157421320122521,14.315714285714284,14.226,-0.5788381699010761,87.75777237590367,4.663170850875054,88.37351450791593,759.596685358791,-0.0358159481752889,100,49.16,49.14571428571429,48.80533333333333,45.03011111111111,34.97907974087644,1.269999999999996,1.8299999999999983,0.3403809523809542,98.44533600802409,1.072051331853573,1,Elevated,286.1639712419332,2672.10009765625,0.9025053593026078,1.0710226849980684,1.9651987362001355,583.21826171875,0.5368341588260162,0.788420828636686,3.0444514323747285,106.97000122070312,0.2718418772944764,0.4248449921736346,3.864456199133204,High
2024-11-22,372.0,261,1017,2058.0,935.7142857142856,9094.0,955.4,18915.0,13.85,1030.85,75.16999816894531,1.2663273198194158,2.078396828440906,2.140703518411847,-4.896258478941606,0.9399948120117188,419010,-0.5724793441317226,14.204285714285716,14.23,-0.5750311007092035,87.66168582711275,3.834349996154482,88.23416517124447,1122.918515167399,0.0432627878805295,-100,48.87,48.97857142857144,48.86533333333333,45.11411111111112,26.31631393940264,-0.2899999999999991,-1.5599999999999952,0.1132380952381026,98.09619238476954,0.9748672596072188,1,Elevated,431.5205730327107,2709.89990234375,1.414610355377599,1.0711402655618736,1.9679335778781448,585.02587890625,0.3099383723295768,0.7839075830681198,2.748539929949234,107.48999786376952,0.4861144593179212,0.4275559412154329,4.470792595401552,High
2024-11-23,59.0,203,767,2049.0,917.1428571428572,8827.0,950.1666666666666,18829.0,13.65,780.65,75.16999816894531,1.2663273198194158,2.078396828440906,2.140703518411847,-4.896258478941606,0.9399948120117188,263039,-0.6438694440051881,14.108571428571429,14.224,-0.5748516783729268,86.32685828364805,3.834349996154482,86.97072772765324,871.4550777238078,-0.0713900998734654,-100,46.28,48.80428571428572,48.792,45.16155555555555,74.95695049936732,-2.5899999999999963,-2.299999999999997,0.0122857142857171,95.5955955955956,0.2912361897129694,1,Elevated,331.1878855439924,2709.89990234375,1.414610355377599,1.0711402655618736,1.9679335778781448,585.02587890625,0.3099383723295768,0.7839075830681198,2.748539929949234,107.48999786376952,0.4861144593179212,0.4275559412154329,4.470792595401552,High
2024-11-24,245.0,281,1133,2036.0,949.0,8641.0,956.5333333333332,18990.0,13.9,1146.9,75.16999816894531,1.2663273198194158,2.078396828440906,2.140703518411847,-4.896258478941606,0.9399948120117188,237894,-0.6563412374511242,14.01142857142857,14.222,-0.5726160107680307,84.98630263905825,3.834349996154482,85.64264387650938,1236.376993872664,-0.012471793445936,-100,48.22,48.61857142857143,48.714666666666666,45.22588888888889,49.76235896722968,1.9399999999999975,4.529999999999994,-0.0960952380952377,97.4,0.7791973902209627,1,Elevated,477.4222687737637,2709.89990234375,1.414610355377599,1.0711402655618736,1.9679335778781448,585.02587890625,0.3099383723295768,0.7839075830681198,2.748539929949234,107.48999786376952,0.4861144593179212,0.4275559412154329,4.470792595401552,High
2024-11-25,393.0,261,1000,2021.0,929.4285714285714,8845.0,955.4666666666668,19247.0,13.67,1013.67,73.01000213623047,-2.873481555580504,2.111154875951657,2.1401142143226126,-5.744896721970417,-2.159996032714844,397028,-0.5838417551745194,13.90857142857143,14.199000000000002,-0.5615630280284756,86.09022197487398,5.559126103729203,86.6740637300485,1105.9031898337778,0.0724994822766047,100,50.49,48.48,48.784,45.32244444444444,42.26249741138303,2.270000000000003,0.3300000000000054,-0.3039999999999949,99.6003996003996,1.3371436140565482,2,High,425.02646318750135,2616.800048828125,-3.4355458456271526,1.2465019170836968,-1.1707832701989718,587.0103759765625,0.3392152624124289,0.7734557036888422,2.260744228893796,106.81999969482422,-0.623312105554652,0.4470669023374876,3.407547472484329,High
2024-11-26,453.0,268,1045,2039.0,930.1428571428572,9097.0,957.2,19623.0,13.72,1058.72,72.80999755859375,-0.2739413392476408,1.974062863711702,2.140110480456749,-1.939397227483164,-0.2000045776367187,428627,-0.5361852528352082,13.784285714285716,14.173,-0.554189410679575,87.56354123105969,2.441943925707659,88.0997264838949,1149.2616704096026,0.0476565023393111,100,48.66,48.50999999999999,48.84933333333333,45.41377777777778,22.73828251169656,-1.8300000000000052,-4.1000000000000085,-0.339333333333343,97.90419161676648,0.8442664101906225,1,Elevated,442.08472286706206,2620.300048828125,0.133751143942673,1.2426953272701626,-1.5442945451162982,590.0753784179688,0.5221376941263234,0.7602239641961008,3.599627599234534,107.01000213623048,0.1778715989038337,0.4462851556165378,3.631609454213103,High
2024-11-27,105.0,163,648,1933.0,894.7142857142857,8951.0,943.7333333333332,19600.0,13.13,661.13,72.83000183105469,0.02747462317223,1.9741086302438648,2.133578158444073,-1.8728097100336736,0.0200042724609375,432750,-0.4979077338372389,13.64,14.133333333333333,-0.5536044935709862,87.85475100601732,2.1888642244194623,88.35265873985456,751.671522964274,0.0382775189979692,100,45.74,48.202857142857134,48.711666666666666,45.46644444444444,85.69138759498985,-2.9199999999999946,-1.0899999999999892,-0.508809523809532,95.0149551345962,0.0716819620901548,1,Elevated,282.9980774377387,2639.89990234375,0.7480003492115639,1.2476411130933278,-1.2752467335919948,588.2874145507812,-0.3030060111948951,0.7616488395431258,2.8387372255811227,106.08000183105467,-0.8690779241288471,0.4794803670254421,2.4037123092872204,High
2024-11-28,551.0,201,818,2178.0,918.2857142857144,9140.0,938.6333333333332,20023.0,13.86,831.86,72.83000183105469,0.02747462317223,1.9741086302438648,2.133578158444073,-1.8728097100336736,0.0200042724609375,396479,-0.5528054330309327,13.682857142857143,14.128666666666668,-0.5550641716957228,87.59722121363124,2.1888642244194623,88.15002664666217,922.1988908710816,-0.0548976991936936,-100,50.57,48.40428571428572,48.75866666666666,45.58622222222223,100.0,4.829999999999998,7.749999999999993,-0.3543809523809429,99.7011952191235,1.3097173188168034,2,High,351.24955101910024,2639.89990234375,0.7480003492115639,1.2476411130933278,-1.2752467335919948,588.2874145507812,-0.3030060111948951,0.7616488395431258,2.8387372255811227,106.08000183105467,-0.8690779241288471,0.4794803670254421,2.4037123092872204,High
2024-11-29,444.0,221,887,2250.0,899.7142857142857,9416.0,932.5666666666668,20347.0,13.79,900.79,72.94000244140625,0.1510374949690751,1.97333978961549,2.131297366301401,-2.0281995550459064,0.1100006103515625,376525,-0.4546985252432336,13.674285714285714,14.113,-0.5504543350150699,87.15096926983298,2.327197240089156,87.60566779507622,990.7228650351652,0.098106907787699,-100,49.31,48.46714285714285,48.799,45.69022222222222,32.5905345389385,-1.259999999999998,-6.089999999999996,-0.3318571428571459,98.50746268656717,0.9583068683966082,1,Elevated,378.76801245505095,2657.0,0.647755531983174,1.2478656058629902,-1.263470828688218,591.9420166015625,0.6212273049512662,0.7674114026715505,3.468723641735205,105.73999786376952,-0.3205165548796351,0.4840465020391348,1.8395415573840168,High
2024-11-30,115.0,187,706,2306.0,891.0,9133.0,924.5,20360.0,13.81,719.81,72.94000244140625,0.1510374949690751,1.97333978961549,2.131297366301401,-2.0281995550459064,0.1100006103515625,254859,-0.585055068353716,13.69714285714286,14.089666666666666,-0.5488850864825647,85.8881812058185,2.327197240089156,86.47323627417221,808.6104335142613,-0.1303565431104824,-100,46.0,48.42714285714286,48.66666666666666,45.757777777777775,76.65178271555243,-3.3100000000000023,-2.0500000000000043,-0.2395238095238028,94.9304174950298,0.0649922600605267,1,Elevated,306.1495261508701,2657.0,0.647755531983174,1.2478656058629902,-1.263470828688218,591.9420166015625,0.6212273049512662,0.7674114026715505,3.468723641735205,105.73999786376952,-0.3205165548796351,0.4840465020391348,1.8395415573840168,High
2024-12-01,49.0,112,394,2110.0,785.4285714285714,8791.0,909.6333333333332,20214.0,12.39,406.39,72.94000244140625,0.1510374949690751,1.97333978961549,2.131297366301401,-2.0281995550459064,0.1100006103515625,240150,-0.5362983139532302,13.481428571428571,14.028333333333334,-0.5460910519659792,84.78426187000278,2.327197240089156,85.320560183956,494.03775742404514,0.0487567544004857,-100,44.38,47.87857142857143,48.562,45.775444444444446,37.64378377200243,-1.6199999999999974,1.6900000000000048,-0.6834285714285642,93.74379344587884,-0.3754760554000879,1,Elevated,180.5509909328269,2657.0,0.647755531983174,1.2478656058629902,-1.263470828688218,591.9420166015625,0.6212273049512662,0.7674114026715505,3.468723641735205,105.73999786376952,-0.3205165548796351,0.4840465020391348,1.8395415573840168,High
2024-12-02,533.0,224,875,2250.0,767.5714285714286,9265.0,907.9333333333332,20635.0,12.47,887.47,71.83000183105469,-1.5217995245383251,1.963355143262828,2.1342504893394456,-1.68354197733529,-1.1100006103515625,396004,-0.4938934427951739,13.31,13.983,-0.5360581713675625,85.86701383758985,3.6535088655346826,86.36090728038502,977.4844161459198,0.0424048711580563,100,50.2,47.83714285714286,48.70366666666666,45.83533333333334,100.0,5.82,7.439999999999998,-0.8665238095238053,99.30555555555556,1.1657574144148872,2,High,373.72158500229096,2634.89990234375,-0.8317688240967236,1.2446867262071477,-2.903786352433557,593.0029907226562,0.179236156808904,0.7658515812344854,3.256979104294877,106.4499969482422,0.6714574416649688,0.4906508165901393,2.860178901896493,High
2024-12-03,498.0,248,1011,2295.0,762.7142857142857,9593.0,908.2333333333332,21049.0,12.47,1023.47,73.62000274658203,2.4919961992169397,1.9931178025132803,2.146849167208372,-0.9018685700477258,1.7900009155273438,430703,-0.5426403111294147,13.131428571428572,13.932666666666668,-0.5271716945339867,87.41991613809543,4.575300858734993,87.96255644922485,1116.00785730796,-0.0487468683342407,100,49.05,47.89285714285715,48.77166666666666,45.92655555555555,17.243734341671203,-1.1500000000000057,-6.970000000000006,-0.8788095238095082,97.81962338949457,0.8394259013942593,1,Elevated,428.810631633339,2644.699951171875,0.3719324904679633,1.245004583188386,-2.87907692235968,593.2779541015625,0.046367958207294,0.7642171921172977,3.474806064564806,106.37000274658205,-0.0751472089746019,0.485423552922762,2.2690131351602805,High
2024-12-04,218.0,214,882,2408.0,796.1428571428571,9377.0,910.3666666666668,21237.0,13.02,895.02,72.30999755859375,-1.779414750224384,1.9666294235338344,2.147837289455072,-4.905317348795468,-1.3100051879882812,431776,-0.5052450392128021,13.115714285714288,13.900666666666666,-0.5278087855577877,87.78306366393137,4.236575908637765,88.28830870314417,987.544884611782,0.0373952719166126,100,47.78,48.184285714285714,48.666,46.01455555555556,71.68697635958304,-1.269999999999996,-0.1199999999999903,-0.4817142857142897,96.13861386138612,0.4811607116852138,1,Elevated,377.360292104084,2653.800048828125,0.3440880940848378,1.2371484383007365,-3.294217037834501,596.9619140625,0.6209500851108496,0.7689455333978922,4.172658253787809,106.33999633789062,-0.0282094649963426,0.4857953109385099,2.171401294270159,High
2024-12-05,368.0,197,818,2225.0,796.1428571428571,9305.0,903.0666666666668,21500.0,12.64,830.64,72.08999633789062,-0.3042473076075747,1.952247064467627,2.143114662309873,-3.828712355436148,-0.220001220703125,427784,-0.451966524468109,12.941428571428572,13.845666666666666,-0.5268761398786019,87.78118559798872,2.6393656076188163,88.23315212245683,921.5125177300756,0.053278514744693,-100,48.23,47.85000000000001,48.66499999999999,46.08033333333333,44.066392573723455,0.4499999999999957,1.7199999999999918,-0.8149999999999835,96.83481701285857,0.5881416054167924,1,Elevated,350.9583766675389,2626.60009765625,-1.0249435025779796,1.235528578645467,-3.234593569344346,595.9795532226562,-0.1645600526101409,0.745374142030011,4.960298585337797,105.70999908447266,-0.5924367830671962,0.4978652824908422,1.2257002542912288,High
2024-12-06,407.0,200,806,2188.0,784.5714285714286,9481.0,899.5,21852.0,12.44,818.44,71.12000274658203,-1.3455314753550107,1.961704579921974,2.1272703630558576,-4.382891405237488,-0.9699935913085938,400175,-0.355761074595178,12.748571428571427,13.786333333333337,-0.5343992398416051,87.36519399169144,3.745525195800733,87.72095506628662,909.9064802620874,0.096205449872931,-100,47.77,47.63,48.65466666666667,46.15544444444444,20.281027249364666,-0.4599999999999937,-0.9099999999999896,-1.0246666666666755,95.94861660079052,0.4461416934436722,1,Elevated,346.41840109157766,2638.60009765625,0.4568643704349062,1.2295760588113298,-3.5211454943916976,597.1094360351562,0.1895841571057932,0.7453257282545928,4.932335391641707,105.97000122070312,0.2459579401024259,0.4934390617645655,1.8354830933317023,High
2024-12-07,109.0,240,923,2182.0,815.5714285714286,9173.0,902.3,21920.0,12.75,935.75,71.12000274658203,-1.3455314753550107,1.961704579921974,2.1272703630558576,-4.382891405237488,-0.9699935913085938,260617,-0.5696857517283835,12.597142857142856,13.743333333333332,-0.5413740281710802,86.01620270090923,3.745525195800733,86.58588845263762,1026.0814136484382,-0.2139246771332055,-100,46.19,47.65714285714285,48.52333333333333,46.224777777777774,73.76962338566602,-1.5800000000000054,-1.1200000000000117,-0.8661904761904822,94.5705824284304,-0.0097746174192748,1,Elevated,393.1153877688478,2638.60009765625,0.4568643704349062,1.2295760588113298,-3.5211454943916976,597.1094360351562,0.1895841571057932,0.7453257282545928,4.932335391641707,105.97000122070312,0.2459579401024259,0.4934390617645655,1.8354830933317023,High
2024-12-08,293.0,218,858,2426.0,881.8571428571429,9178.0,897.1,22081.0,13.88,871.88,71.12000274658203,-1.3455314753550107,1.961704579921974,2.1272703630558576,-4.382891405237488,-0.9699935913085938,232029,-0.6666777756864988,12.81,13.737,-0.5488788042003964,84.62400806817129,3.745525195800733,85.29068584385779,960.9162110396584,-0.0969920239581152,-100,48.75,48.28142857142857,48.501666666666665,46.30533333333333,58.58496011979059,2.5600000000000023,4.140000000000008,-0.2202380952380949,97.534516765286,0.6921930866011229,1,Elevated,367.3083472470919,2638.60009765625,0.4568643704349062,1.2295760588113298,-3.5211454943916976,597.1094360351562,0.1895841571057932,0.7453257282545928,4.932335391641707,105.97000122070312,0.2459579401024259,0.4934390617645655,1.8354830933317023,High
2024-12-09,400.0,239,968,2293.0,895.1428571428571,9435.0,895.7333333333333,22299.0,13.73,981.73,72.13999938964844,1.4341909500494632,1.9332171933310436,2.1284365772581144,-5.141358981206512,1.0199966430664062,389658,-0.5721084514554844,12.989999999999998,13.716,-0.5452970296050239,85.61482088259082,3.881544041501158,86.1869293340463,1071.7984733755477,0.0945693242310143,100,49.52,48.18428571428571,48.546,46.37666666666667,33.37284662115508,0.7700000000000031,-1.7899999999999991,-0.3617142857142923,98.76847290640394,0.8901760735669794,1,Elevated,411.4820034834097,2664.89990234375,0.9967332568076914,1.2448963081202298,-2.7728119489154768,594.0345458984375,-0.5149625765648924,0.7548237494404989,4.428028799660422,106.1500015258789,0.1698596801946728,0.4932523238642599,1.812775130369637,High
2024-12-10,343.0,235,957,2138.0,887.4285714285714,9655.0,897.1666666666666,22575.0,13.34,970.34,72.19000244140625,0.0693139065440329,1.5756562364108626,2.098804533060495,1.078135385329304,0.0500030517578125,429565,-0.6138565614345417,13.114285714285714,13.696333333333335,-0.5438527956962013,87.15960837316919,1.752783681487826,87.77346493460374,1059.8662486160915,-0.0417481099790573,100,46.79,47.86142857142857,48.56633333333333,46.43011111111111,25.508740549895293,-2.730000000000004,-3.500000000000007,-0.7049047619047641,94.68503937007874,0.1028222139417584,1,Elevated,406.3918064595159,2697.60009765625,1.2270703032313035,1.2676069607327427,-1.651529632882054,592.1875610351562,-0.3109221300400699,0.7587181797220962,3.7825141285784634,106.4000015258789,0.2355157761717574,0.4942775662462925,1.993866791736476,High
2024-12-11,210.0,182,754,2130.0,869.1428571428571,9313.0,886.6666666666666,22476.0,13.14,767.14,73.5199966430664,1.842352343372844,1.6063370724902022,2.1071369166282485,3.3745694654092384,1.3299942016601562,428245,-0.5298905928880294,13.131428571428572,13.65,-0.5463088712743168,87.53533894082089,3.78614636240397,88.06522953370892,858.9913758961129,0.0839659685465122,-100,47.19,47.777142857142856,48.38766666666666,46.45455555555555,39.01982984273256,0.3999999999999986,3.1300000000000026,-0.610523809523805,95.18190757128812,0.2102700190679573,1,Elevated,325.98350445170337,2733.800048828125,1.3419317119437668,1.28073396411195,-1.2498141430482113,596.7655639648438,0.7730663781057912,0.7678486531486571,4.4158360309238365,106.70999908447266,0.2913510847256439,0.4955180751476264,2.330264991965292,High
2024-12-12,363.0,218,908,2125.0,882.0,9322.0,883.1666666666666,22817.0,13.26,921.26,73.41000366210938,-0.149609610962087,1.5667376051076352,2.1070044954275327,1.1853901780514375,-0.1099929809570312,433669,-0.4103528636685603,13.22,13.616,-0.5433762956925057,87.56702347832835,1.834886233874866,87.97737634199692,1011.0722625758716,0.1195377292194691,100,47.73,47.705714285714286,48.34133333333333,46.53011111111111,42.397688646097336,0.5399999999999991,0.1400000000000005,-0.6356190476190449,95.67779960707269,0.3477878073091935,1,Elevated,386.8334297619493,2687.5,-1.6936150413770057,1.307142684082791,-3.622019006634392,593.6906127929688,-0.5152695392551365,0.7731077019417675,4.193021025786914,106.95999908447266,0.2342798258315959,0.4916361034942958,2.856045082906844,High
2024-12-13,292.0,239,931,2010.0,899.8571428571429,9319.0,877.7333333333333,22854.0,13.23,944.23,74.48999786376953,1.4711812393187529,1.5818477662713553,2.097005490190745,1.8179252803249613,1.0799942016601562,407145,-0.4389655579823994,13.332857142857144,13.568666666666669,-0.5436581440675384,87.31225600793296,3.2348215336226045,87.75122156591536,1035.216043099538,-0.0286126943138391,-100,47.09,47.60857142857143,48.306,46.56488888888889,24.643063471569192,-0.6399999999999935,-1.1799999999999926,-0.6974285714285742,94.89695780176643,0.1526653764944778,1,Elevated,396.53617292663216,2656.0,-1.1720930232558158,1.28403613807109,-3.0055160997913943,593.57275390625,-0.019851903361634,0.6649408886610094,6.255288128719161,107.0,0.0373980140891294,0.4913657721310548,2.904401371001719,High
2024-12-14,108.0,297,1141,2009.0,931.0,8984.0,886.9333333333333,22905.0,13.56,1154.56,74.48999786376953,1.4711812393187529,1.5818477662713553,2.097005490190745,1.8179252803249613,1.0799942016601562,262401,-0.5844056997202308,13.448571428571428,13.530333333333337,-0.5472504929024472,85.96822594134925,3.2348215336226045,86.55263164106948,1244.347453174692,-0.1454401417378313,-100,46.06,47.59,48.163,46.61333333333333,50.82720070868916,-1.0300000000000011,-0.3900000000000077,-0.5730000000000075,93.82352941176472,-0.1627059460371506,1,Elevated,480.42845494166295,2656.0,-1.1720930232558158,1.28403613807109,-3.0055160997913943,593.57275390625,-0.019851903361634,0.6649408886610094,6.255288128719161,107.0,0.0373980140891294,0.4913657721310548,2.904401371001719,High
2024-12-15,395.0,192,747,2111.0,915.1428571428572,9009.0,884.2333333333333,23237.0,13.6,760.6,74.48999786376953,1.4711812393187529,1.5818477662713553,2.097005490190745,1.8179252803249613,1.0799942016601562,232259,-0.6034197729408632,13.40857142857143,13.496,-0.5535563591127223,84.56403516240262,3.2348215336226045,85.16745493534349,849.0022764689661,-0.0190140732206324,-100,48.8,47.597142857142856,48.12166666666667,46.71488888888889,67.89507036610317,2.739999999999995,3.769999999999996,-0.5245238095238136,97.45347698334965,0.6268179771583089,1,Elevated,322.5674196005178,2656.0,-1.1720930232558158,1.28403613807109,-3.0055160997913943,593.57275390625,-0.019851903361634,0.6649408886610094,6.255288128719161,107.0,0.0373980140891294,0.4913657721310548,2.904401371001719,High
2024-12-16,352.0,235,950,2063.0,912.5714285714286,9293.0,886.0,23529.0,13.48,963.48,73.91000366210938,-0.7786202420368871,1.589284319911038,2.095186009349442,1.1080782556719848,-0.5799942016601562,395580,-0.500172958790819,13.372857142857145,13.468,-0.5520519985588417,85.62155844416009,2.478712387515124,86.1217314029509,1052.080443790466,0.1032468141500442,100,46.84,47.21428571428572,48.09966666666666,46.805,20.31623407075021,-1.9599999999999935,-4.699999999999989,-0.8853809523809488,94.3248532289628,0.0108838551323378,1,Elevated,403.6078312355963,2651.39990234375,-0.1731964479009806,1.2839591199178937,-3.1841156869572784,596.1072998046875,0.4269983555946322,0.664997115526568,6.260505966246432,106.86000061035156,-0.1308405510733079,0.4916840453581221,2.4741099551747414,High
2024-12-17,402.0,260,1062,2122.0,927.5714285714286,9437.0,891.0666666666667,23771.0,13.75,1075.75,73.19000244140625,-0.9741593627768164,1.5173669096053115,2.0961156884731778,-2.5173139898175823,-0.720001220703125,430543,-0.6262155787584595,13.431428571428572,13.440333333333331,-0.5483674923155061,87.12588926422384,2.743257671363886,87.7521048429823,1166.2453625143462,-0.1260426199676404,100,47.81,47.36,48.04266666666668,46.880333333333326,23.3302130998382,0.9699999999999988,2.9299999999999926,-0.6826666666666767,95.79667644183772,0.2943977508833008,1,Elevated,448.94772403714205,2644.39990234375,-0.2640114753648559,1.2843070226149635,-3.351492710045612,593.6513061523438,-0.4120052972255927,0.6702282791780294,6.051154419381888,106.95999908447266,0.0935789570933209,0.4840610603209997,2.9550483327176917,High
2024-12-18,178.0,220,874,2090.0,944.7142857142856,9207.0,882.3,23847.0,13.89,887.89,73.38999938964844,0.2732571957519747,1.5135414287201,2.065198672347438,-2.8333105047461227,0.1999969482421875,425445,-0.4813616520393924,13.53857142857143,13.423666666666666,-0.5447691199524789,87.40115112921845,2.070129674946686,87.88251278125784,977.8426424562044,0.144853926719067,-100,46.24,47.22428571428571,47.86866666666667,46.94766666666668,56.924269633595344,-1.5700000000000005,-2.539999999999999,-0.6443809523809563,93.75,-0.2299891200923211,1,Elevated,373.5605544262302,2636.5,-0.2987408348014364,1.283815928165231,-3.7879081479604615,575.9583740234375,-2.9803576519657926,0.8614925538597575,1.6611710860241935,108.02999877929688,1.00037369482322,0.4994960279206154,4.457552399895359,High
2024-12-19,363.0,191,768,2090.0,924.7142857142856,9135.0,873.2333333333333,24084.0,13.71,781.71,72.87999725341797,-0.6949204802724207,1.5118239837642764,2.0567639076286084,-2.7229057199482654,-0.5100021362304688,424637,-0.5664893332350724,13.602857142857143,13.394333333333334,-0.5442753122131581,87.3290020959216,2.479035036031524,87.89549142915666,872.0845264651882,-0.08512768119568,-100,48.22,47.294285714285714,47.861,47.049,49.2256384059784,1.9799999999999969,3.549999999999997,-0.5667142857142835,96.4390243902439,0.3951147370511312,1,Elevated,331.254712300244,2592.199951171875,-1.6802597696994104,1.2287545179357255,-2.826516109015797,575.7815551757812,-0.0306999352090442,0.729296037468211,-0.8358248052846573,108.41000366210938,0.3517586662097782,0.4180814539436986,3.1592039584282583,High
2024-12-20,354.0,281,1126,2152.0,952.5714285714286,9278.0,880.9,24254.0,14.09,1140.09,72.94000244140625,0.0823342347004096,1.4997287968407345,2.053725910842823,-3.556782903215228,0.0600051879882812,399210,-0.5340312007248601,13.725714285714288,13.392666666666663,-0.5427454794427545,87.04103198471503,1.937741321862667,87.57506318543989,1229.6028045073024,0.0324581325102123,-100,46.25,47.17428571428572,47.80633333333333,47.11688888888888,15.762290662551052,-1.9699999999999989,-3.949999999999996,-0.6320476190476114,93.66471734892788,-0.3018180698134459,1,Elevated,474.326109165833,2628.699951171875,1.408070391464178,1.2384283262844271,-2.583010439310185,582.697265625,1.2010996856451015,0.7493609308404883,-0.414763243227001,107.62000274658205,-0.7287158830744156,0.4287648849407504,2.9757923134454023,High
2024-12-21,98.0,264,1007,2142.0,933.4285714285714,9070.0,892.7,24195.0,13.88,1020.88,72.94000244140625,0.0823342347004096,1.4997287968407345,2.053725910842823,-3.556782903215228,0.0600051879882812,252814,-0.7346759284179921,13.771428571428572,13.403333333333334,-0.546709939322946,85.58205645716632,1.937741321862667,86.3167323855843,1109.134473707447,-0.200644727693132,-100,45.38,47.07714285714286,47.68033333333334,47.17933333333334,64.30322363846565,-0.8699999999999974,1.1000000000000014,-0.6031904761904769,92.79454722492696,-0.6496386323436508,1,Elevated,426.3904430058619,2628.699951171875,1.408070391464178,1.2384283262844271,-2.583010439310185,582.697265625,1.2010996856451015,0.7493609308404883,-0.414763243227001,107.62000274658205,-0.7287158830744156,0.4287648849407504,2.9757923134454023,High
2024-12-22,243.0,223,861,1990.0,949.7142857142856,8941.0,887.5,24284.0,13.75,874.75,72.94000244140625,0.0823342347004096,1.4997287968407345,2.053725910842823,-3.556782903215228,0.0600051879882812,225160,-0.6770735184857861,13.792857142857144,13.4,-0.5501964118014147,84.06512694473727,1.937741321862667,84.74220046322306,961.4299417850856,0.057602409932206,-100,46.67,46.77285714285715,47.607,47.25566666666667,40.58801204966104,1.2899999999999991,2.1599999999999966,-0.8341428571428509,93.8715953307393,-0.2204707025748249,1,Elevated,367.6235366213897,2628.699951171875,1.408070391464178,1.2384283262844271,-2.583010439310185,582.697265625,1.2010996856451015,0.7493609308404883,-0.414763243227001,107.62000274658205,-0.7287158830744156,0.4287648849407504,2.9757923134454023,High
2024-12-23,446.0,271,1065,2084.0,966.1428571428572,9328.0,897.4333333333333,24657.0,14.13,1079.13,72.62999725341797,-0.425013953402753,1.4418450189780945,2.0461667953605778,-1.6786319846474274,-0.3100051879882812,345430,-0.5016132310844942,13.885714285714284,13.416,-0.5454545380373916,84.70985915757474,2.0347221708455905,85.21147238865923,1166.376194559505,0.1754602874012919,100,48.97,47.07714285714286,47.69666666666667,47.343222222222224,55.277301437006464,2.299999999999997,1.009999999999998,-0.6195238095238125,97.667638483965,0.6306102610695313,1,Elevated,449.5081833460701,2612.300048828125,-0.6238788240719106,1.241062043775522,-2.7981377180232525,586.1865844726562,0.5988219017835306,0.7533473640816986,-0.2505037286304801,108.04000091552734,0.3902603217120326,0.4266600969280779,2.8952389671689005,High
2024-12-24,370.0,289,1142,2052.0,977.5714285714286,9453.0,897.7333333333333,24827.0,14.21,1156.21,73.58000183105469,1.3080058014073748,1.3670802466629677,2.044512040740288,2.4363078872196464,0.9500045776367188,314524,-0.4421940998032392,13.95142857142857,13.426333333333334,-0.5383163001157955,85.3095099625138,2.9187168367923078,85.75170406231705,1244.8804208991094,0.0594191312812549,-100,48.07,47.114285714285714,47.69166666666667,47.395,26.297095656406277,-0.8999999999999986,-3.199999999999996,-0.5773809523809561,95.8252427184466,0.265079323830326,1,Elevated,480.8018275471804,2620.0,0.2947575327470142,1.1281907332514618,0.3370116801731493,592.7020874023438,1.1115066605539958,0.7804007440068319,0.7621887949582851,108.26000213623048,0.2036294139567296,0.4198755495750241,2.5772230406556185,High
2024-12-25,220.0,216,896,2094.0,980.7142857142856,9280.0,894.2666666666667,24895.0,14.3,910.3,73.58000183105469,1.3080058014073748,1.3670802466629677,2.044512040740288,2.4363078872196464,0.9500045776367188,241630,-0.511159303415725,14.010000000000002,13.447333333333331,-0.5358935517238357,84.09347791519654,2.9187168367923078,84.60463721861227,997.8233540554046,-0.0689652036124858,-100,47.08,47.23428571428572,47.578,47.44922222222223,41.244826018062426,-0.990000000000002,-0.0900000000000034,-0.3437142857142774,94.37439379243452,-0.1485338097567993,1,Elevated,382.2084141784394,2620.0,0.2947575327470142,1.1281907332514618,0.3370116801731493,592.7020874023438,1.1115066605539958,0.7804007440068319,0.7621887949582851,108.26000213623048,0.2036294139567296,0.4198755495750241,2.5772230406556185,High
2024-12-26,370.0,200,845,2101.0,991.7142857142856,9197.0,887.6,25198.0,14.39,859.39,73.26000213623047,-0.4349003626813785,1.3704280831909297,2.02795048197036,1.9056930841750752,-0.3199996948242187,296691,-0.7236731646844955,14.107142857142858,13.469666666666669,-0.5421431487854785,83.061042464323,1.995897754289816,83.7847156290075,945.1706133832972,-0.2125138612687704,100,48.19,47.23,47.562333333333335,47.52766666666668,41.96256930634385,1.1099999999999994,2.1000000000000014,-0.3323333333333309,96.17248062015504,0.2766850360572869,1,Elevated,361.31130222751744,2638.800048828125,0.7175591155772931,1.131962006821392,1.4923095703125,592.7415771484375,0.0066626635763622,0.7777945122679996,1.0829214909241711,108.12999725341795,-0.120085793688518,0.4155459320528344,1.990191168799238,High
2024-12-27,378.0,230,920,2125.0,962.2857142857144,9470.0,896.6666666666666,25517.0,14.14,934.14,74.16999816894531,1.2421457905811506,1.3845910068452718,2.0315961442937027,2.61483041168753,0.9099960327148438,325321,-0.7251374693903134,14.114285714285714,13.503333333333334,-0.5497174733039144,82.22038102201844,2.8882198385951754,82.94551849140876,1019.973738330004,-0.0014643047058179,100,46.78,47.30571428571428,47.597,47.61000000000001,14.10732152352909,-1.4099999999999966,-2.519999999999996,-0.2912857142857206,93.6108422071636,-0.3718549664324282,1,Elevated,391.40039163371983,2617.199951171875,-0.8185575737669981,1.1339922231251174,1.4104115644401949,586.5020751953125,-1.0526513060112983,0.8029009667512306,-0.0297021308027778,108.0,-0.1202231172847456,0.4109443165590536,1.4274949240668189,High
2024-12-28,107.0,243,934,2134.0,951.8571428571428,9026.0,900.5333333333333,25520.0,14.04,948.04,74.16999816894531,1.2421457905811506,1.3845910068452718,2.0315961442937027,2.61483041168753,0.9099960327148438,237137,-0.8358600995719698,14.13714285714286,13.509333333333334,-0.5591526288552823,80.97348609104363,2.8882198385951754,81.8093461906156,1032.7375660292107,-0.1107226301816564,-100,45.82,47.36857142857143,47.43866666666666,47.67022222222222,65.75361315090831,-0.9600000000000009,0.4499999999999957,-0.0700952380952344,92.45647969052224,-0.8790370133404586,1,Elevated,396.7331571735612,2617.199951171875,-0.8185575737669981,1.1339922231251174,1.4104115644401949,586.5020751953125,-1.0526513060112983,0.8029009667512306,-0.0297021308027778,108.0,-0.1202231172847456,0.4109443165590536,1.4274949240668189,High
2024-12-29,335.0,188,721,2226.0,931.8571428571428,8917.0,895.0,25708.0,14.02,735.02,74.16999816894531,1.2421457905811506,1.3845910068452718,2.0315961442937027,2.61483041168753,0.9099960327148438,221070,-0.996412784435508,14.175714285714289,13.517,-0.577209770828358,79.757008003065,2.8882198385951754,80.7534207875005,818.6616406260957,-0.1605526848635382,-100,48.07,47.568571428571424,47.397333333333336,47.75255555555556,56.602763424317686,2.25,3.210000000000001,0.1712380952380883,95.70048309178743,0.1613020474401547,1,Elevated,311.3139720929382,2617.199951171875,-0.8185575737669981,1.1339922231251174,1.4104115644401949,586.5020751953125,-1.0526513060112983,0.8029009667512306,-0.0297021308027778,108.0,-0.1202231172847456,0.4109443165590536,1.4274949240668189,High
2024-12-30,425.0,220,877,2205.0,905.0,9227.0,900.7,25916.0,13.69,890.69,74.38999938964844,0.2966175355728184,1.3840298847161507,2.025833225578624,2.5220533250113863,0.220001220703125,327047,-0.6181059539098116,14.11285714285714,13.513,-0.5783114670135613,80.32189893751548,1.932852752790108,80.9400048914253,973.5628576442156,0.3783068305256964,100,48.2,47.45857142857143,47.470666666666666,47.80555555555556,33.191534152628485,0.1300000000000025,-2.119999999999997,-0.0120952380952346,96.23552123552123,0.2061077935573402,1,Elevated,373.2371420794012,2606.10009765625,-0.4241117882741396,1.1329971377469945,1.47574749649384,579.80908203125,-1.1411712672685148,0.8216372222942773,-0.5309467274270729,108.12999725341795,0.1203678272388542,0.4104456140140514,1.3687063931137278,High
2024-12-31,233.0,253,1015,2068.0,886.8571428571429,9411.0,921.4,26023.0,13.22,1028.22,74.63999938964844,0.3360666783857935,1.3213056525596272,2.0195012124580085,5.067565354344228,0.25,307353,-0.4245363286722965,13.971428571428572,13.540666666666668,-0.5745860675041967,80.84778087728216,2.1641288663798437,81.27231720595447,1111.6564460723343,0.193569625237515,-100,46.36,47.21428571428572,47.53666666666667,47.85755555555556,54.06784812618757,-1.8400000000000036,-1.970000000000006,-0.3223809523809535,93.1533269045323,-0.8292046179621607,1,Elevated,428.4081149877428,2629.199951171875,0.8863762959987476,1.1426275157505816,2.4749581482042204,577.6997680664062,-0.3637945713879098,0.789320053126202,0.3930855550816625,108.48999786376952,0.3329331540699476,0.4137179254253478,1.6871266109041771,High
2025-01-01,153.0,238,973,2001.0,897.8571428571429,9031.0,924.6666666666666,25689.0,13.21,986.21,74.63999938964844,0.3360666783857935,1.3213056525596272,2.0195012124580085,5.067565354344228,0.25,233551,-0.7486563113787299,13.815714285714288,13.565333333333337,-0.5830781631236487,79.57654151652572,2.1641288663798437,80.32519782790445,1068.6993266942843,-0.3241199827064334,-100,45.06,46.92571428571428,47.36533333333333,47.81077777777778,27.720599913532165,-1.2999999999999972,0.5400000000000063,-0.439619047619054,91.6184971098266,-1.5085508104210652,1,Elevated,411.41469111213286,2629.199951171875,0.8863762959987476,1.1426275157505816,2.4749581482042204,577.6997680664062,-0.3637945713879098,0.789320053126202,0.3930855550816625,108.48999786376952,0.3329331540699476,0.4137179254253478,1.6871266109041771,High
2025-01-02,324.0,227,915,1955.0,907.8571428571428,8857.0,921.4666666666668,25899.0,13.25,928.25,75.93000030517578,1.7282970606592007,1.2307723222664515,2.012613901338028,3.5879906465500437,1.2900009155273438,329908,-0.8544017610823184,13.652857142857144,13.591333333333331,-0.5934702114554121,78.78779294698595,3.317868447580657,79.64219470806826,1011.2100631556488,-0.1057454497035884,100,47.71,46.85714285714285,47.32066666666667,47.86055555555557,45.12872724851794,2.6499999999999986,3.949999999999996,-0.4635238095238136,94.89894128970164,-0.0856919669578004,1,Elevated,388.55558632064594,2658.89990234375,1.1296193413755873,1.1168309909284964,1.850141840217612,576.2803344726562,-0.2457043731384778,0.7871176103424183,-0.2622271710828405,109.38999938964844,0.8295709683846075,0.4282146449352192,2.9262332010464576,High
2025-01-03,331.0,328,1328,1908.0,966.1428571428572,8970.0,936.3333333333334,26171.0,13.74,1341.74,76.51000213623047,0.763863859770253,1.2360442446421736,1.9876534307020584,4.365031624887283,0.5800018310546875,350928,-0.8268014728815754,13.595714285714283,13.615333333333334,-0.6041887592443712,78.15513513310479,2.436411266901155,78.98193660598636,1423.1583478728876,0.027600288200743,100,45.81,46.71857142857143,47.255,47.90522222222223,16.438001441003717,-1.8999999999999984,-4.549999999999997,-0.5364285714285657,92.01923076923076,-1.2708828059420962,1,Elevated,553.4669518279577,2645.0,-0.5227689215189235,1.1165928521822344,0.6813559315733464,583.4857788085938,1.250336668616514,0.8174989114230966,0.6170269332124834,108.9499969482422,-0.402232785319756,0.4369428544734764,2.579792757168109,High
2025-01-04,155.0,316,1172,1956.0,1000.1428571428572,8757.0,948.1333333333332,26119.0,14.22,1186.22,76.51000213623047,0.763863859770253,1.2360442446421736,1.9876534307020584,4.365031624887283,0.5800018310546875,241726,-0.9213878028732908,13.62142857142857,13.668,-0.6198361351912107,76.69918016161382,2.436411266901155,77.62056796448712,1266.2769792313884,-0.0945863299917155,-100,46.12,46.761428571428574,47.18466666666667,47.92277777777778,50.47293164995858,0.3099999999999951,2.2099999999999937,-0.4232380952380978,92.41114313160422,-1.112433397562773,1,Elevated,490.986678099658,2645.0,-0.5227689215189235,1.1165928521822344,0.6813559315733464,583.4857788085938,1.250336668616514,0.8174989114230966,0.6170269332124834,108.9499969482422,-0.402232785319756,0.4369428544734764,2.579792757168109,High
2025-01-05,229.0,300,1169,1850.0,1064.142857142857,8579.0,960.2333333333332,26048.0,14.67,1183.67,76.51000213623047,0.763863859770253,1.2360442446421736,1.9876534307020584,4.365031624887283,0.5800018310546875,214911,-0.8208136611121917,13.714285714285714,13.742333333333336,-0.6353378880751112,75.24943845828315,2.436411266901155,76.07025211939535,1262.1766633862965,0.1005741417610992,-100,46.49,46.535714285714285,47.142,47.90188888888889,29.80287070880549,0.3700000000000045,0.0600000000000093,-0.6062857142857183,93.09021113243762,-0.8678686266968559,1,Elevated,489.6566149306397,2645.0,-0.5227689215189235,1.1165928521822344,0.6813559315733464,583.4857788085938,1.250336668616514,0.8174989114230966,0.6170269332124834,108.9499969482422,-0.402232785319756,0.4369428544734764,2.579792757168109,High
2025-01-06,355.0,299,1152,1780.0,1103.428571428571,8825.0,967.8666666666668,26153.0,14.96,1166.96,76.30000305175781,-0.2744727207022457,1.2288036357404093,1.973187635909102,4.7933053291967065,-0.2099990844726562,348544,-0.4723276074955244,13.895714285714288,13.816,-0.6320926166006825,75.93749139219776,1.9826068893623257,76.40981899969329,1245.3524258890557,0.3484860536166673,100,48.11,46.52285714285714,47.206,47.909333333333336,39.84243026808335,1.6199999999999974,1.249999999999993,-0.6831428571428617,95.87727708533076,0.12339288268054,1,Elevated,482.8590065556836,2638.39990234375,-0.2495311023156921,1.107923071480411,-0.3700645347338049,586.8469848632812,0.5760562085250331,0.8236997268657656,1.1623638463136965,108.26000213623048,-0.6333132917291429,0.4505964833955992,1.4810665790540245,High
2025-01-07,393.0,265,1056,1940.0,1109.2857142857142,8925.0,974.4666666666668,26379.0,15.35,1071.35,77.05000305175781,0.9829619528209488,1.1924544338349463,1.9724767642646397,3.799002515551964,0.75,394689,-0.6589853073019736,14.2,13.865,-0.6318362009878649,77.21035058482973,2.5553166382110915,77.8693358921317,1151.7746525303426,-0.1866576998064492,100,47.79,46.72714285714286,47.174,47.93633333333334,22.43328849903224,-0.3200000000000003,-1.9399999999999975,-0.4468571428571408,95.11494252873564,-0.0912613769894995,1,Elevated,445.1359938337107,2656.699951171875,0.6936040594857751,1.1026576500493424,-0.5763311972437957,580.2132568359375,-1.1304016546816231,0.8451161601610503,-0.515245334389347,108.54000091552734,0.2586354828854942,0.4503786788037071,1.467700922602555,High
2025-01-08,223.0,275,1096,2010.0,1126.857142857143,8748.0,978.7333333333332,26282.0,15.68,1111.68,76.16000366210938,-1.1550932568433314,1.194921511818997,1.9683086117694544,1.3170221062650755,-0.8899993896484375,405622,-0.736869832064169,14.552857142857144,13.93,-0.6373282470081544,77.33527327111508,2.481716979288836,78.07214310317926,1192.2338600824685,-0.0778845247621954,100,47.45,47.06857142857143,47.105,47.92044444444445,47.68942262381098,-0.3399999999999963,-0.019999999999996,-0.0364285714285728,94.44976076555024,-0.2938293821072508,1,Elevated,461.2791154123514,2664.5,0.2935991633034929,1.071142414545056,-1.675335030068248,581.06103515625,0.1461149517568261,0.8434802744844168,-0.6777210877256579,109.08999633789062,0.5067214093643857,0.4510826162873916,1.4885091691497545,High
2025-01-09,295.0,249,1005,1981.0,1139.7142857142858,8700.0,980.3333333333334,26354.0,15.76,1020.76,76.91999816894531,0.9978918990179108,1.0708577625633935,1.9656352259307024,5.3554251723197055,0.7599945068359375,406902,-0.7691431615019836,14.911428571428573,14.010666666666667,-0.6425044670104024,77.15792906920548,2.604292178813275,77.92707223070747,1101.2913644095206,-0.0322733294378145,100,47.58,47.05,47.13133333333333,47.92744444444445,25.361366647189072,0.1299999999999954,0.4699999999999917,-0.0813333333333332,94.64627151051626,-0.217402196640061,1,Elevated,424.9311313176668,2683.800048828125,0.7243403575952323,0.8678114843710547,2.560379041188288,581.06103515625,0.1461149517568261,0.8434802744844168,-0.6777210877256579,109.18000030517578,0.0825043269837344,0.4327754477234125,2.2093246743062123,High
2025-01-10,267.0,265,1026,1917.0,1096.571428571429,8757.0,989.4,26524.0,15.22,1041.22,79.76000213623047,3.692152931474912,1.243792127119688,1.8826574435317585,9.545398723635046,2.840003967285156,399859,-0.9556213847152196,15.122857142857145,14.08,-0.6566954934046422,76.93580081983839,5.890484930958105,77.8914222045536,1125.0019071355118,-0.186478223213236,-100,48.11,47.37857142857143,47.162000000000006,47.96033333333334,21.93239111606617,0.5300000000000011,0.4000000000000057,0.2165714285714202,95.84527220630372,0.0952936500076136,1,Elevated,434.422478413294,2708.5,0.9203349997202626,0.8810249836379155,3.3660248646455893,572.1896362304688,-1.5267585312093268,0.8839668131967362,-2.5247832666394854,109.6500015258789,0.4304828900800528,0.4373044702601983,2.467058533731792,High
2025-01-11,111.0,298,1142,1873.0,1092.2857142857142,8505.0,997.2,26383.0,15.06,1157.06,79.76000213623047,3.692152931474912,1.243792127119688,1.8826574435317585,9.545398723635046,2.840003967285156,252567,-0.9429396476034544,15.242857142857144,14.14,-0.674448386202472,75.51862791006317,5.890484930958105,76.46156755766663,1239.4120524886248,0.0126817371117653,-100,47.75,47.61142857142857,47.162666666666674,47.96677777777778,42.86340868555883,-0.3599999999999994,-0.8900000000000006,0.4487619047618949,94.75190839694656,-0.1382076764127641,1,Elevated,480.4725074839166,2708.5,0.9203349997202626,0.8810249836379155,3.3660248646455893,572.1896362304688,-1.5267585312093268,0.8839668131967362,-2.5247832666394854,109.6500015258789,0.4304828900800528,0.4373044702601983,2.467058533731792,High
2025-01-12,214.0,272,1053,1858.0,1075.7142857142858,8427.0,1001.2666666666668,26225.0,14.86,1067.86,79.76000213623047,3.692152931474912,1.243792127119688,1.8826574435317585,9.545398723635046,2.840003967285156,223321,-0.9287113653482386,15.27,14.194333333333333,-0.690773246448,74.08015460238839,5.890484930958105,75.00886596773663,1148.7593508986947,0.0142282822552156,-100,48.67,47.92285714285714,47.21533333333333,47.959333333333326,32.67114141127609,0.9200000000000016,1.2800000000000011,0.7075238095238134,97.23546234509055,0.4545403708190991,1,Elevated,444.5019671659306,2708.5,0.9203349997202626,0.8810249836379155,3.3660248646455893,572.1896362304688,-1.5267585312093268,0.8839668131967362,-2.5247832666394854,109.6500015258789,0.4304828900800528,0.4373044702601983,2.467058533731792,High
2025-01-13,297.0,318,1245,1800.0,1089.0,8616.0,1004.7333333333332,26368.0,14.87,1259.87,81.01000213623047,1.5672015628397151,1.2632713349456426,1.8817724820886237,11.23163545176218,1.25,384955,-0.7285999818384357,15.257142857142856,14.238,-0.6955797225186068,75.0391733254538,3.9536364429615753,75.76777330729225,1339.5914097502537,0.2001113835098029,100,48.77,48.01714285714286,47.30566666666667,47.96755555555556,27.70055691754901,0.1000000000000014,-0.8200000000000003,0.7114761904761906,97.33333333333334,0.512480762049241,1,Elevated,520.6830092386431,2673.5,-1.2922281705741168,0.9087205413767596,1.2727792302435148,573.0768432617188,0.1550547187633144,0.8778438539298782,-2.880739610221361,109.95999908447266,0.2827155077791632,0.3998658874715076,3.6576142406156142,High
2025-01-14,374.0,327,1340,1781.0,1129.571428571429,8595.0,1024.5,26647.0,15.22,1355.22,79.91999816894531,-1.3455177614390743,1.3009219048348764,1.8882037404587408,9.569503007826462,-1.0900039672851562,420891,-0.7020984530643518,15.23857142857143,14.292000000000002,-0.6988690118560563,76.5152705541797,3.603389967056597,77.21736900724405,1436.0407589743006,0.0265015287740838,100,48.95,48.18285714285714,47.31066666666666,48.016333333333336,29.03250764387043,0.1799999999999997,0.0799999999999983,0.8721904761904753,97.62131303520457,0.6117027015571845,1,Elevated,558.9728297882715,2677.5,0.1496166074434368,0.9018742303569725,0.7715468573579187,573.8653564453125,0.1375929236829387,0.8779058908399893,-2.4515326605247023,109.2699966430664,-0.6275031349137983,0.4151781788179666,3.3383760645094407,High
2025-01-15,224.0,277,1134,1782.0,1135.0,8467.0,1030.6333333333334,26588.0,15.26,1149.26,82.02999877929688,2.640140964331805,1.3202589675397347,1.8896159377647548,14.200190294067848,2.1100006103515625,430957,-0.6489037230760674,15.178571428571429,14.351333333333336,-0.703826703998898,76.79210529940127,5.380418961278325,77.44100902247735,1232.0814279837557,0.0531947299882844,100,49.35,48.45428571428572,47.394333333333336,48.03855555555556,40.66597364994141,0.3999999999999986,0.2199999999999988,1.0599523809523816,98.47908745247148,0.8565474160332474,1,Elevated,477.3443693890068,2712.5,1.3071895424836557,0.9158731063925508,2.9450871202820528,584.303955078125,1.818997873904116,0.9361508616112224,-1.290339477384772,109.08999633789062,-0.1647298533043462,0.4041313854445935,2.480037074056507,High
2025-01-16,293.0,224,873,1780.0,1116.142857142857,8358.0,1024.3333333333333,26447.0,15.08,888.08,81.29000091552734,-0.9021063937359132,1.284350155993466,1.890430067061932,10.418361698990042,-0.7399978637695312,424541,-0.5874033606390429,15.081428571428573,14.395666666666669,-0.7025329633949174,76.74513800028545,3.2282927196283837,77.3325413609245,968.6408340805528,0.0615003624370245,-100,48.28,48.55428571428572,47.41,48.02488888888889,25.90750181218512,-1.0700000000000005,-1.4699999999999989,1.144285714285722,96.29629629629628,0.1674759774032344,1,Elevated,371.98982536003626,2746.39990234375,1.2497659850230436,0.938573826407137,3.845424927194907,583.1802368164062,-0.1923174149263684,0.9356214176151496,-1.6564425576133468,108.95999908447266,-0.1191651460096476,0.4048027673753074,2.434893551766737,High
2025-01-17,322.0,279,909,1835.0,1099.428571428571,8502.0,1025.5,26653.0,15.15,924.15,80.79000091552734,-0.6150817989528323,1.2347684902050504,1.8474834557904096,11.727290337774022,-0.5,413322,-0.571737519724285,15.071428571428571,14.437666666666669,-0.7055454923177471,76.65027219435729,3.022579322935285,77.22200971408157,1004.3945890370168,0.0156658409147578,-100,47.64,48.487142857142864,47.45666666666666,48.03988888888889,16.57832920457379,-0.6400000000000006,0.4299999999999997,1.0304761904762003,94.02277039848197,-0.2643712397053528,1,Elevated,386.3134336719904,2744.300048828125,-0.0764584033750126,0.9384084205714196,3.410204172690534,589.035400390625,1.004005829515453,0.9552035964993436,-0.7151038870746973,109.3499984741211,0.3579289582648526,0.4073410277543068,2.830545645935812,High
2025-01-18,100.0,290,1110,1824.0,1094.857142857143,8239.0,1036.9,26523.0,15.08,1125.08,80.79000091552734,-0.6150817989528323,1.2347684902050504,1.8474834557904096,11.727290337774022,-0.5,259261,-0.7290312440108645,15.074285714285711,14.483333333333333,-0.7109635560102736,75.3561595554743,3.022579322935285,76.08519079948518,1204.1877701224205,-0.1572937242865795,-100,46.83,48.355714285714285,47.41033333333334,48.03388888888889,55.8864686214329,-0.8100000000000023,-0.1700000000000017,0.945380952380944,92.4170616113744,-0.7939349809552382,1,Elevated,466.4580698890711,2744.300048828125,-0.0764584033750126,0.9384084205714196,3.410204172690534,589.035400390625,1.004005829515453,0.9552035964993436,-0.7151038870746973,109.3499984741211,0.3579289582648526,0.4073410277543068,2.830545645935812,High
2025-01-19,252.0,280,1051,1862.0,1094.571428571429,8137.0,1034.4,26369.0,15.18,1066.18,80.79000091552734,-0.6150817989528323,1.2347684902050504,1.8474834557904096,11.727290337774022,-0.5,237891,-0.6647138890914248,15.12,14.519666666666668,-0.7153196456224925,74.0937940562969,3.022579322935285,74.75850794538833,1143.9610872683238,0.0643173549194396,-100,48.35,48.31,47.48033333333333,48.02366666666666,41.7215867745972,1.5200000000000031,2.3300000000000054,0.8296666666666681,96.30681818181816,0.2159686160870553,1,Elevated,442.63273331825184,2744.300048828125,-0.0764584033750126,0.9384084205714196,3.410204172690534,589.035400390625,1.004005829515453,0.9552035964993436,-0.7151038870746973,109.3499984741211,0.3579289582648526,0.4073410277543068,2.830545645935812,High
2025-01-20,316.0,306,1207,1881.0,1089.142857142857,8355.0,1041.0666666666666,26288.0,15.16,1222.16,80.79000091552734,-0.6150817989528323,1.2347684902050504,1.8474834557904096,11.727290337774022,-0.5,378398,-0.4876759372511707,15.161428571428573,14.562333333333331,-0.7070863125835984,75.07652336188826,3.022579322935285,75.56419929913943,1300.746778622075,0.177037951840254,100,48.25,48.23571428571429,47.576,48.020555555555546,23.885189759201268,-0.1000000000000014,-1.6200000000000043,0.659714285714287,96.02649006622516,0.1519242219725613,1,Elevated,505.185871589002,2744.300048828125,-0.0764584033750126,0.9384084205714196,3.410204172690534,589.035400390625,1.004005829515453,0.9552035964993436,-0.7151038870746973,109.3499984741211,0.3579289582648526,0.4073410277543068,2.830545645935812,High
2025-01-21,280.0,307,1243,1787.0,1075.2857142857142,8392.0,1053.8,26427.0,14.84,1257.84,79.29000091552734,-1.8566654078496336,1.2953725178389708,1.84914111975292,9.987522462742016,-1.5,418936,-0.6088179771195823,15.107142857142858,14.598666666666668,-0.7048111278713916,76.592873803985,4.1507901719628055,77.20169178110459,1339.1924819530673,-0.1211420398684115,100,47.34,48.00571428571429,47.598333333333336,48.023555555555554,21.00571019934206,-0.9099999999999966,-0.8099999999999952,0.4073809523809544,93.10018903591684,-0.4531017808255825,1,Elevated,520.236654425006,2755.0,0.3898972773201059,0.9143295227897492,4.8884450456818,594.4270629882812,0.9153376170737192,0.9634859734616048,-0.4246252590836774,108.05999755859376,-1.1796990704418089,0.4530113284587533,2.2230616729484787,High
2025-01-22,90.0,222,889,1653.0,1040.2857142857142,8036.0,1047.9333333333334,26191.0,14.23,903.23,79.0,-0.3657471461455785,1.2637444228365735,1.840108671959828,11.079860727081693,-0.2900009155273437,428373,-0.6272893860276382,14.960000000000004,14.602,-0.709000333036163,77.24192556849056,2.737477641690321,77.8692149545182,983.8366925962084,-0.0184714089080558,100,45.82,47.50142857142857,47.49333333333333,47.994,54.19235704454027,-1.5200000000000031,-0.6100000000000065,0.0080952380952368,90.5099150141643,-1.4250762904589642,1,Elevated,377.9608340475798,2767.60009765625,0.4573538169237778,0.9143349466888088,4.888956083742468,597.7686767578125,0.5621570715055313,0.968579606938826,0.3001988114326837,108.16999816894533,0.1017958660344264,0.4518909883473794,2.0760563583086755,High
2025-01-23,276.0,206,823,1636.0,1033.142857142857,7942.0,1037.3,26036.0,14.11,837.11,78.29000091552734,-0.8987330183198194,1.2670454509411058,1.8420973251403585,8.525092289869619,-0.7099990844726562,425055,-0.6645302423699347,14.821428571428571,14.598666666666666,-0.7164115377883863,78.1068610131039,3.018287698247887,78.77139125547383,918.8996789537216,-0.0372408563422965,-100,47.66,47.41285714285714,47.47966666666666,47.962,48.586204281711495,1.8399999999999963,3.3599999999999994,-0.0668095238095176,93.86792452830188,-0.2011263174294743,1,Elevated,351.805593330394,2763.10009765625,-0.1625957450937631,0.902314843281784,3.68494873770433,601.03125,0.5457919374235454,0.9729726608186332,0.6567998641731077,108.0500030517578,-0.1109319767206518,0.4526480273759727,1.7899213363795408,High
2025-01-24,284.0,256,1034,1598.0,1051.0,8006.0,1041.9,26131.0,14.05,1048.05,78.5,0.2682323183253565,1.2664210371200046,1.835452680114659,8.740819151121816,0.2099990844726562,393913,-0.7396147667297551,14.664285714285716,14.590333333333332,-0.7240267198988539,79.29851732954047,2.4087352705575427,80.03813209627023,1130.4968673668277,-0.0750845243598203,-100,45.6,47.121428571428574,47.43033333333334,47.93077777777777,12.575422621799088,-2.059999999999995,-3.899999999999992,-0.3089047619047633,90.10367577756834,-1.5321869633927745,1,Elevated,436.1911205274771,2777.300048828125,0.5139137443453512,0.8814214808060093,2.954476137553552,599.2767333984375,-0.2919177000467954,0.9695392022587522,0.8824718252827379,107.44000244140624,-0.5645539964116097,0.465350233393063,0.9774444554630836,High
2025-01-25,85.0,267,1027,1583.0,1039.142857142857,7721.0,1047.9666666666667,26015.0,13.89,1040.89,78.5,0.2682323183253565,1.2664210371200046,1.835452680114659,8.740819151121816,0.2099990844726562,254042,-0.760329355898626,14.494285714285716,14.573666666666666,-0.725248592939325,78.96477718625655,2.4087352705575427,79.72510654215517,1123.0238418127128,-0.0207145891688709,-100,45.4,46.917142857142856,47.337333333333326,47.91633333333333,51.50357294584436,-0.2000000000000028,1.8599999999999923,-0.42019047619047,89.92467043314501,-1.6349438830866114,1,Elevated,433.2645154166541,2777.300048828125,0.5139137443453512,0.8814214808060093,2.954476137553552,599.2767333984375,-0.2919177000467954,0.9695392022587522,0.8824718252827379,107.44000244140624,-0.5645539964116097,0.465350233393063,0.9774444554630836,High
2025-01-26,77.0,227,887,1408.0,1015.7142857142856,7420.0,1046.8666666666666,25841.0,13.27,900.27,78.5,0.2682323183253565,1.2664210371200046,1.835452680114659,8.740819151121816,0.2099990844726562,228042,-0.7563306424084766,14.221428571428572,14.544666666666666,-0.7262883653732637,78.20354228277662,2.4087352705575427,78.9598729251851,981.6386081957428,0.0039987134901494,-100,43.3,46.19571428571429,47.22133333333333,47.84333333333334,17.81999356745076,-2.1000000000000014,-1.8999999999999984,-1.0256190476190454,88.05268109125117,-2.839593303833091,1,Elevated,376.86346869326,2777.300048828125,0.5139137443453512,0.8814214808060093,2.954476137553552,599.2767333984375,-0.2919177000467954,0.9695392022587522,0.8824718252827379,107.44000244140624,-0.5645539964116097,0.465350233393063,0.9774444554630836,High
2025-01-27,175.0,278,1105,1267.0,1001.1428571428572,7488.0,1052.5666666666666,25654.0,12.83,1117.83,77.08000183105469,-1.808914864898492,1.2871128824411555,1.8418386958510984,4.842227081799,-1.4199981689453125,365263,-0.7390183207816344,13.888571428571428,14.504333333333332,-0.7230603060802525,79.20616343681058,3.580250455519548,79.94518175759222,1201.3554322131115,0.0173123216268421,100,46.45,45.93857142857143,47.242333333333335,47.81322222222223,34.086561608134204,3.1500000000000057,5.250000000000007,-1.303761904761906,91.54135338345864,-0.8517810762029927,1,Elevated,464.5531365337263,2737.5,-1.4330482169155112,0.8922300216927187,0.1353409578531916,590.7997436523438,-1.414536769685948,1.0034176033297422,-0.2343543623892663,107.33999633789062,-0.0930808835099994,0.4632927678798984,0.5903825872205726,High
2025-01-28,320.0,262,1094,1307.0,979.8571428571428,7473.0,1065.0,25806.0,12.67,1106.67,77.48999786376953,0.5319097340104939,1.2873702687070527,1.842431476804018,5.557817733451564,0.4099960327148437,399981,-0.6980641613091304,13.578571428571427,14.459333333333332,-0.7131153519760399,80.60619116958433,2.375061776062703,81.30425533089347,1190.3493171069565,0.040954159472504,100,47.21,45.92,47.21366666666666,47.803333333333335,40.80477079736252,0.759999999999998,-2.390000000000008,-1.2936666666666596,92.95774647887325,-0.3705103508351962,1,Elevated,459.8788757766038,2766.800048828125,1.0703214183789944,0.8522290683847414,2.950699491279063,595.8760986328125,0.8592344588856049,1.005835885460581,-0.1490476974109755,107.87000274658205,0.4937641389729741,0.4697950445461666,0.8507887714085394,High
2025-01-29,173.0,280,1152,1390.0,1017.4285714285714,7221.0,1074.1666666666667,25581.0,13.2,1165.2,76.58000183105469,-1.1743399894198592,1.2870795496919665,1.83912685336735,2.805751144076352,-0.9099960327148438,402487,-0.7286793650250887,13.43142857142857,14.443,-0.7168011323465493,81.19652989755775,2.741994653519461,81.92520926258284,1249.8672039161024,-0.0306152037159582,100,46.29,45.987142857142864,47.15,47.76244444444444,44.853076018579785,-0.9200000000000016,-1.6799999999999995,-1.1628571428571348,91.22889305816136,-0.9246658596246974,1,Elevated,483.5618397139244,2769.10009765625,0.0831302872464245,0.8177100024203713,4.258286809346767,593.204833984375,-0.4482919611252245,1.00472658704428,-0.0818235623279317,108.0,0.1205128859812498,0.4700893594115838,0.9345794392523256,High
2025-01-30,238.0,204,809,1352.0,1015.4285714285714,7226.0,1067.3,25428.0,13.1,822.1,76.87000274658203,0.3786901391921171,1.2771353214250774,1.8384794374595403,4.004869351657359,0.2900009155273437,400415,-0.8213822513766857,13.287142857142856,14.439,-0.7300293297700288,81.92476561737035,2.05631239578293,82.74614786874704,906.90246026453,-0.092702886351597,-100,45.76,45.71571428571429,47.13,47.74288888888889,24.463514431757982,-0.5300000000000011,0.3900000000000005,-1.414285714285718,89.97188378631678,-1.234548485544163,1,Elevated,346.2117545320626,2823.0,1.9464772107505413,0.8788009035106225,6.472056422139905,596.3885498046875,0.5366975516582384,1.0094329578336785,0.4743809212783167,107.8000030517578,-0.1851823594835044,0.4708428896507144,0.8796579038342189,High
2025-01-31,170.0,230,931,1238.0,1000.7142857142856,7243.0,1065.9,25539.0,12.72,943.72,76.76000213623047,-0.1430995270212287,1.261074053971338,1.8364044367749013,4.877714955238943,-0.1100006103515625,387655,-0.7393313048772567,13.097142857142856,14.422666666666666,-0.7297184962199796,83.13067175914681,1.891945076516461,83.87000306402406,1029.4819481405405,0.082050946499429,-100,44.98,45.62714285714286,47.12733333333333,47.73211111111112,27.810254732497132,-0.7800000000000011,-0.25,-1.5001904761904754,89.04494382022472,-1.6972495743940146,1,Elevated,395.01877864341145,2812.5,-0.3719447396386854,0.8810391590999481,6.356833454246536,593.2147216796875,-0.5321745573484638,1.0113096959669563,-0.4852445400262195,108.37000274658205,0.5287566592651727,0.4794848366212711,1.318253248109902,High
2025-02-01,110.0,226,892,1263.0,981.4285714285714,7029.0,1065.1333333333334,25479.0,12.55,904.55,76.76000213623047,-0.1430995270212287,1.261074053971338,1.8364044367749013,4.877714955238943,-0.1100006103515625,253327,-0.8423122789230552,12.905714285714286,14.399333333333336,-0.7293155134813376,82.53140439267104,1.891945076516461,83.3737166715941,989.8156617481104,-0.1029809740457984,-100,44.08,45.43857142857143,47.00633333333334,47.69955555555556,24.21490487022899,-0.8999999999999986,-0.1199999999999974,-1.567761904761909,88.40037418147801,-2.173903023569744,1,Elevated,379.2515213649254,2812.5,-0.3719447396386854,0.8810391590999481,6.356833454246536,593.2147216796875,-0.5321745573484638,1.0113096959669563,-0.4852445400262195,108.37000274658205,0.5287566592651727,0.4794848366212711,1.318253248109902,High
2025-02-02,203.0,257,963,1389.0,992.2857142857144,6901.0,1052.9666666666667,25248.0,12.95,975.95,76.76000213623047,-0.1430995270212287,1.261074053971338,1.8364044367749013,4.877714955238943,-0.1100006103515625,229161,-0.8328613776226748,12.86,14.373,-0.729517510306041,81.57854416084257,1.891945076516461,82.41140553846525,1060.2533506149816,0.0094509013003803,-100,45.88,45.80714285714286,47.00866666666666,47.64322222222223,32.64725450650189,1.8000000000000045,2.700000000000003,-1.201523809523806,90.28037383177568,-1.075552626867022,1,Elevated,407.6190591382997,2812.5,-0.3719447396386854,0.8810391590999481,6.356833454246536,593.2147216796875,-0.5321745573484638,1.0113096959669563,-0.4852445400262195,108.37000274658205,0.5287566592651727,0.4794848366212711,1.318253248109902,High
2025-02-03,315.0,301,1195,1529.0,1005.1428571428572,7061.0,1053.7333333333331,25123.0,13.36,1208.36,75.95999908447266,-1.0422134308151754,1.279962938191605,1.8314218740192896,3.501839100964377,-0.8000030517578125,378349,-0.5302639248836454,12.935714285714283,14.344333333333337,-0.716480047706386,82.64765667452114,2.672360279103218,83.17792059940479,1294.210280878508,0.3025974527390294,100,47.72,45.98857142857143,47.062,47.63722222222223,38.01298726369515,1.8399999999999963,0.039999999999992,-1.0734285714285718,94.02427637721756,0.0505337582033641,1,Elevated,501.0485282315223,2833.89990234375,0.7608854166666568,0.8812057969138744,7.487195233974964,589.2225341796875,-0.6729751225148517,1.015987376371244,-0.7460224422583428,108.98999786376952,0.5721095335185389,0.4558457846057897,0.8886412064429638,High
2025-02-04,262.0,285,1118,1471.0,1008.5714285714286,7094.0,1052.0333333333333,25154.0,13.33,1131.33,76.19999694824219,0.3159529576911124,1.270971905890951,1.8151033233863825,4.555433342402493,0.2399978637695312,401779,-0.7274416363540345,13.03,14.299666666666669,-0.7133676468811141,84.10995011856855,2.0424681978223127,84.83739175492258,1218.2098599527449,-0.1971777114703891,100,45.86,45.79571428571428,47.041,47.61255555555556,21.88588855735194,-1.8599999999999997,-3.699999999999996,-1.2452857142857212,90.11194029850746,-1.0634367421548392,1,Elevated,470.3164656301134,2853.300048828125,0.6845741611526401,0.805599431308761,10.072529225155357,593.17529296875,0.6708431127070646,0.8550747831020106,2.9892644541377638,107.95999908447266,-0.94503972794302,0.4848918501658683,-0.4150950672774489,High
2025-02-05,156.0,192,792,1454.0,957.1428571428572,6895.0,1040.0333333333333,24893.0,12.78,804.78,74.61000061035156,-2.086609450877808,1.3353845591266833,1.8085606608234812,2.289550470315449,-1.589996337890625,420245,-0.6546307875509855,12.97,14.227,-0.7194444195496295,84.67103014421042,3.650949057036036,85.3256609317614,893.7566099887974,0.072810848803049,100,46.46,45.82,46.986,47.571777777777775,37.06405424401525,0.6000000000000014,2.460000000000001,-1.1659999999999968,91.42590866728798,-0.6819341100117657,1,Elevated,340.4375118091667,2871.60009765625,0.6413643330515084,0.781817899934901,9.24031464207584,595.580322265625,0.4054500120593607,0.8564516082359112,3.438590019404031,107.58000183105467,-0.351979674546532,0.4703704817207702,-0.0371686624293543,High
2025-02-06,168.0,185,761,1384.0,950.2857142857144,6670.0,1030.2,24773.0,12.55,773.55,74.29000091552734,-0.4288965181697413,1.3354357838760338,1.808594847016304,2.285562060972346,-0.3199996948242187,415037,-0.6445442996911308,12.891428571428571,14.133666666666668,-0.7189630526292682,84.83025883504821,1.9928885081430097,85.47480313473935,861.0176916428823,0.0100864878598546,-100,43.77,45.535714285714285,46.852,47.50922222222222,14.75043243929926,-2.6899999999999977,-3.289999999999999,-1.316285714285712,87.61638733705773,-2.243095035059766,1,Elevated,327.31211603020506,2856.0,-0.5432545314712378,0.7786719896343941,9.328941799055524,597.650390625,0.3475716510411786,0.833029115262097,2.5661910364314755,107.69000244140624,0.1022500543589099,0.4650359149023441,-0.3239526760044575,High
2025-02-07,299.0,209,836,1513.0,936.7142857142856,6746.0,1021.5333333333332,24929.0,12.67,848.67,74.66000366210938,0.4980518804983624,1.3179075950145505,1.8088275985638984,1.4677926123655816,0.3700027465820312,391389,-0.6463448318976411,12.884285714285712,14.033333333333331,-0.7159455526237172,84.71888169937422,1.962738736749471,85.36522653127186,935.9979652680212,-0.0018005322065103,-100,46.82,45.79857142857143,46.831,47.494,37.40900266103255,3.049999999999997,5.739999999999995,-1.032428571428575,91.90697674418604,-0.4043285864320171,1,Elevated,357.32614080095414,2867.300048828125,0.3956599729735721,0.7788634550925727,9.438933161378827,592.1797485351562,-0.9153582388062632,0.8467605891255469,1.0223987073828322,108.04000091552734,0.3250055401489371,0.4674781009483489,-0.203215607206697,High
2025-02-08,73.0,295,1155,1476.0,974.2857142857144,6524.0,1026.5333333333333,24879.0,13.0,1168.0,74.66000366210938,0.4980518804983624,1.3179075950145505,1.8088275985638984,1.4677926123655816,0.3700027465820312,258707,-0.6218730268048507,12.948571428571428,13.941333333333334,-0.7110365481338127,83.5592151061608,1.962738736749471,84.18108813296566,1254.1438268697152,0.0244718050927904,-100,44.71,45.88857142857143,46.73533333333334,47.47766666666666,58.62235902546395,-2.1099999999999994,-5.159999999999997,-0.8467619047619053,88.2899628252788,-1.6405253792458252,1,Elevated,484.8213131212929,2867.300048828125,0.3956599729735721,0.7788634550925727,9.438933161378827,592.1797485351562,-0.9153582388062632,0.8467605891255469,1.0223987073828322,108.04000091552734,0.3250055401489371,0.4674781009483489,-0.203215607206697,High
2025-02-09,175.0,268,1063,1448.0,988.5714285714286,6432.0,1027.7666666666669,24502.0,13.04,1076.04,74.66000366210938,0.4980518804983624,1.3179075950145505,1.8088275985638984,1.4677926123655816,0.3700027465820312,224029,-0.6637401177509936,12.961428571428572,13.868666666666664,-0.7013071725683385,82.18329704492582,1.962738736749471,82.84703716267681,1160.8497758994265,-0.0418670909461429,-100,45.62,45.85142857142857,46.65233333333333,47.40066666666667,31.00933545473071,0.9099999999999966,3.019999999999996,-0.8009047619047607,89.41504178272982,-1.106480367162763,1,Elevated,447.7705029272351,2867.300048828125,0.3956599729735721,0.7788634550925727,9.438933161378827,592.1797485351562,-0.9153582388062632,0.8467605891255469,1.0223987073828322,108.04000091552734,0.3250055401489371,0.4674781009483489,-0.203215607206697,High
2025-02-10,305.0,276,1140,1438.0,980.7142857142856,6626.0,1027.7,24453.0,12.91,1152.91,75.87000274658203,1.6206791121371689,1.3446203847897775,1.7979325414942189,3.5626542918987925,1.2099990844726562,375385,-0.5890162624756514,12.897142857142857,13.797,-0.6895097263974118,83.14438164052815,3.321564926116826,83.7333979030038,1239.9649628291209,0.0747238552753422,100,47.58,45.83142857142858,46.64666666666666,47.38355555555556,37.6736192763767,1.9600000000000009,1.0500000000000045,-0.8152380952380796,93.6456400742115,0.1228565127537704,1,Elevated,479.2393055510476,2914.300048828125,1.6391727129920983,0.8131568160261307,10.440351481816435,596.2012939453125,0.6791089057172517,0.8313872040888494,0.5903820177696417,108.31999969482422,0.2591621408035705,0.4694026961631347,0.1757166801372944,High
2025-02-11,271.0,314,1291,1447.0,1005.4285714285714,6683.0,1035.6333333333334,24429.0,13.14,1304.14,77.0,1.4893860715839755,1.3524357610724322,1.803826612796681,3.8155614142102,1.1299972534179688,410574,-0.6981769278025751,12.87,13.739666666666666,-0.6818252451458896,84.60968781535857,3.223377974077428,85.30786474316115,1392.6712427172388,-0.1091606653269237,100,46.06,45.86000000000001,46.55966666666667,47.36033333333334,19.645803326634624,-1.519999999999996,-3.479999999999997,-0.6996666666666655,90.2224281742354,-0.8112428931752126,1,Elevated,540.0069241382633,2912.5,-0.0617660775474648,0.7874774606255723,11.28305266458154,596.6547241210938,0.0760532022298532,0.8314368089409333,0.6601775754421668,107.95999908447266,-0.332349161157508,0.4729680994569735,-0.0370378847475372,High
2025-02-12,184.0,267,1125,1475.0,1053.0,6570.0,1031.6333333333334,24170.0,13.66,1138.66,75.18000030517578,-2.3636359673041785,1.4265653070132294,1.7422091417491965,1.0619719344120204,-1.8199996948242188,415761,-0.5423285293437274,12.995714285714286,13.699333333333334,-0.6756161967293993,84.8507532296474,3.8963984677586097,85.39308175899112,1227.94948022675,0.1558483984588476,100,46.92,45.92571428571428,46.498,47.32222222222222,33.37924199229424,0.8599999999999994,2.3799999999999955,-0.5722857142857194,92.03703703703704,-0.2559517668142437,1,Elevated,474.10117573890176,2909.0,-0.1201716738197467,0.7789508052488266,11.622727101547548,594.7327270507812,-0.3221288615695927,0.8091779241383702,1.4033457345786535,107.94000244140624,-0.0185222705038734,0.472427168024914,-0.1757096243759637,High
2025-02-13,197.0,227,850,1504.0,1065.7142857142858,6393.0,1015.3,23997.0,13.9,863.9,75.0199966430664,-0.2128274294491583,1.4262235388871156,1.7412434157855905,0.5091067209610278,-0.160003662109375,422100,-0.5609998133302283,13.188571428571429,13.655333333333331,-0.670912908738262,84.86021398683351,1.6899616404323767,85.42121380016374,951.011175440596,-0.0186712839865008,100,44.47,46.02571428571429,46.34866666666667,47.260333333333335,15.093356419932508,-2.450000000000003,-3.3100000000000023,-0.3229523809523797,87.69657724329325,-1.7739821578576511,1,Elevated,363.3202274162057,2925.89990234375,0.5809522978257098,0.7739505265221154,11.284799812948098,601.0115356445312,1.0557361833585244,0.7970130498309275,3.656799155163726,107.30999755859376,-0.5836620979830842,0.47942072772384,-1.0876581513601824,High
2025-02-14,256.0,269,1055,1461.0,1097.0,6425.0,1012.6666666666666,24185.0,14.16,1069.16,74.73999786376953,-0.3732321938496818,1.3909393633880642,1.695820850495065,-1.5672361867818063,-0.279998779296875,394317,-0.4670974831196887,13.401428571428571,13.618666666666666,-0.664852700739716,84.57349591958871,1.9208951759159267,85.0405934027084,1156.1214885786244,0.0939023302105396,-100,46.18,45.934285714285714,46.243,47.24566666666667,24.869511651052697,1.7100000000000009,4.160000000000004,-0.3087142857142879,90.34195933456564,-0.67583698883625,1,Elevated,445.4404767509081,2883.60009765625,-1.445702385567471,0.8266636667356547,8.450870794889,600.98193359375,-0.0049253714821784,0.7921352249580977,4.030149709990449,106.56999969482422,-0.6895889298343061,0.4649264886276106,-2.577931904706709,High
2025-02-15,76.0,250,969,1464.0,1070.428571428571,6208.0,1015.8666666666668,24003.0,13.89,982.89,74.73999786376953,-0.3732321938496818,1.3909393633880642,1.695820850495065,-1.5672361867818063,-0.279998779296875,253506,-0.7405298636749627,13.528571428571428,13.579,-0.6699569175075799,83.23510005083298,1.9208951759159267,83.97562991450795,1068.7865250904238,-0.2734323805552739,-100,45.1,45.99,46.13699999999999,47.19655555555555,50.06716190277636,-1.0799999999999983,-2.789999999999999,-0.1469999999999913,88.45798707294551,-1.3319852427382015,1,Elevated,410.719484053268,2883.60009765625,-1.445702385567471,0.8266636667356547,8.450870794889,600.98193359375,-0.0049253714821784,0.7921352249580977,4.030149709990449,106.56999969482422,-0.6895889298343061,0.4649264886276106,-2.577931904706709,High
2025-02-16,138.0,260,1026,1427.0,1065.142857142857,6024.0,1019.7666666666668,23733.0,13.77,1039.77,74.73999786376953,-0.3732321938496818,1.3909393633880642,1.695820850495065,-1.5672361867818063,-0.279998779296875,229120,-0.6472893932123843,13.632857142857144,13.533,-0.6724753132905167,81.79366878929852,1.9208951759159267,82.44095818251091,1124.131853358427,0.0932404704625783,-100,44.77,45.86857142857144,46.04133333333333,47.12222222222222,24.0662023523129,-0.3299999999999983,0.75,-0.1727619047618986,87.82287822878229,-1.539724508917878,1,Elevated,433.16454970686857,2883.60009765625,-1.445702385567471,0.8266636667356547,8.450870794889,600.98193359375,-0.0049253714821784,0.7921352249580977,4.030149709990449,106.56999969482422,-0.6895889298343061,0.4649264886276106,-2.577931904706709,High
2025-02-17,370.0,323,1218,1492.0,1076.2857142857142,6294.0,1023.3666666666668,23668.0,14.1,1232.1,74.73999786376953,-0.3732321938496818,1.3909393633880642,1.695820850495065,-1.5672361867818063,-0.279998779296875,355559,-0.6269782542225473,13.802857142857144,13.500333333333334,-0.6690735469642394,82.54722709823787,1.9208951759159267,83.17420535246042,1317.1951005283763,0.020311138989837,100,48.07,45.93857142857143,46.08266666666667,47.118,59.80155569494919,3.299999999999997,3.629999999999996,-0.1440952380952396,94.93087557603688,0.6244665587284874,1,Elevated,510.2431991408585,2883.60009765625,-1.445702385567471,0.8266636667356547,8.450870794889,600.98193359375,-0.0049253714821784,0.7921352249580977,4.030149709990449,106.56999969482422,-0.6895889298343061,0.4649264886276106,-2.577931904706709,High
2025-02-18,459.0,322,1308,1680.0,1078.7142857142858,6501.0,1031.9333333333334,23916.0,14.51,1322.51,75.83999633789062,1.4717667989850414,1.410965887358187,1.6323023377458594,-0.8757100766339843,1.0999984741210938,391509,-0.6061655810924904,13.998571428571427,13.478,-0.6671219366976082,83.74933015648045,2.9703036940066267,84.35549573757294,1409.8357994315795,0.0208126731300568,100,49.51,46.43142857142857,46.12133333333334,47.136,32.00406336565028,1.4399999999999975,-1.8599999999999997,0.3100952380952293,98.66482504604052,1.538393547635527,1,Elevated,547.0632206251172,2931.60009765625,1.664585877875835,0.850087718635951,10.835542444470692,602.7464599609375,0.2936072232048614,0.7893162856531263,4.5925782826686135,107.0500030517578,0.4504113336850412,0.4709490417565943,-1.7439136757268492,High
2025-02-19,163.0,252,1024,1659.0,1064.2857142857142,6348.0,1025.8333333333333,23773.0,14.35,1038.35,76.04000091552734,0.2637191288164642,1.4110368100261017,1.6304637408109606,-0.3407629434222903,0.2000045776367187,416124,-0.7005959820327201,14.097142857142858,13.451,-0.6742192715236598,84.04454647211573,1.708832233184795,84.74514245414845,1124.803974687333,-0.0944304009402297,100,46.02,46.30285714285714,46.047,47.10111111111112,71.27215200470116,-3.489999999999995,-4.929999999999993,0.2558571428571383,89.78840846366145,-0.7055240786844157,1,Elevated,432.9725613841036,2919.39990234375,-0.4161616491367259,0.8546518952232197,10.650394572497568,604.1658325195312,0.2354841799793838,0.7619281862900248,3.544225834117776,107.16999816894533,0.1120925864238175,0.4590377292051752,-1.0068390409909034,High
2025-02-20,280.0,193,786,1742.0,1055.142857142857,6348.0,1010.6,23681.0,14.37,800.37,76.4800033569336,0.5786460232885204,1.403215943794936,1.5839767793395507,-0.7397789386735298,0.44000244140625,418246,-0.6329207783030066,14.164285714285716,13.435333333333334,-0.675022698229774,84.03914703253061,2.055839860950809,84.67206781083361,887.0979076717844,0.0676752037297134,100,47.31,46.70857142857143,46.046,47.083777777777776,33.93837601864857,1.2899999999999991,4.779999999999994,0.6625714285714253,92.73897058823528,0.1487425046058366,1,Elevated,337.90474950654703,2940.0,0.7056278120620485,0.8548255367565467,10.663607258439578,601.65234375,-0.4160263017604526,0.7629341849213948,2.522865290032628,106.33999633789062,-0.7744721892653739,0.4749053069077008,-2.0269067247833394,High
2025-02-21,299.0,254,1034,1785.0,1052.142857142857,6557.0,1015.4333333333332,23921.0,14.39,1048.39,74.43000030517578,-2.680443203160454,1.4718954435383875,1.607894007192449,-2.2715379119582324,-2.0500030517578125,396700,-0.6644553166504468,14.19714285714286,13.440666666666669,-0.6762615625838676,83.79129710502396,4.379492437894665,84.4557524216744,1137.225244859569,-0.0315345383474401,-100,47.08,46.83714285714286,46.088,47.092666666666666,14.157672691737217,-0.2300000000000039,-1.5200000000000031,0.7491428571428642,92.24058769513314,-0.008341654570845,1,Elevated,437.9989474594928,2937.60009765625,-0.0816293314200633,0.8582939356902477,10.249581447035094,591.3616333007812,-1.7104081046337205,0.8012083351882511,1.9214273947546268,106.61000061035156,0.2539066031213899,0.4665404285469766,-2.273348437795919,High
2025-02-22,127.0,308,1208,1836.0,1086.2857142857142,6408.0,1028.2666666666669,23803.0,14.84,1222.84,74.43000030517578,-2.680443203160454,1.4718954435383875,1.607894007192449,-2.2715379119582324,-2.0500030517578125,256812,-0.8438610856447806,14.332857142857142,13.465,-0.6822392573596958,82.47474940340105,4.379492437894665,83.31861048904582,1310.5381029269404,-0.1794057689943338,-100,47.33,47.15571428571429,46.077000000000005,47.08277777777778,49.79702884497166,0.25,0.480000000000004,1.078714285714284,92.75229357798165,0.1632960660895022,1,Elevated,507.551519072967,2937.60009765625,-0.0816293314200633,0.8582939356902477,10.249581447035094,591.3616333007812,-1.7104081046337205,0.8012083351882511,1.9214273947546268,106.61000061035156,0.2539066031213899,0.4665404285469766,-2.273348437795919,High
2025-02-23,258.0,303,1198,1956.0,1110.857142857143,6382.0,1033.7333333333331,23668.0,15.33,1213.33,74.43000030517578,-2.680443203160454,1.4718954435383875,1.607894007192449,-2.2715379119582324,-2.0500030517578125,233893,-0.6026710083336291,14.555714285714284,13.507666666666667,-0.6776744654131583,81.22254893613824,4.379492437894665,81.82521994447187,1299.5347123823665,0.2411900773111515,-100,48.8,47.73142857142857,46.18366666666667,47.064,42.30595038655576,1.4699999999999989,1.2199999999999989,1.5477619047619058,97.20439963336388,1.17190774541093,1,Elevated,503.4488409640522,2937.60009765625,-0.0816293314200633,0.8582939356902477,10.249581447035094,591.3616333007812,-1.7104081046337205,0.8012083351882511,1.9214273947546268,106.61000061035156,0.2539066031213899,0.4665404285469766,-2.273348437795919,High
2025-02-24,323.0,273,1135,1909.0,1099.0,6620.0,1037.3333333333333,23538.0,15.03,1150.03,74.77999877929688,0.4702384424103645,1.461860961577869,1.5953487991843565,-2.7821105571898097,0.3499984741210937,378389,-0.483438369593699,14.688571428571429,13.545666666666667,-0.6684447658696607,82.19559837685021,2.2103104597072143,82.67903674644391,1234.919347206151,0.11923263873993,100,47.47,47.64571428571429,46.25266666666667,47.05077777777778,26.596163193699656,-1.3299999999999983,-2.799999999999997,1.3930476190476142,93.13186813186812,0.2847546879135009,1,Elevated,477.4319315331717,2947.89990234375,0.3506197012900891,0.8550692241767466,9.840518992126237,588.6705322265625,-0.455068594693564,0.8066499036126569,1.3095865339286306,106.5999984741211,-0.0093819868428934,0.4657678618378502,-2.3630718298618514,High
2025-02-25,249.0,305,1224,1699.0,1087.0,6792.0,1048.5666666666666,23682.0,14.5,1238.5,73.0199966430664,-2.353573368495065,1.3345652381853486,1.554053437058902,-8.450357713948032,-1.7600021362304688,413172,-0.5912498910155428,14.687142857142856,13.586666666666668,-0.6629420741565629,83.64429149336291,4.533174378075217,84.23554138437845,1327.2687157624537,-0.1078115214218438,100,47.91,47.417142857142856,46.40633333333333,47.074888888888886,30.63905760710921,0.4399999999999977,1.769999999999996,1.0108095238095274,94.51052150045746,0.5687689748962256,1,Elevated,514.0603780281058,2904.5,-1.4722312080286182,0.9068535909663578,7.236477755215054,585.7430419921875,-0.4973053812125094,0.7578334954609482,2.3686912351309486,106.30999755859376,-0.2720458908803347,0.4568637958715709,-3.0460592073013992,High
2025-02-26,226.0,254,1042,1762.0,1089.571428571429,6843.0,1046.4666666666667,23357.0,14.64,1056.64,72.52999877929688,-0.6710461329719308,1.2892286955690924,1.5556287625033989,-10.467847343928216,-0.4899978637695312,429721,-0.5143492455678481,14.728571428571428,13.646999999999998,-0.6554531049827701,84.1486930539105,3.007059562933845,84.66304229947835,1144.3101018624122,0.0769006454476947,100,45.83,47.39,46.38566666666667,47.02222222222223,16.38450322723848,-2.0799999999999983,-2.519999999999996,1.004333333333328,88.84826325411335,-0.8361186975106789,1,Elevated,440.7914322850693,2916.800048828125,0.4234824867662246,0.8599676522867102,9.100431974121005,586.0386962890625,0.0504750847520885,0.7577208763374197,2.2618001721322667,106.41999816894533,0.1034715575935596,0.4528124853543721,-3.2193533512199,High
2025-02-27,16.0,105,404,1498.0,1035.0,6539.0,1023.4666666666668,22929.0,13.58,417.58,74.04000091552734,2.0819001263536308,1.3493317035428234,1.5709073243617409,-7.357354089258195,1.5100021362304688,422596,-0.5281321912993976,14.615714285714288,13.677333333333335,-0.6497887059824456,84.3256616426316,4.166967238822274,84.853793833931,506.6007610727533,-0.0137829457315494,-100,45.68,47.15714285714286,46.33466666666666,46.98188888888889,62.66891472865776,-0.1499999999999985,1.93,0.8224761904761948,88.31050228310502,-0.9221939223916013,1,Elevated,185.6695456623151,2883.199951171875,-1.1519506683274172,0.899445794339825,7.682537858893568,576.6843872070312,-1.596193074154484,0.8167857090078152,0.4912355712114458,107.23999786376952,0.7705315814067637,0.4691513471011033,-1.857782412063147,High
2025-02-28,262.0,270,1086,1461.0,1042.428571428571,6628.0,1021.2666666666668,23076.0,13.59,1099.59,73.18000030517578,-1.161535115771728,1.243325643280906,1.5631965850753118,-10.788734128757172,-0.8600006103515625,404792,-0.5468177086387381,14.501428571428573,13.690333333333331,-0.6437266507695673,84.34369890095581,3.4837341719283508,84.89051660959456,1187.9642507815229,-0.0186855173393405,-100,47.45,47.21,46.373333333333335,46.998,59.3934275866967,1.7700000000000031,1.9200000000000017,0.8366666666666589,92.92883211678831,0.3208702349676929,1,Elevated,458.2075969906903,2836.800048828125,-1.6093196146486743,0.938127639801514,4.582490279377871,585.6839599609375,1.560571597488969,0.798307347826264,0.2361792814885133,107.61000061035156,0.3450230827606537,0.4744816036888795,-1.3566741014042982,High
2025-03-01,161.0,337,1331,1495.0,1060.0,6551.0,1038.6666666666667,23188.0,13.83,1344.83,73.18000030517578,-1.161535115771728,1.243325643280906,1.5631965850753118,-10.788734128757172,-0.8600006103515625,253325,-0.511557386300848,14.357142857142858,13.714666666666666,-0.6333991552670394,83.19267923635334,3.4837341719283508,83.7042366226542,1432.0179707945824,0.0352603223378901,-100,46.58,47.10285714285714,46.40066666666667,47.022444444444446,32.776301611689455,-0.8700000000000045,-2.640000000000008,0.7021904761904665,90.61075660893346,-0.3202507927313912,1,Elevated,556.0663409933022,2836.800048828125,-1.6093196146486743,0.938127639801514,4.582490279377871,585.6839599609375,1.560571597488969,0.798307347826264,0.2361792814885133,107.61000061035156,0.3450230827606537,0.4744816036888795,-1.3566741014042982,High
2025-03-02,181.0,265,1007,1418.0,1032.7142857142858,6562.0,1041.2,22836.0,13.43,1020.43,73.18000030517578,-1.161535115771728,1.243325643280906,1.5631965850753118,-10.788734128757172,-0.8600006103515625,227465,-0.3795856826160817,14.085714285714284,13.738333333333332,-0.6214076345250003,81.93914847238115,3.4837341719283508,82.31873415499723,1106.2324683269255,0.1319717036847663,-100,44.99,46.55857142857143,46.401,46.96455555555555,18.659858518423835,-1.5899999999999963,-0.7199999999999918,0.1575714285714227,87.2040072859745,-1.4563446801850632,1,Elevated,426.0292404997708,2836.800048828125,-1.6093196146486743,0.938127639801514,4.582490279377871,585.6839599609375,1.560571597488969,0.798307347826264,0.2361792814885133,107.61000061035156,0.3450230827606537,0.4744816036888795,-1.3566741014042982,High
2025-03-03,347.0,284,1124,1442.0,1031.142857142857,6799.0,1048.9333333333334,22685.0,13.5,1137.5,71.62000274658203,-2.1317266358133917,1.2810871744581949,1.569132414964506,-11.895679739250964,-1.55999755859375,374263,-0.2385178052553044,13.867142857142856,13.77,-0.6012811520694085,82.88550590088319,4.602381784196682,83.12402370613849,1225.2264054903353,0.1410678773607773,100,48.77,46.74428571428572,46.55733333333333,46.96144444444445,44.60533938680389,3.780000000000001,5.369999999999997,0.1869523809523841,97.0427661510464,1.3383775562281806,1,Elevated,473.4657574549064,2890.199951171875,1.8823992323959928,0.9701776756120782,5.235947201476643,575.4227905273438,-1.7519976873326182,0.8603752988233003,-1.3301970470416813,106.75,-0.7991827947901986,0.4940159774032142,-2.028266430838832,High
2025-03-04,290.0,276,1135,1483.0,1018.4285714285714,6886.0,1054.6666666666667,22757.0,13.43,1148.43,71.04000091552734,-0.8098321820887766,1.2826373933352784,1.5504593786432646,-12.06832515102263,-0.5800018310546875,409543,-0.5367693054028627,13.714285714285714,13.786,-0.591411416328748,84.29704461283045,3.299302090526318,84.8338139182333,1236.5631160087596,-0.2982515001475583,100,46.78,46.58285714285714,46.58733333333334,46.95033333333333,23.5912575007378,-1.990000000000002,-5.770000000000003,-0.0044761904761969,90.77272727272728,-0.1263031831399395,1,Elevated,477.6584836198573,2909.60009765625,0.6712389043017186,0.9730998027305644,6.023395615895266,568.611572265625,-1.1836893452684794,0.8614566586514469,-3.46733457979872,105.73999786376952,-0.9461378325343994,0.5123602467909903,-3.3013266216056825,High
2025-03-05,219.0,233,959,1476.0,1006.5714285714286,6790.0,1046.8,22608.0,13.29,972.29,69.30000305175781,-2.449321285677541,1.3098074643052846,1.5643088021182634,-12.59931611605416,-1.7399978637695312,423070,-0.5400056160395824,13.521428571428572,13.783666666666669,-0.5917361393672793,84.64699872541924,5.019060361588242,85.18700434145882,1062.496064703047,-0.0032363106367196,100,47.16,46.77285714285714,46.568666666666665,46.93844444444444,25.616181553183605,0.3799999999999954,2.369999999999997,0.204190476190476,91.9164396003633,0.1651060299834903,1,Elevated,407.9610250129271,2915.300048828125,0.1959015321887802,0.9724368589311908,5.818513569078943,574.7229614257812,1.0747915551218012,0.86848956568733,-3.314805598426873,105.73999786376952,0.0,0.4710834994045544,-2.146955161243857,High
2025-03-06,279.0,218,881,1739.0,1074.7142857142858,6807.0,1038.9,22480.0,14.5,895.5,69.45999908447266,0.2308744959150344,1.3154838009600125,1.5628505729799156,-12.07595052598398,0.1599960327148437,419157,-0.573103190054726,13.652857142857142,13.822666666666668,-0.5865915244906358,84.78298635021673,2.753953349473445,85.35608954027146,983.6100428897448,-0.0330975740151435,-100,47.3,47.00428571428571,46.61666666666667,46.93322222222222,34.26548787007573,0.1400000000000005,-0.2399999999999948,0.3876190476190402,92.19600725952812,0.2738090399788098,1,Elevated,376.3727992478437,2916.60009765625,0.0445939974050846,0.9714910198644529,5.38372578199362,564.5209350585938,-1.775120719359835,0.910077839391324,-5.561974555031624,104.05999755859376,-1.588803044369469,0.5449910558026106,-3.799575372029085,High
2025-03-07,208.0,283,1132,1685.0,1081.2857142857142,6859.0,1050.2333333333331,22579.0,14.46,1146.46,70.36000061035156,1.295711974865399,1.3485230897561389,1.550241590496666,-10.129007807436386,0.9000015258789062,398789,-0.599587586889355,13.777142857142858,13.878666666666668,-0.5847567511352482,84.61508725494369,3.657135845365176,85.21467484183304,1235.3318106871984,-0.0264843968346289,-100,46.92,46.92857142857143,46.632,46.94133333333333,24.732421984173136,-0.3799999999999954,-0.519999999999996,0.2965714285714327,91.06980961015412,-0.0159537843838087,1,Elevated,477.0897893065128,2904.699951171875,-0.4080143347021669,0.9754961110325584,5.124673320222262,567.6849975585938,0.5604862997103277,0.9104894488608448,-5.54817281820309,103.83999633789062,-0.2114176685226731,0.5451938545103755,-3.896350388671921,High
2025-03-08,124.0,355,1383,1648.0,1088.7142857142858,6815.0,1070.9666666666667,22410.0,14.48,1397.48,70.36000061035156,1.295711974865399,1.3485230897561389,1.550241590496666,-10.129007807436386,0.9000015258789062,259972,-0.7114222004885409,13.87,13.943,-0.5869860144951616,83.40166102412188,3.657135845365176,84.11308322461042,1485.2502190699756,-0.1118346135991859,-100,46.35,46.89571428571429,46.718,46.91466666666668,27.559173067995925,-0.5700000000000003,-0.1900000000000048,0.1777142857142877,89.76449275362319,-0.4262944788054444,1,Elevated,577.2774709830682,2904.699951171875,-0.4080143347021669,0.9754961110325584,5.124673320222262,567.6849975585938,0.5604862997103277,0.9104894488608448,-5.54817281820309,103.83999633789062,-0.2114176685226731,0.5451938545103755,-3.896350388671921,High
2025-03-09,173.0,300,1157,1640.0,1110.142857142857,6689.0,1081.6666666666667,22183.0,14.68,1171.68,70.36000061035156,1.295711974865399,1.3485230897561389,1.550241590496666,-10.129007807436386,0.9000015258789062,229878,-0.7903260589274325,14.04857142857143,14.01,-0.591785388729488,82.13779307219035,3.657135845365176,82.92811913111778,1258.265254976483,-0.0789038584388915,-100,46.27,47.07857142857143,46.699666666666666,46.87855555555555,22.19451929219445,-0.0799999999999983,0.490000000000002,0.3789047619047636,89.41176470588236,-0.4692831350805148,1,Elevated,486.7204781643697,2904.699951171875,-0.4080143347021669,0.9754961110325584,5.124673320222262,567.6849975585938,0.5604862997103277,0.9104894488608448,-5.54817281820309,103.83999633789062,-0.2114176685226731,0.5451938545103755,-3.896350388671921,High
2025-03-10,407.0,373,1471,1700.0,1159.7142857142858,7023.0,1092.2,22247.0,15.31,1486.31,69.27999877929688,-1.5349656362791395,1.3603122506586225,1.4206642655409936,-11.74522448497214,-1.0800018310546875,380817,-0.6771249347231203,14.30714285714286,14.087,-0.5936271189934305,83.09333737326185,4.069800335434976,83.77046230798497,1574.15026264342,0.1132011242043121,100,50.28,47.29428571428571,46.88533333333333,46.917333333333325,63.66600562102157,4.009999999999998,4.089999999999996,0.4089523809523783,99.36708860759494,2.4994367952659564,2,High,612.906012595771,2891.0,-0.4716477227311499,0.9801451956197936,4.093902321423659,552.5643920898438,-2.663555586950195,1.0167561166318708,-7.794786399213738,103.91000366210938,0.067418457904167,0.5400470727491563,-3.2855535173893946,High
2025-03-11,373.0,391,1517,1783.0,1214.2857142857142,7221.0,1107.3333333333333,22410.0,16.1,1533.1,69.55999755859375,0.4041552890161837,1.341521467076538,1.4207379296118576,-9.756102872108665,0.279998779296875,409916,-0.8032864935471316,14.68857142857143,14.189,-0.5982786648533017,84.54795422276867,2.721287043303588,85.3512407163158,1621.1725277596192,-0.1261615588240112,100,48.43,47.53,46.979000000000006,46.93111111111112,25.330807794120062,-1.8500000000000012,-5.859999999999999,0.5509999999999877,96.29629629629628,1.106589789238572,1,Elevated,631.3987629605846,2912.89990234375,0.7575199703822255,0.9397990856985394,6.407302368721468,547.9708862304688,-0.8313068893205378,0.9994493116545404,-7.24930196433492,103.44000244140624,-0.452315661763869,0.5436324815121991,-3.633309138755481,High
2025-03-12,220.0,264,1053,1784.0,1227.7142857142858,7136.0,1104.4333333333334,22267.0,16.26,1069.26,70.94999694824219,1.9982740633042395,1.3995736141045183,1.4205397008687486,-8.439800097846073,1.3899993896484375,415277,-0.6252097936220268,15.112857142857145,14.300666666666666,-0.5994851158915142,84.86012008353637,4.241827687193365,85.4853298771584,1158.9871575643515,0.1780766999251047,100,48.89,47.777142857142856,47.022666666666666,46.944,43.09038349962552,0.4600000000000008,2.3100000000000023,0.7544761904761899,97.3826714801444,1.4228742180588962,1,Elevated,446.497797050309,2939.10009765625,0.8994540214519287,0.9349198264747788,6.227412382080244,550.8787841796875,0.5306665047886794,0.98866590565945,-7.551454833709148,103.61000061035156,0.1643447070117876,0.5340107757730685,-3.949199988655283,High
2025-03-13,266.0,236,942,1771.0,1236.428571428571,7131.0,1092.8,22241.0,16.33,958.33,69.87999725341797,-1.5081039335417823,1.408195363300205,1.4262098003338557,-8.749026400414284,-1.0699996948242188,418203,-0.6869440545283487,15.374285714285715,14.407000000000002,-0.5991106867823733,84.9198191046884,3.7912019368834153,85.60676315921675,1047.7279650961002,-0.0617342609063219,100,48.08,47.88857142857143,47.09,46.955,20.208671304531578,-0.8100000000000023,-1.2700000000000031,0.7985714285714351,94.63480613165014,0.8194850816625304,1,Elevated,401.9698334065968,2984.300048828125,1.5378840349098422,0.9655630609327382,7.771476060183557,543.5352783203125,-1.333052945633073,1.0075953225715015,-8.373086802150166,103.83000183105467,0.2123358936464869,0.5357731991815414,-3.861109415690101,High
2025-03-14,249.0,276,1134,1812.0,1236.7142857142858,7196.0,1093.1,22382.0,16.39,1150.39,70.58000183105469,1.0017238196191824,1.422991406360692,1.4304275778941726,-8.182646924397341,0.7000045776367188,393505,-0.6349223428397189,15.650000000000002,14.498,-0.6021971472322397,84.74565978960653,3.2429799184196084,85.38058213244625,1239.013562050866,0.0520217116886297,-100,47.09,47.91285714285714,47.09566666666667,46.96644444444445,14.260108558443171,-0.9899999999999948,-0.1799999999999926,0.8171904761904685,91.3963963963964,0.0902156616273074,1,Elevated,478.5293083938572,2994.5,0.3417870524071498,0.9115232006900872,6.075097414098485,554.7625122070312,2.0655943292980483,1.0862436125454722,-6.97968423627322,103.72000122070312,-0.1059429918248033,0.5356859431881504,-3.784788233350755,High
2025-03-15,87.0,289,1112,1775.0,1198.0,7086.0,1101.8333333333333,22074.0,15.93,1127.93,70.58000183105469,1.0017238196191824,1.422991406360692,1.4304275778941726,-8.182646924397341,0.7000045776367188,251320,-0.8849587034605193,15.857142857142858,14.565666666666669,-0.6129957769032494,83.40925936591485,3.2429799184196084,84.29421806937538,1215.467197987795,-0.2500363606208003,-100,47.09,48.01857142857143,47.183,46.94744444444444,48.250181803104006,0.0,0.9899999999999948,0.8355714285714271,91.35913591359136,0.1051585122592942,1,Elevated,469.3280355812429,2994.5,0.3417870524071498,0.9115232006900872,6.075097414098485,554.7625122070312,2.0655943292980483,1.0862436125454722,-6.97968423627322,103.72000122070312,-0.1059429918248033,0.5356859431881504,-3.784788233350755,High
2025-03-16,152.0,294,1094,1754.0,1189.0,6982.0,1103.1333333333334,21874.0,15.82,1109.82,70.58000183105469,1.0017238196191824,1.422991406360692,1.4304275778941726,-8.182646924397341,0.7000045776367188,229133,-1.012636813786398,16.02,14.621,-0.6311804212588064,82.11664917978601,3.2429799184196084,83.12928599357241,1196.192265911992,-0.1276781103258786,-100,46.87,48.10428571428572,47.206,46.94777777777778,24.738390551629383,-0.2200000000000059,-0.2200000000000059,0.8982857142857128,90.46762589928058,-0.057375065500873,1,Elevated,461.8510491660823,2994.5,0.3417870524071498,0.9115232006900872,6.075097414098485,554.7625122070312,2.0655943292980483,1.0862436125454722,-6.97968423627322,103.72000122070312,-0.1059429918248033,0.5356859431881504,-3.784788233350755,High
2025-03-17,221.0,306,1214,1568.0,1152.2857142857142,7127.0,1111.3,21693.0,15.07,1229.07,71.06999969482422,0.6942446175368877,1.4338251245749916,1.4026016214747294,-7.412717929981127,0.4899978637695312,379884,-0.7189929753099114,15.985714285714286,14.660333333333334,-0.6304625249799714,83.10559175353764,2.869341535109992,83.82458472884755,1315.7639262639575,0.2936438384764865,100,47.31,47.68000000000001,47.27966666666667,46.94222222222223,32.76821919238243,0.4400000000000048,0.6600000000000108,0.4003333333333359,91.95867026055706,0.2718136247311389,1,Elevated,509.5406535598135,3000.0,0.183670061779928,0.9051068102991529,6.666666666666665,559.0404663085938,0.7711325129997171,1.0999313635389136,-5.76085759880155,103.37000274658205,-0.3374454974950702,0.5222910900231741,-4.613822896814224,High
2025-03-18,665.0,303,1223,1860.0,1110.2857142857142,7654.0,1117.8666666666666,22180.0,15.18,1238.18,70.55999755859375,-0.7176053727598553,1.4288287594133249,1.4026075740170294,-7.109006833812281,-0.5100021362304688,416917,-0.7280932261533948,15.854285714285714,14.707333333333334,-0.633155986078005,84.57515487783806,2.8573348155544083,85.30324810399145,1326.3405829195458,-0.0091002508434834,100,52.25,48.22571428571429,47.529,47.00899999999999,99.94550125421742,4.939999999999998,4.499999999999993,0.6967142857142861,99.91023339317772,3.5849840471937284,2,High,513.47558354702,3035.10009765625,1.1700032552083297,0.9165576560720204,7.099763655946334,552.998046875,-1.0808554653462754,1.1085721260724355,-6.147844863930574,103.23999786376952,-0.125766546733308,0.5039628223308592,-5.275713471604182,High
2025-03-19,319.0,288,1165,1959.0,1126.2857142857142,7603.0,1116.1,22136.0,15.53,1180.53,70.77999877929688,0.3117931240295579,1.4287735887592834,1.4009183590837575,-7.112858774294661,0.220001220703125,419984,-0.7260336804058395,15.75,14.755,-0.6364578336174481,85.07929820431855,2.451852590218308,85.80533188472438,1268.7871844749427,0.0020595457475552,100,48.84,48.21857142857142,47.55466666666666,47.015888888888895,82.71029772873779,-3.4099999999999966,-8.349999999999994,0.6639047619047602,97.04035874439462,1.2416142917239164,1,Elevated,490.35380741303214,3035.89990234375,0.0263518388773364,0.913246254904528,6.399602228676238,559.0206909179688,1.0890895685803592,1.122513050647177,-5.75792728652651,103.43000030517578,0.1840395634809866,0.4866661340825738,-4.195997422853259,High
2025-03-20,344.0,236,953,2037.0,1127.857142857143,7488.0,1104.2666666666669,22126.0,15.69,968.69,72.0,1.723652503170103,1.427923342757094,1.4095104793245952,-3.4981913805123943,1.220001220703125,419476,-0.6264861552945639,15.65857142857143,14.794333333333332,-0.6371351860908505,85.29814766356077,3.5013949839784364,85.92463381885533,1058.116028802834,0.0995475251112756,-100,48.13,48.22571428571428,47.50866666666666,47.03677777777778,17.09773762555638,-0.7100000000000009,2.699999999999996,0.7170476190476194,94.80286738351256,0.7429324693714763,1,Elevated,406.0614847573625,3040.0,0.1350537826719788,0.9096904829895472,5.864322907677666,557.4041748046875,-0.2891692811274549,1.1169279740249467,-6.409907452232977,103.8499984741211,0.4060699678101853,0.4949766140353078,-3.4671902709122904,High
2025-03-21,280.0,306,1234,2068.0,1142.142857142857,7605.0,1111.2666666666669,22308.0,15.91,1249.91,72.16000366210938,0.2222273084852455,1.4278375544002413,1.388590307442992,-2.867138547810655,0.160003662109375,396199,-0.702395579466387,15.59,14.846333333333332,-0.6371951726719728,85.1422290639469,1.9367787176665523,85.84462464341328,1337.69140336108,-0.0759094241718231,-100,47.62,48.30142857142857,47.562,47.06166666666667,25.37954712085912,-0.5100000000000051,0.1999999999999957,0.7394285714285758,92.8379588182632,0.3818781417062192,1,Elevated,517.9076364157493,3018.199951171875,-0.7171068693462179,0.9150876742195492,5.679269999015224,557.5880126953125,0.0329810753013193,1.1129383549750569,-6.703313267777133,104.08999633789062,0.2311004981182973,0.4974916428090056,-3.3429343689302726,High
2025-03-22,101.0,318,1256,2082.0,1162.7142857142858,7426.0,1126.9333333333334,22166.0,16.13,1272.13,72.16000366210938,0.2222273084852455,1.4278375544002413,1.388590307442992,-2.867138547810655,0.160003662109375,250753,-0.7880226912436875,15.618571428571428,14.905,-0.6423652364366621,83.83155031839476,1.9367787176665523,84.61957300963844,1358.6863517273052,-0.0856271117773005,-100,46.64,48.23714285714285,47.53966666666667,47.06133333333334,48.428135558886495,-0.9799999999999968,-0.4699999999999917,0.6974761904761806,89.26654740608228,-0.2881570350295007,1,Elevated,526.5506260889944,3018.199951171875,-0.7171068693462179,0.9150876742195492,5.679269999015224,557.5880126953125,0.0329810753013193,1.1129383549750569,-6.703313267777133,104.08999633789062,0.2311004981182973,0.4974916428090056,-3.3429343689302726,High
2025-03-23,227.0,299,1163,2157.0,1172.571428571429,7354.0,1131.2333333333331,21947.0,16.34,1179.34,72.16000366210938,0.2222273084852455,1.4278375544002413,1.388590307442992,-2.867138547810655,0.160003662109375,224254,-0.977608770358343,15.69285714285714,14.97,-0.652803684893592,82.4821129869512,1.9367787176665523,83.45972175730954,1264.736500474976,-0.1895860791146555,-100,48.02,48.401428571428575,47.571000000000005,47.050777777777775,38.24793039557329,1.3800000000000026,2.3599999999999994,0.8304285714285697,93.923145665773,0.6676817492779418,1,Elevated,489.2026558385285,3018.199951171875,-0.7171068693462179,0.9150876742195492,5.679269999015224,557.5880126953125,0.0329810753013193,1.1129383549750569,-6.703313267777133,104.08999633789062,0.2311004981182973,0.4974916428090056,-3.3429343689302726,High
2025-03-24,246.0,309,1247,2182.0,1177.2857142857142,7473.0,1132.5333333333333,21823.0,16.43,1263.43,73.0,1.164074688554506,1.4423524130101948,1.362809042649796,-2.2234176007037143,0.839996337890625,365994,-0.7854600620715367,15.88714285714286,15.023,-0.6508569841078171,83.33649213591187,2.828768861635072,84.1219521979834,1350.3807210596185,0.1921487082868063,100,47.04,48.36285714285714,47.56133333333333,47.03933333333333,15.66074354143403,-0.980000000000004,-2.3600000000000065,0.8015238095238075,90.44642857142856,0.0004605477014277,1,Elevated,523.3278979842507,3013.10009765625,-0.1689700350583134,0.9164820713893248,5.084924714722972,567.5736083984375,1.7908555198050014,1.1635757922374008,-4.155180956050197,104.26000213623048,0.1633257799221965,0.4934528710108252,-3.4987030241255934,High
2025-03-25,444.0,277,1147,1961.0,1166.428571428571,7659.0,1130.8333333333333,22047.0,15.85,1162.85,73.0199966430664,0.027392661734793,1.407051110492698,1.362795785921097,-3.756433373325563,0.0199966430664062,405149,-0.6667966863199207,15.982857142857142,15.040333333333333,-0.6529945067073603,84.6766173903898,1.8100871095600477,85.34341407670972,1250.0035011862697,0.118663375751616,100,50.01,48.04285714285714,47.60166666666667,47.07188888888889,55.99331687875809,2.969999999999999,3.950000000000003,0.4411904761904779,98.92952720785011,1.9838197083797957,2,High,482.932717659166,3023.699951171875,0.3517922794489925,0.8744721301662582,3.7538997533126617,568.93798828125,0.2403881827173881,1.1557241011154074,-4.57283570849869,104.18000030517578,-0.076733003467766,0.4883974470726132,-3.8220083099264057,High
2025-03-26,272.0,253,1036,1914.0,1148.0,7608.0,1127.5333333333333,21949.0,15.56,1051.56,73.79000091552734,1.0545115144620532,1.3920815155969968,1.3660388868363011,-4.168829979834621,0.7700042724609375,417896,-0.7081080366856161,15.987142857142857,15.058,-0.6604834956104242,84.9857705203745,2.863476028042512,85.69387855706012,1140.1173545851025,-0.0413113503656953,100,48.61,48.01,47.63966666666667,47.07655555555555,47.50655675182847,-1.3999999999999986,-4.369999999999997,0.3703333333333276,96.2566844919786,1.0324447142092836,1,Elevated,438.908166122629,3020.89990234375,-0.0926033956193284,0.874719281966264,3.721885059012875,562.1458740234375,-1.1938232984461727,1.170343456005766,-5.7837219253546905,104.5500030517578,0.3551571755597837,0.4946004810698433,-3.1585736028459155,High
2025-03-27,353.0,240,974,1923.0,1151.0,7712.0,1119.2,21924.0,15.61,989.61,74.02999877929688,0.3252444244366881,1.328585301025102,1.3658730482229826,-1.5296641676120548,0.2399978637695312,409953,-0.676923158055438,15.975714285714286,15.095,-0.6633392711784207,84.96058096091869,1.8067961422229957,85.63750411897414,1077.054300261197,0.031184878630178,-100,48.43,48.05285714285714,47.657,47.09488888888889,26.85592439315088,-0.1799999999999997,1.2199999999999989,0.3958571428571389,95.8593054318789,0.8950125045136612,1,Elevated,413.6942192806841,3060.199951171875,1.3009384653107636,0.8990921692969236,5.197660748431598,560.6529541015625,-0.2655751809027329,1.1701717565002268,-5.730266958439778,104.06999969482422,-0.4591136708967491,0.4984477654474193,-3.5853276441074837,High
2025-03-28,397.0,423,1278,2040.0,1157.2857142857142,7883.0,1127.0666666666666,22214.0,16.22,1294.22,73.62999725341797,-0.5403235613597901,1.331373054043462,1.3483995160376014,-1.8528385121927449,-0.4000015258789062,392194,-0.676376736099881,16.02,15.147666666666668,-0.6687401875294884,84.66692187496086,2.056980466622526,85.34329861106075,1381.620279077683,0.0005464219555569,-100,48.7,48.20714285714286,47.75266666666666,47.12688888888889,24.90273210977778,0.2700000000000031,0.4500000000000028,0.4544761904761998,96.44128113879005,1.0522802298038478,1,Elevated,535.5794519088612,3086.5,0.8594225621777918,0.9048686059158856,5.488912916248556,549.3623046875,-2.013839279979468,1.191507097854926,-8.593717074272467,104.04000091552734,-0.0288255783461588,0.4909033408560171,-3.0472432368483737,High
2025-03-29,48.0,104,376,1987.0,1031.571428571429,7915.0,1126.1333333333334,21927.0,14.85,390.85,73.62999725341797,-0.5403235613597901,1.331373054043462,1.3483995160376014,-1.8528385121927449,-0.4000015258789062,253639,-0.725092587325136,15.837142857142856,15.19,-0.6753055340636797,83.3447869271586,2.056980466622526,84.06987951448373,476.9768599811063,-0.048715851225255,-100,45.92,48.10428571428572,47.76066666666667,47.103,93.74357925612628,-2.780000000000001,-3.0500000000000043,0.3436190476190432,86.84444444444445,-0.7903044418675189,1,Elevated,173.97676808954577,3086.5,0.8594225621777918,0.9048686059158856,5.488912916248556,549.3623046875,-2.013839279979468,1.191507097854926,-8.593717074272467,104.04000091552734,-0.0288255783461588,0.4909033408560171,-3.0472432368483737,High
2025-03-30,88.0,103,379,1848.0,919.5714285714286,7741.0,1102.5666666666666,21590.0,13.42,392.42,73.62999725341797,-0.5403235613597901,1.331373054043462,1.3483995160376014,-1.8528385121927449,-0.4000015258789062,225511,-0.6281237409202527,15.42,15.184333333333331,-0.6780157351397302,81.94186384272324,2.056980466622526,82.5699875836435,477.04696805026606,0.0969688464048833,-100,44.44,47.59285714285714,47.66033333333334,47.06122222222223,32.78484423202441,-1.480000000000004,1.2999999999999972,-0.0674761904761993,84.19182948490231,-1.7264778199572983,1,Elevated,174.3047897033777,3086.5,0.8594225621777918,0.9048686059158856,5.488912916248556,549.3623046875,-2.013839279979468,1.191507097854926,-8.593717074272467,104.04000091552734,-0.0288255783461588,0.4909033408560171,-3.0472432368483737,High
2025-03-31,59.0,85,311,1661.0,785.8571428571429,7639.0,1068.5666666666666,21416.0,11.71,322.71,74.73999786376953,1.50753857362127,1.35978696459567,1.315859288551126,0.0,1.1100006103515625,362575,-0.7198714758157629,14.745714285714286,15.113666666666669,-0.6849595381235607,82.79677511036768,2.86732553821694,83.51664658618344,409.0939721244004,-0.0917477348955102,100,43.24,47.05,47.549,47.02655555555556,33.35873867447754,-1.1999999999999955,0.2800000000000082,-0.4989999999999952,82.96362023070097,-2.4130415593638626,1,Elevated,146.93425953252347,3122.800048828125,1.1760910036651584,0.8680791738803204,8.295184598110318,553.0501098632812,0.6712883545730408,1.203465071561576,-7.9755847973409395,104.20999908447266,0.1633969314200012,0.480280150850388,-2.2145074759404197,High
2025-04-01,307.0,265,1113,1524.0,781.0,7765.0,1072.1,21570.0,11.37,1124.37,74.48999786376953,-0.3344929183108691,1.3324989556529447,1.3164200209598198,-1.780061365122476,-0.25,399381,-0.7256179173193361,14.105714285714283,15.045,-0.6964939459470025,84.1420650461879,1.8449980104760613,84.86768296350724,1211.082680973983,-0.0057464415035731,100,46.53,46.55285714285714,47.60033333333333,47.04288888888888,63.02873220751788,3.289999999999999,4.489999999999995,-1.0474761904761891,88.65248226950354,-0.32959873705747,1,Elevated,467.4595357968919,3118.89990234375,-0.124892609945959,0.8295464743233638,6.388995717295898,554.6121826171875,0.2824468752555598,1.2032866661640336,-7.98582497637057,104.26000213623048,0.0479829691940381,0.4706664213485795,-2.606259538524625,High
2025-04-02,314.0,283,1179,1566.0,801.4285714285714,7732.0,1073.9333333333334,21560.0,11.65,1190.65,74.94999694824219,0.6175313433542051,1.3369410531197408,1.3156901651774295,-1.4334612758566845,0.4599990844726562,409532,-0.7015837590347797,13.547142857142855,14.983333333333333,-0.7119294777396517,84.41805466173527,2.0978185240596146,85.11963842077004,1277.86745694483,0.0240341582845564,100,44.97,46.03285714285715,47.47366666666667,47.01244444444444,14.320170791422791,-1.5600000000000025,-4.850000000000001,-1.44080952380952,84.85385296722764,-1.301212592423603,1,Elevated,494.1230550937779,3139.89990234375,0.6733143306144385,0.8250253965693914,7.552922085904656,558.1219482421875,0.632832407041195,1.2112036469402767,-7.621067230056456,103.80999755859376,-0.4316176562597085,0.473200536444266,-3.1352063709609967,High
2025-04-03,390.0,247,990,1603.0,803.7142857142857,7832.0,1069.1,21619.0,11.75,1001.75,70.13999938964844,-6.417608745088232,1.7665701638085844,1.4662826118360597,-8.289753777462906,-4.80999755859375,410919,-0.7532899583134618,12.995714285714286,14.927333333333332,-0.7191468328366717,84.42882223980648,9.013154286643108,85.18211219811994,1095.9452664847631,-0.0517061992786821,100,50.77,46.36714285714287,47.60666666666667,47.06755555555556,26.458530996393407,5.800000000000004,7.3600000000000065,-1.2395238095238028,99.64601769911503,2.2947831920869914,2,High,421.34168415428127,3097.0,-1.3662824828182485,0.8707043603951369,5.340136054421762,530.6172485351562,-4.9280806450378245,1.4816170915271556,-11.806668078793424,102.06999969482422,-1.6761370818715426,0.5409683673088188,-4.015419212070204,High
2025-04-04,251.0,341,1367,1457.0,816.4285714285714,7864.0,1082.7,21715.0,11.28,1378.28,65.58000183105469,-6.501279723801556,2.059578720513963,1.6094172642583628,-11.890364688747256,-4.55999755859375,385168,-0.9120508526623128,12.29,14.860333333333331,-0.731548340724096,84.13222867581327,9.749894913190245,85.04427952847558,1473.0741744416655,-0.1587608943488511,-100,50.3,46.59571428571428,47.711333333333336,47.114,43.29380447174426,-0.4700000000000059,-6.27000000000001,-1.115619047619056,99.20424403183024,1.9359827201295197,2,High,572.2208138709713,3012.0,-2.744591540200192,1.0208060568449335,2.532676330012018,499.5533447265625,-5.854295896778716,1.7720118124590498,-15.52489769445742,103.0199966430664,0.9307308230455114,0.5710288727213254,-3.367417640682924,High
2025-04-05,134.0,313,1230,1543.0,938.4285714285714,7719.0,1094.3333333333333,21620.0,12.69,1242.69,65.58000183105469,-6.501279723801556,2.059578720513963,1.6094172642583628,-11.890364688747256,-4.55999755859375,244992,-0.8902707513369441,11.981428571428571,14.8,-0.7421205927668366,82.76933969705544,9.749894913190245,83.65961044839239,1336.0995053615827,0.0217801013253687,-100,49.98,47.175714285714285,47.800666666666665,47.15277777777778,47.608900506626846,-0.3200000000000003,0.1500000000000056,-0.6249523809523794,98.67491166077738,1.691206430707211,1,Elevated,517.7078800549546,3012.0,-2.744591540200192,1.0208060568449335,2.532676330012018,499.5533447265625,-5.854295896778716,1.7720118124590498,-15.52489769445742,103.0199966430664,0.9307308230455114,0.5710288727213254,-3.367417640682924,High
2025-04-06,208.0,279,1105,1663.0,1042.142857142857,7719.0,1093.4333333333334,21473.0,13.98,1118.98,65.58000183105469,-6.501279723801556,2.059578720513963,1.6094172642583628,-11.890364688747256,-4.55999755859375,219757,-0.9428434953800884,12.061428571428571,14.784,-0.7535624563831943,81.3683651060356,9.749894913190245,82.31120860141569,1211.041103514606,-0.0525727440431441,-100,50.71,48.07142857142857,47.92700000000001,47.18166666666667,37.96286372021573,0.730000000000004,1.0500000000000045,0.1444285714285627,99.55869373345102,2.0627942920340923,2,High,467.9541996855593,3012.0,-2.744591540200192,1.0208060568449335,2.532676330012018,499.5533447265625,-5.854295896778716,1.7720118124590498,-15.52489769445742,103.0199966430664,0.9307308230455114,0.5710288727213254,-3.367417640682924,High
2025-04-07,497.0,293,1175,2101.0,1165.571428571429,8092.0,1086.5,21577.0,16.09,1191.09,64.20999908447266,-2.08905566991503,2.0752338991066988,1.5965119628705449,-14.134795222476736,-1.3700027465820312,367442,-0.8390476915429376,12.687142857142856,14.837666666666667,-0.7578166394183409,82.20934738460535,5.577769091269403,83.0483950761483,1279.7161641674177,0.1037958038371507,100,53.26,49.50285714285714,48.15733333333333,47.242444444444445,89.41897901918576,2.549999999999997,1.8199999999999927,1.3455238095238045,100.0,3.2961576079604518,2,High,495.27678665173744,2951.300048828125,-2.0152706232362205,1.0889681258813906,0.1153413140545067,498.66357421875,-0.1781132119732964,1.7732192013464103,-15.28986981348871,103.26000213623048,0.2329698126428914,0.5742436896610246,-3.1332048646337096,High
2025-04-08,311.0,300,1209,2105.0,1179.2857142857142,8230.0,1088.2333333333331,21665.0,16.27,1225.27,62.81999969482422,-2.1647709227028638,2.069651587648606,1.610806991298117,-13.968772140734853,-1.3899993896484375,400556,-0.7100465552211588,13.38714285714286,14.890666666666666,-0.7551406559614652,83.54494963027142,5.631299724424955,84.25499618549257,1315.1562959099174,0.1290011363217788,100,50.95,50.13428571428572,48.313333333333325,47.28133333333333,49.64500568160889,-2.309999999999995,-4.859999999999992,1.8209523809523915,99.60352422907488,1.9651015239268992,2,High,509.2115191268685,2968.39990234375,0.579400712659317,1.0566413289979857,2.200031067094166,490.8531188964844,-1.5662774916941125,1.7831258774595375,-16.19992322452014,102.95999908447266,-0.2905317117483874,0.5744396118489326,-3.151160333979608,High
2025-04-09,269.0,333,1339,2060.0,1202.142857142857,8092.0,1083.8333333333333,21639.0,16.45,1355.45,65.4800033569336,4.234326130263466,2.240666562398338,1.6757670281509849,-9.720109666368348,2.660003662109375,412630,-0.6784794497745453,14.072857142857142,14.928666666666665,-0.7551858064631792,83.79389509624463,7.447003659298638,84.47237454601917,1447.3693782053178,0.0315671054466134,100,50.44,50.91571428571429,48.318666666666665,47.31311111111111,20.357835527233064,-0.5100000000000051,1.79999999999999,2.597047619047622,99.03169014084509,1.6490620235875209,2,High,562.0532763729234,3056.5,2.9679322380616213,1.1802226293083524,4.789493583147797,542.4021606445312,10.50192812545172,2.6961267394436854,-7.446016094303709,102.9000015258789,-0.0582726875750339,0.5731724730477669,-3.307645840660789,High
2025-04-10,197.0,240,958,1867.0,1197.571428571429,7916.0,1065.2,21569.0,16.02,974.02,63.33000183105469,-3.283447488783986,2.2567788552715564,1.7086743778519942,-14.465152555429803,-2.1500015258789062,415019,-0.5932962461838154,14.682857142857143,14.926,-0.7481861315510688,83.83382747335023,6.986741599598522,84.42712371953404,1065.4338653191326,0.0851832035907299,100,49.97,50.801428571428566,48.37,47.333777777777776,29.12591601795365,-0.4699999999999988,0.0400000000000062,2.431428571428569,98.19700967458223,1.3766260149020548,1,Elevated,409.2881213837462,3155.199951171875,3.22918210933667,1.2788616741637169,9.433962423918809,518.6346435546875,-4.381899412347668,2.791329915919658,-10.066120210655836,100.87000274658205,-1.972787900091855,0.6424234787041665,-5.939943345839593,High
2025-04-11,284.0,305,1181,1900.0,1171.0,7980.0,1069.4666666666667,21742.0,15.84,1196.84,64.76000213623047,2.258013996258179,2.307701755283885,1.720794489783178,-11.50587337227682,1.4300003051757812,393412,-0.6606879263154706,15.334285714285713,14.912,-0.7493687359741835,83.66272784069993,5.716303088769746,84.3234157670154,1286.879718855785,-0.0673916801316552,-100,50.38,50.81285714285714,48.41966666666667,47.363,29.536958400658275,0.4100000000000037,0.8800000000000026,2.393190476190469,98.94551845342706,1.5541159485415457,2,High,497.88720438891096,3222.199951171875,2.123478734687345,1.2673382130975024,13.5857267241291,527.888427734375,1.784258783073711,2.796809388529582,-9.868040816828447,99.77999877929688,-1.080602694166266,0.6532086207444088,-7.276277099380923,High
2025-04-12,120.0,358,1409,1886.0,1196.571428571429,7834.0,1085.0333333333333,21648.0,16.08,1425.08,64.76000213623047,2.258013996258179,2.307701755283885,1.720794489783178,-11.50587337227682,1.4300003051757812,245671,-0.6632763003090592,15.818571428571428,14.903666666666664,-0.7485798108335405,82.31261753562691,5.716303088769746,82.97589383593598,1513.7721969247057,-0.0025883739935885,-100,49.08,50.68428571428571,48.453,47.36755555555556,45.212941869967935,-1.3000000000000045,-1.710000000000008,2.231285714285704,96.7515364354697,0.8804903403558443,1,Elevated,588.9137000026951,3222.199951171875,2.123478734687345,1.2673382130975024,13.5857267241291,527.888427734375,1.784258783073711,2.796809388529582,-9.868040816828447,99.77999877929688,-1.080602694166266,0.6532086207444088,-7.276277099380923,High
2025-04-13,260.0,307,1178,1938.0,1207.0,7845.0,1086.5,21611.0,16.32,1194.32,64.76000213623047,2.258013996258179,2.307701755283885,1.720794489783178,-11.50587337227682,1.4300003051757812,220576,-0.7751227524980899,16.152857142857144,14.901333333333332,-0.7532531578221529,80.95940059647373,5.716303088769746,81.73452334897182,1281.7708264377416,-0.1118464521890307,-100,50.58,50.66571428571429,48.56933333333333,47.38766666666667,40.95923226094517,1.5,2.8000000000000043,2.0963809523809545,99.29824561403508,1.621500539817783,2,High,496.3614259053023,3222.199951171875,2.123478734687345,1.2673382130975024,13.5857267241291,527.888427734375,1.784258783073711,2.796809388529582,-9.868040816828447,99.77999877929688,-1.080602694166266,0.6532086207444088,-7.276277099380923,High
2025-04-14,407.0,354,1400,1848.0,1239.142857142857,8165.0,1096.1,21644.0,16.48,1416.48,64.87999725341797,0.185292021663419,2.285734828376844,1.6987886640258762,-9.410786420956562,0.1199951171875,373345,-0.5917153384782718,16.208571428571428,14.919666666666666,-0.7434783789894114,81.91427974919054,3.412105492135919,82.50599508766881,1502.3981005798048,0.183407414019818,100,50.94,50.33428571428572,48.69766666666667,47.40977777777778,41.9170370700991,0.3599999999999994,-1.1400000000000006,1.6366190476190496,99.47414548641542,1.767354006951933,2,High,584.4580412143881,3204.800048828125,-0.5400007016144959,1.2488602615561202,10.88506342022082,533.0098266601562,0.9701669248105338,2.79252507080006,-7.370748007446548,99.63999938964844,-0.1403080691132263,0.6451133663640648,-6.660422117425346,High
2025-04-15,518.0,349,1414,2055.0,1268.428571428571,8531.0,1106.7666666666669,21938.0,17.19,1431.19,64.66999816894531,-0.3236730785490138,2.283741142366754,1.689774177013454,-8.966783029967173,-0.2099990844726562,402142,-0.6759015871101786,16.34,14.965333333333332,-0.7322538714335374,83.2681227103246,3.504092523912485,83.94402429743478,1518.6381168213472,-0.0841862486319067,100,52.63,50.57428571428572,48.88966666666666,47.44622222222222,39.72093124315954,1.6900000000000048,1.3300000000000054,1.6846190476190517,99.9124343257443,2.513791506641846,2,High,590.6664418690519,3218.699951171875,0.4337213595847489,1.247522213923257,10.623448004576709,531.5169067382812,-0.2800923823918277,2.7866167842217364,-6.523726799920826,100.22000122070312,0.5820973851942357,0.6467427799802893,-5.220348737076874,High
2025-04-16,233.0,294,1127,2019.0,1238.142857142857,8543.0,1103.8666666666666,21878.0,16.85,1143.85,65.8499984741211,1.8246487375693563,2.277496481644401,1.7018776265291675,-4.9783613646597225,1.1800003051757812,409835,-0.6779656840888754,16.397142857142857,15.024666666666668,-0.7308862950595029,83.50249751469273,4.59998135567973,84.18046319878161,1232.6304445544613,-0.0020640969786968,100,50.07,50.521428571428565,48.98166666666667,47.46611111111111,70.41032048489348,-2.5600000000000023,-4.250000000000007,1.539761904761896,98.16272965879264,1.2525732576107562,2,High,476.21608518202817,3326.60009765625,3.352289685936416,1.3623636649131612,14.108326482327492,519.7023315429688,-2.222803272207108,2.8000980092870864,-9.573417729181466,99.37999725341795,-0.8381600050426208,0.6568786880952074,-6.014753866881561,High
2025-04-17,597.0,260,1025,2419.0,1247.7142857142858,8475.0,1097.2666666666669,22153.0,17.76,1042.76,67.95999908447266,3.204253089209685,2.3576806191018465,1.7313639001972851,-2.159516296819697,2.1100006103515625,394645,-0.6399409406271348,16.645714285714284,15.110666666666669,-0.7279478855419608,83.32821299521468,5.777885337993501,83.96815393584183,1132.5060392738353,0.0380247434617405,-100,54.93,51.23,49.071,47.54711111111111,92.09012371730871,4.859999999999999,7.420000000000002,2.159000000000006,100.0,3.32154480947978,2,High,436.2087849223658,3308.699951171875,-0.5380913232397977,1.37245623425507,13.443730384248177,520.44384765625,0.1426809287308206,2.7870688633108536,-7.807874724392427,99.37999725341795,0.0,0.6032799713327053,-4.497405741856353,High
2025-04-18,331.0,357,1384,2466.0,1276.7142857142858,8487.0,1104.5666666666666,22384.0,18.15,1402.15,67.95999908447266,3.204253089209685,2.3576806191018465,1.7313639001972851,-2.159516296819697,2.1100006103515625,336924,-0.7141311356836936,16.975714285714286,15.198,-0.7275511340512227,82.67824567356209,5.777885337993501,83.39237680924577,1491.3202621472392,-0.0741901950565587,-100,52.31,51.50571428571429,49.18666666666668,47.608,67.47095097528276,-2.619999999999997,-7.479999999999997,2.319047619047616,99.65065502183404,2.064768808432498,2,High,579.8496294970465,3308.699951171875,-0.5380913232397977,1.37245623425507,13.443730384248177,520.44384765625,0.1426809287308206,2.7870688633108536,-7.807874724392427,99.37999725341795,0.0,0.6032799713327053,-4.497405741856353,High
2025-04-19,196.0,336,1351,2542.0,1268.428571428571,8339.0,1117.8333333333333,22328.0,18.2,1369.2,67.95999908447266,3.204253089209685,2.3576806191018465,1.7313639001972851,-2.159516296819697,2.1100006103515625,238489,-0.7601790655800372,17.27857142857143,15.281666666666668,-0.7320075643940718,81.2619726703844,5.777885337993501,82.02215173596443,1457.000037073958,-0.0460479298963436,-100,50.86,51.760000000000005,49.27766666666666,47.63588888888889,37.730239649481724,-1.4500000000000028,1.1699999999999946,2.482333333333344,99.12739965095986,1.4007640710993812,2,High,566.3955844823904,3308.699951171875,-0.5380913232397977,1.37245623425507,13.443730384248177,520.44384765625,0.1426809287308206,2.7870688633108536,-7.807874724392427,99.37999725341795,0.0,0.6032799713327053,-4.497405741856353,High
2025-04-20,151.0,158,624,2433.0,1189.2857142857142,8210.0,1097.5,22163.0,17.14,641.14,67.95999908447266,3.204253089209685,2.3576806191018465,1.7313639001972851,-2.159516296819697,2.1100006103515625,210696,-0.6607324826573328,17.395714285714284,15.322666666666668,-0.7306187945004367,79.81036072638582,5.777885337993501,80.47109320904316,727.3889785470367,0.0994465829227044,-100,49.08,51.54571428571428,49.32633333333333,47.64511111111111,30.09723291461351,-1.7800000000000011,-0.3299999999999983,2.219380952380952,96.12031386224936,0.6222880142412722,1,Elevated,274.86137277700607,3308.699951171875,-0.5380913232397977,1.37245623425507,13.443730384248177,520.44384765625,0.1426809287308206,2.7870688633108536,-7.807874724392427,99.37999725341795,0.0,0.6032799713327053,-4.497405741856353,High
2025-04-21,414.0,351,1388,2440.0,1187.571428571429,8523.0,1101.9,22297.0,17.13,1405.13,66.26000213623047,-2.5014669969744,2.384970676590366,1.743486107184073,-5.827172311760743,-1.6999969482421875,331620,-0.6108550158720238,17.488571428571426,15.356,-0.7247132053213812,80.44316722048744,5.46915490474084,81.05402223635946,1491.6531771411003,0.0498774667853089,100,52.36,51.74857142857143,49.517,47.70088888888889,62.94938733392656,3.280000000000001,5.060000000000002,2.231571428571428,99.65156794425089,1.9754722707544128,2,High,580.4504664091683,3406.199951171875,2.9467767231497577,1.4369453668431893,17.265122333811945,508.0558776855469,-2.380270230206527,2.8097897022076723,-10.503909761485684,98.27999877929688,-1.1068610429884718,0.6279921970301712,-5.354389209049826,High
2025-04-22,331.0,389,1581,2253.0,1211.428571428571,8627.0,1115.8333333333333,22538.0,17.0,1598.0,67.44000244140625,1.780863669080035,2.396430636230243,1.7544246328244388,-2.6558839063381634,1.1800003051757812,394963,-0.6376787991732967,17.46142857142857,15.378000000000002,-0.7133822062818796,81.77901204967108,4.442882695944094,82.41669084884438,1684.8595735447884,-0.0268237833012728,100,50.71,51.47428571428571,49.60666666666667,47.755222222222216,28.034118916506355,-1.6499999999999986,-4.93,1.867619047619044,98.82506527415144,1.2462392674549925,2,High,657.4604912481466,3400.800048828125,-0.1585315724607516,1.4304497054725596,17.63403835448374,521.2743530273438,2.6017758916625056,2.8235355336446992,-5.662695517559236,98.91999816894533,0.6512000382556504,0.6447866180394786,-4.802237818593847,High
2025-04-23,254.0,323,1304,2274.0,1236.7142857142858,8635.0,1117.7333333333331,22516.0,17.25,1321.25,66.12000274658203,-1.957294850294633,2.419285285661484,1.753844271850728,-4.945363618096799,-1.3199996948242188,410488,-0.70321917968046,17.518571428571427,15.405333333333337,-0.7106408435355104,82.12718982488913,4.871116497765797,82.83040900456959,1408.9515255023357,-0.0655403805071632,100,50.23,51.49714285714286,49.713,47.78377777777778,28.227701902535816,-0.480000000000004,1.1699999999999946,1.7841428571428608,97.91304347826087,1.0255711534251073,2,High,547.0145284000203,3276.300048828125,-3.660903264303972,1.6231172727781282,12.475545287085875,529.3516845703125,1.5495355748962103,2.8373366825930004,-3.397845054915072,99.83999633789062,0.930042646557716,0.6721302636941769,-3.4802842406687406,High
2025-04-24,309.0,316,1303,1986.0,1276.428571428571,8500.0,1122.9333333333334,22541.0,17.04,1320.04,66.55000305175781,0.6503331629066134,2.390547673365212,1.755628559612972,-6.201542051783537,0.4300003051757812,403546,-0.7722838697330126,17.415714285714284,15.445,-0.7141570829826135,82.11464590944716,3.6610350414501793,82.88692977918018,1406.5879648206303,-0.0690646900525525,-100,49.63,50.74,49.70033333333333,47.82855555555556,23.44532345026277,-0.5999999999999943,-0.1199999999999903,1.039666666666669,97.04604691572546,0.7564017794113933,1,Elevated,546.0577999724161,3332.0,1.7000869988021303,1.6380347357431393,13.36803406787892,540.4940185546875,2.104901960106065,2.86340037579075,-1.8851271683050783,99.29000091552734,-0.5508768454897783,0.6745306972587851,-4.169481391155028,High
2025-04-25,258.0,319,1254,1913.0,1257.857142857143,8486.0,1130.2,22714.0,16.69,1270.69,66.87000274658203,0.4808409919611067,2.380147034720276,1.748801463996267,-4.307376395451579,0.3199996948242187,381943,-0.7303944115699733,17.207142857142856,15.482666666666669,-0.7148999621454253,81.83330380596323,3.29172566622654,82.5636982175332,1356.5454238837597,0.0418894581630392,-100,48.72,50.22714285714285,49.70399999999999,47.86544444444444,23.909447290815177,-0.9100000000000036,-0.3100000000000094,0.523142857142858,94.61805555555556,0.3606878826204798,1,Elevated,526.1054299099974,3282.39990234375,-1.48859836903511,1.6606226998100986,9.988937058546863,544.3992919921875,0.722537771637688,2.85559265390578,0.1589618386031999,99.47000122070312,0.1812874443710699,0.6739956194420104,-4.1991722367932365,High
2025-04-26,56.0,108,355,1773.0,1115.571428571429,8189.0,1109.5666666666666,22693.0,15.02,370.02,66.87000274658203,0.4808409919611067,2.380147034720276,1.748801463996267,-4.307376395451579,0.3199996948242187,250198,-0.7719849952017191,16.752857142857145,15.463,-0.7180686900503014,80.5831770365121,3.29172566622654,81.35516203171382,454.6668876979403,-0.0415905836317458,-100,47.3,49.71857142857142,49.66633333333333,47.90988888888888,67.30795291815875,-1.4200000000000017,-0.509999999999998,0.0522380952380885,89.28881179531658,-0.262924886581982,1,Elevated,165.59572267283338,3282.39990234375,-1.48859836903511,1.6606226998100986,9.988937058546863,544.3992919921875,0.722537771637688,2.85559265390578,0.1589618386031999,99.47000122070312,0.1812874443710699,0.6739956194420104,-4.1991722367932365,High
2025-04-27,94.0,161,561,1716.0,1106.571428571429,7886.0,1085.6666666666667,22612.0,14.87,575.87,66.87000274658203,0.4808409919611067,2.380147034720276,1.748801463996267,-4.307376395451579,0.3199996948242187,228715,-0.7329952098410893,16.428571428571427,15.418,-0.7199559725083416,79.30390894385083,3.29172566622654,80.03690415369192,659.1986298199184,0.0389897853606298,-100,45.86,49.25857142857143,49.57166666666667,47.903333333333336,19.294948926803155,-1.4399999999999975,-0.019999999999996,-0.3130952380952436,84.79202772963605,-0.8789921185003794,1,Elevated,247.672071097229,3282.39990234375,-1.48859836903511,1.6606226998100986,9.988937058546863,544.3992919921875,0.722537771637688,2.85559265390578,0.1589618386031999,99.47000122070312,0.1812874443710699,0.6739956194420104,-4.1991722367932365,High
2025-04-28,79.0,210,770,1381.0,1018.2857142857144,7917.0,1098.8,22371.0,13.33,783.33,65.86000061035156,-1.5103964329986397,2.3835554077509684,1.753665118164048,-6.687448424840303,-1.0100021362304688,371942,-0.6350534272728288,15.885714285714286,15.367333333333333,-0.7169546671732648,80.22966242390703,4.562696683233638,80.86471585117985,868.7574125344136,0.0979417825682605,100,45.61,48.29428571428571,49.56133333333333,47.88555555555556,28.889708912841293,-0.25,1.1899999999999975,-1.2670476190476236,83.98268398268398,-0.974089832957314,1,Elevated,331.33002184352944,3332.5,1.5263252238240987,1.6749045199321946,11.28736016029388,544.6068115234375,0.0381189935957815,2.82997469937884,-1.8306393204528093,99.01000213623048,-0.4624500641676077,0.6765001508639058,-4.541071181102641,High
2025-04-29,66.0,225,819,1116.0,909.4285714285714,7895.0,1113.4666666666667,22264.0,11.77,830.77,64.25,-2.444580314957534,2.4115612174365584,1.7685676009776905,-9.596172399197144,-1.6100006103515625,408370,-0.68158923184638,15.138571428571428,15.312333333333331,-0.7187368502041357,81.66058434143739,5.8157587723138064,82.34217357328376,918.9279323455976,-0.0465358045735512,100,45.42,47.53857142857142,49.594,47.87588888888889,28.432679022867763,-0.1899999999999977,0.0600000000000022,-2.0554285714285783,83.73702422145328,-1.047490556071811,1,Elevated,351.10273822358226,3318.800048828125,-0.4111013104838745,1.6807043945774924,10.626668294270836,548.0375366210938,0.6299453156047408,2.8287245985163816,-1.9681812588905332,99.23999786376952,0.2322954475070249,0.6791232445500267,-3.995361103876005,High
2025-04-30,39.0,185,676,901.0,819.7142857142857,7875.0,1125.6333333333334,22065.0,10.47,686.47,63.119998931884766,-1.7587565262493945,2.425125838732598,1.7763280066680025,-10.54421610563512,-1.1300010681152344,415651,-0.5409243925058244,14.17,15.271,-0.7127719474271377,82.07591862465475,5.238303975545504,82.61684301716058,774.3251469927061,0.1406648393405556,100,44.47,46.71571428571429,49.635,47.86155555555556,29.10332419670277,-0.9500000000000028,-0.7600000000000051,-2.9192857142857136,82.15211754537597,-1.4361822614981934,1,Elevated,293.2066901936504,3305.0,-0.4158144095784855,1.6789893892296772,8.892619474137643,548.2550048828125,0.0396812712974981,2.821736594792612,-0.8576959754180824,99.47000122070312,0.2317647741683082,0.6823942792644344,-3.651682217236296,High
2025-05-01,242.0,277,1052,834.0,783.8571428571429,7810.0,1123.6,22137.0,10.04,1062.04,62.130001068115234,-1.5684377067843092,2.4319380814582763,1.7817083707006762,-12.220963351742476,-0.9899978637695312,329787,-0.4896586127157884,13.17,15.226666666666665,-0.7049066372736861,81.53132645293441,5.222472123416834,82.0209850656502,1149.283457189067,0.0512657797900359,-100,47.46,46.40571428571428,49.666,47.88911111111111,55.1563288989502,2.990000000000002,3.940000000000005,-3.260285714285722,90.15544041450777,-0.1832325228845869,1,Elevated,443.3091858624968,3210.0,-2.874432677760963,1.775902790614622,5.7347113955187545,552.1405029296875,0.7087027044478056,2.8175675614153097,-1.2307573047042777,100.25,0.7841547901122681,0.7002275711476706,-3.0745434552770123,High
2025-05-02,448.0,306,1241,1024.0,782.0,7944.0,1125.6666666666667,22475.0,10.37,1251.37,61.290000915527344,-1.3520040852195825,2.403795875431624,1.7859146663847667,-14.87499872843424,-0.8400001525878906,355451,-0.6777945555990762,12.267142857142858,15.184,-0.7041136638258293,81.10812776858221,5.243299833494631,81.78592232418129,1338.3992221576757,-0.1881359428832877,100,49.66,46.540000000000006,49.822333333333326,47.95111111111112,55.44067971441644,2.199999999999996,-0.7900000000000063,-3.28233333333332,97.06643658326144,0.7386245406217827,1,Elevated,519.0025043982341,3231.89990234375,0.6822399484034181,1.7780077888829398,6.312496787623356,560.3365478515625,1.4844129127253636,2.82994970610325,0.5260766207756618,100.0,-0.2493765586034868,0.6940375453558364,-3.7072686862681943,High
2025-05-03,130.0,344,1375,1098.0,927.7142857142856,7684.0,1138.5,22402.0,11.96,1386.96,61.290000915527344,-1.3520040852195825,2.403795875431624,1.7859146663847667,-14.87499872843424,-0.8400001525878906,239695,-0.7276688408955831,11.829999999999998,15.191,-0.7032596265785667,79.76825292289664,5.243299833494631,80.49592176379223,1472.6992215972869,-0.0498742852965069,-100,47.53,46.57285714285714,49.71433333333333,47.96944444444444,89.74937142648255,-2.1299999999999955,-4.329999999999991,-3.1414761904761903,90.3448275862069,-0.1907700960242389,1,Elevated,572.9805042861564,3231.89990234375,0.6822399484034181,1.7780077888829398,6.312496787623356,560.3365478515625,1.4844129127253636,2.82994970610325,0.5260766207756618,100.0,-0.2493765586034868,0.6940375453558364,-3.7072686862681943,High
2025-05-04,203.0,305,1235,1207.0,1024.0,7636.0,1134.1,22290.0,13.09,1248.09,61.290000915527344,-1.3520040852195825,2.403795875431624,1.7859146663847667,-14.87499872843424,-0.8400001525878906,224436,-0.7277518281424734,11.575714285714286,15.251333333333331,-0.6971163257612388,78.51048086000395,5.243299833494631,79.23823268814643,1332.5715325216408,-8.298724689026482e-05,-100,48.06,46.887142857142855,49.63966666666667,47.97322222222223,35.90041493623444,0.5300000000000011,2.6599999999999966,-2.752523809523815,91.81739879414296,0.0376738735976302,1,Elevated,517.1809664710271,3231.89990234375,0.6822399484034181,1.7780077888829398,6.312496787623356,560.3365478515625,1.4844129127253636,2.82994970610325,0.5260766207756618,100.0,-0.2493765586034868,0.6940375453558364,-3.7072686862681943,High
2025-05-05,523.0,401,1556,1651.0,1136.2857142857142,8025.0,1144.9666666666667,22551.0,15.11,1571.11,60.22999954223633,-1.7294850015616037,2.409782244392465,1.7932266599059294,-16.532709970104108,-1.0600013732910156,360453,-0.6409764534018404,11.83,15.332,-0.6888065158300686,79.41399490918926,5.792538242964479,80.05497136259109,1656.9575096055553,0.086775374740633,100,53.29,47.98428571428572,49.75,48.05577777777778,94.63387687370316,5.229999999999997,4.699999999999996,-1.7657142857142816,99.91394148020652,2.2185729816622377,2,High,646.772009569704,3311.300048828125,2.456763788593652,1.814407899028876,9.71108947047885,557.1234741210938,-0.573418554043692,2.832280629909033,-0.0833121522776703,99.83000183105467,-0.1699981689453178,0.6908268222707131,-4.092607029216722,High
2025-05-06,454.0,361,1423,2039.0,1222.571428571429,8271.0,1155.5666666666666,22849.0,16.73,1439.73,62.150001525878906,3.187783493666108,2.487141170614267,1.821613463460692,-14.863011608385058,1.920001983642578,397247,-0.5637596454549669,12.538571428571428,15.423666666666668,-0.6761703874992313,80.80290292652755,7.16122582511888,81.36666257198252,1528.2578883971014,0.0772168079468734,100,53.36,49.11857142857144,49.83833333333333,48.132444444444445,40.38608403973438,0.0700000000000002,-5.159999999999997,-0.7197619047618957,99.91401547721412,2.161745823331729,2,High,595.0298228444442,3411.39990234375,3.022977442079,1.8769344487416268,13.218937034229915,552.4667358398438,-0.8358538991013353,2.816695056433048,-2.6616587408322068,99.23999786376952,-0.5910086712045071,0.693247205544136,-4.814889861503735,High
2025-05-07,285.0,281,1189,2285.0,1295.857142857143,8059.0,1156.0333333333333,22966.0,17.87,1206.87,61.119998931884766,-1.6572849053998029,2.4937250240847293,1.828149799156679,-16.296902572251216,-1.0300025939941406,409332,-0.6890242012468144,13.595714285714283,15.483,-0.6711696044893606,81.13070368626782,5.7807001867096535,81.81972788751463,1294.4704280742242,-0.1252645557918474,100,52.02,50.19714285714286,49.797,48.2241111111111,55.826322778959245,-1.3399999999999963,-1.4099999999999966,0.4001428571428604,99.22680412371136,1.576806654367478,2,High,501.4242256521868,3381.39990234375,-0.8794043752944014,1.8921410689658695,11.829875878829954,554.7902221679688,0.4205658327270933,2.817532612496448,-2.48669739140136,99.61000061035156,0.3728363105065302,0.6999807559683799,-4.386638204489602,High
2025-05-08,422.0,209,857,2465.0,1268.0,8170.0,1144.3,23089.0,17.89,874.89,62.84000015258789,2.814138172057201,2.553016746756394,1.8493197257107616,-14.839409983846863,1.720001220703125,404233,-0.3881451941240526,14.71714285714286,15.537,-0.6604395591194568,81.1594772215642,6.851095917198282,81.54762241568825,963.2887183328866,0.3008790071227618,-100,53.59,51.07285714285714,49.885000000000005,48.29933333333333,39.104395035613805,1.5700000000000005,2.9099999999999966,1.1878571428571334,99.91416309012877,2.1437345298842256,2,High,369.00596285001694,3296.60009765625,-2.507831286938955,1.9634514053975625,9.126426039426171,558.6558227539062,0.6967679730965237,2.812118794046456,-0.6208444161569626,100.63999938964844,1.034031495819332,0.7272189756640376,-3.7398407919449927,High
2025-05-09,282.0,244,986,2299.0,1231.571428571429,8183.0,1132.5333333333333,23298.0,17.19,1003.19,63.90999984741211,1.7027366203469896,2.5806477909867764,1.8591933843860309,-13.670132512166012,1.0699996948242188,382975,-0.258625194319912,15.691428571428572,15.561666666666667,-0.646444417270969,80.92741869852534,5.650397662550367,81.18604389284526,1090.0264415553956,0.1295199998041405,-100,51.45,51.32857142857143,49.91866666666667,48.374222222222215,45.6475999990207,-2.140000000000001,-3.710000000000001,1.4099047619047624,98.97084048027445,1.2502778727959905,2,High,419.77336784358926,3335.39990234375,1.1769642522029056,1.9614236543752288,8.992874830498888,557.9440307617188,-0.127411540915967,2.811753620906771,-0.4831729361320813,100.33999633789062,-0.2980952440155393,0.7252550029543415,-3.5841293051518064,High
2025-05-10,88.0,286,1126,2257.0,1196.0,8074.0,1138.1333333333334,23211.0,16.76,1142.76,63.90999984741211,1.7027366203469896,2.5806477909867764,1.8591933843860309,-13.670132512166012,1.0699996948242188,246805,-0.6405185695624773,16.37714285714286,15.586333333333332,-0.6480184947169244,79.61109792987051,5.650397662550367,80.25161649943298,1228.6620141619833,-0.3818933752425653,-100,49.3,51.58142857142857,49.89633333333334,48.41511111111111,55.00946687621283,-2.1500000000000057,-0.0100000000000051,1.685095238095229,95.8011996572408,0.3620191361871672,1,Elevated,475.4144823649068,3335.39990234375,1.1769642522029056,1.9614236543752288,8.992874830498888,557.9440307617188,-0.127411540915967,2.811753620906771,-0.4831729361320813,100.33999633789062,-0.2980952440155393,0.7252550029543415,-3.5841293051518064,High
2025-05-11,266.0,344,1260,2320.0,1199.571428571429,8056.0,1140.7666666666669,23172.0,17.02,1277.02,63.90999984741211,1.7027366203469896,2.5806477909867764,1.8591933843860309,-13.670132512166012,1.0699996948242188,224007,-0.4499473831469905,16.93857142857143,15.625666666666666,-0.6409938099446418,78.28545725897527,5.650397662550367,78.73540464212226,1361.4058023046728,0.1905711864154868,-100,51.06,52.01,49.919,48.45377777777778,49.152855932077415,1.7600000000000051,3.910000000000011,2.091000000000001,98.88698630136986,1.0601120050366597,2,High,528.8152399934446,3335.39990234375,1.1769642522029056,1.9614236543752288,8.992874830498888,557.9440307617188,-0.127411540915967,2.811753620906771,-0.4831729361320813,100.33999633789062,-0.2980952440155393,0.7252550029543415,-3.5841293051518064,High
2025-05-12,448.0,349,1395,2245.0,1176.571428571429,8384.0,1140.3,23349.0,16.59,1411.59,64.95999908447266,1.6429341880260795,2.6088242602722485,1.868124870585289,-11.775089626996891,1.0499992370605469,372657,-0.5147380843011118,17.150000000000002,15.642666666666669,-0.6360425360777102,79.27915759978164,5.429267410998017,79.79389568408276,1496.8131630950809,-0.0647907011541212,100,52.67,51.92142857142857,50.03866666666667,48.52722222222222,51.0239535057706,1.6099999999999994,-0.1500000000000056,1.8827619047618995,99.57228400342171,1.6673025297498358,2,High,582.7664861012157,3220.0,-3.459852063396052,2.074659468458939,4.325287542523904,576.3826293945312,3.304739833427317,2.846465728603618,4.918489032916362,101.79000091552734,1.4450913200693138,0.7794736417838574,-2.16262973875484,High
2025-05-13,363.0,348,1405,2154.0,1174.0,8487.0,1147.8666666666666,23528.0,16.36,1421.36,66.62999725341797,2.570810025372205,2.642406405297641,1.8796513908539685,-10.850951086637528,1.6699981689453125,406297,-0.6031983137401783,17.09714285714286,15.644000000000002,-0.6303117214524466,80.73247545367812,6.298311539333599,81.3356737674183,1508.9939853067517,-0.0884602294390665,100,51.87,51.70857142857143,50.08166666666667,48.58222222222223,29.742301147195334,-0.8000000000000043,-2.410000000000004,1.6269047619047612,98.97435897435898,1.313295172685664,2,High,587.3304593692171,3240.300048828125,0.6304362990100953,2.0678436506851146,3.762648845996197,580.1890258789062,0.6603940317170043,2.8464040425561774,4.9071350916708,101.0,-0.7761085651064481,0.7885968256677768,-3.08031773598868,High
2025-05-14,252.0,302,1213,2121.0,1177.428571428571,8332.0,1141.6333333333334,23583.0,16.38,1229.38,66.08999633789062,-0.8104471526143464,2.6437510934571056,1.8785885883190812,-11.276683805577749,-0.5400009155273438,412197,-0.5358686636288176,16.884285714285713,15.640666666666668,-0.6284501656241315,81.03650302869434,4.5818666266292265,81.57237169232316,1315.5342383189527,0.0673296501113607,100,50.15,51.44142857142857,50.05533333333334,48.64533333333333,32.7366482505568,-1.7199999999999989,-0.9199999999999946,1.3860952380952298,97.09649871904357,0.6091777193146449,2,High,509.8992209891164,3181.39990234375,-1.817737419276233,2.0983040059280627,2.003911698257244,580.9304809570312,0.1277954330490383,2.846386363748913,4.745351646559404,101.04000091552734,0.0396048668587667,0.7885436459908102,-3.0884338717888538,High
2025-05-15,342.0,302,1189,2041.0,1224.857142857143,8156.0,1134.1333333333334,23669.0,16.73,1205.73,64.52999877929688,-2.360414049076553,2.6614795731715257,1.893016908195016,-13.90259985753034,-1.55999755859375,412834,-0.4747432840630194,16.71857142857143,15.625333333333334,-0.6217448888558929,81.12017086643945,6.4121536080011134,81.59491415050248,1293.7370677585036,0.0611253795657981,100,52.01,51.21571428571429,50.03466666666667,48.71011111111111,31.805626897829004,1.8599999999999997,3.5799999999999983,1.181047619047611,98.97610921501706,1.3300436850209922,2,High,501.175844273301,3220.699951171875,1.2353067842610033,2.1062085864331026,2.573331995959882,583.7679443359375,0.4884342398821628,2.8457391591336,4.595052420805601,100.87999725341795,-0.1583567504548466,0.7861735989510775,-2.8224644774911933,High
2025-05-16,345.0,335,1345,2104.0,1276.142857142857,8268.0,1141.4,23938.0,17.39,1362.39,65.41000366210938,1.3637143955670394,2.4302953669113685,1.8960413317085336,-6.743649513400385,0.8800048828125,380795,-0.5343108584758841,16.747142857142855,15.643333333333334,-0.6169563946687932,80.89292488737865,4.468374713818447,81.42723574585455,1448.285610459673,-0.0595675744128647,-100,49.61,50.952857142857134,50.01933333333333,48.76022222222223,17.497837872064324,-2.3999999999999986,-4.259999999999998,0.9335238095238054,96.07843137254902,0.3464681367861493,1,Elevated,563.0287970346983,3182.0,-1.201600638326883,2.1024498327814314,2.744591540200192,587.465576171875,0.6334078244299102,2.6770965887205564,10.713622256656109,101.08999633789062,0.2081672186658778,0.7284310251285756,-0.9601286958593858,High
2025-05-17,191.0,365,1400,2207.0,1315.2857142857142,7862.0,1153.9,23991.0,18.03,1418.03,65.41000366210938,1.3637143955670394,2.4302953669113685,1.8960413317085336,-6.743649513400385,0.8800048828125,243983,-0.7542687458620597,16.928571428571427,15.652333333333331,-0.6207673215099573,79.71395334132973,4.468374713818447,80.46822208719179,1502.9665968010104,-0.2199578873861756,-100,50.32,51.09857142857143,49.86566666666667,48.82188888888889,48.29978943693088,0.7100000000000009,3.1099999999999994,1.2329047619047555,97.35945485519592,0.6188500067860541,2,High,585.0929943029657,3182.0,-1.201600638326883,2.1024498327814314,2.744591540200192,587.465576171875,0.6334078244299102,2.6770965887205564,10.713622256656109,101.08999633789062,0.2081672186658778,0.7284310251285756,-0.9601286958593858,High
2025-05-18,308.0,310,1204,2249.0,1307.2857142857142,7839.0,1147.9,23929.0,17.97,1221.97,65.41000366210938,1.3637143955670394,2.4302953669113685,1.8960413317085336,-6.743649513400385,0.8800048828125,232047,-0.542930353728116,17.064285714285713,15.646333333333336,-0.6150606287781046,78.89326200021534,4.468374713818447,79.43619235394345,1305.874567067762,0.2113383921339436,-100,51.22,51.121428571428574,49.82933333333333,48.85688888888889,35.05669196066974,0.8999999999999986,0.1899999999999977,1.2920952380952428,98.63829787234044,0.9714549513138852,2,High,506.4625883563161,3182.0,-1.201600638326883,2.1024498327814314,2.744591540200192,587.465576171875,0.6334078244299102,2.6770965887205564,10.713622256656109,101.08999633789062,0.2081672186658778,0.7284310251285756,-0.9601286958593858,High
2025-05-19,323.0,392,1539,2124.0,1327.857142857143,7966.0,1154.1666666666667,23793.0,17.95,1556.95,65.54000091552734,0.1987421589050741,2.119615546289643,1.8934577480620116,-0.0609955998939981,0.1299972534179687,378366,-0.4929583714884742,17.258571428571425,15.638000000000002,-0.6061532723083859,79.98783795796636,2.324457265184117,80.48079632945483,1639.7552535946388,0.0499719822396418,100,48.43,50.51571428571429,49.748333333333335,48.84488888888889,13.449859911198203,-2.789999999999999,-3.6899999999999977,0.7673809523809538,92.68707482993196,-0.1705989828242279,1,Elevated,639.8059421719647,3228.89990234375,1.473912707220304,2.0451190038498246,7.201191976884136,588.108154296875,0.1093814090669331,2.406422631157317,17.726797449186172,100.43000030517578,-0.6528796682401916,0.7136704490751188,-2.514071464071377,High
2025-05-20,446.0,386,1540,2207.0,1347.142857142857,8261.0,1184.7,24076.0,18.33,1558.33,65.37999725341797,-0.2441313089323826,2.082770117454109,1.8895280706298496,1.822143257479425,-0.160003662109375,411450,-0.5890288083754376,17.54,15.677666666666664,-0.6037631498323227,81.55879316734568,2.5091157521344343,82.14782197572111,1642.9869377278555,-0.0960704368869633,100,51.79,50.50428571428571,49.83866666666667,48.90899999999999,38.88035218443481,3.3599999999999994,6.149999999999999,0.6656190476190389,98.8105352591334,1.184279937244442,2,High,640.765210695998,3280.300048828125,1.5918779782261303,2.0129906204552204,11.147629673595416,586.130859375,-0.3362128049795521,2.408295444499573,17.540339755773005,100.12000274658205,-0.3086702754672488,0.7122676789577805,-3.0408670585788333,High
2025-05-21,265.0,346,1365,2220.0,1368.857142857143,8112.0,1183.9333333333334,24061.0,18.59,1383.59,64.91000366210938,-0.718864501457317,2.045401433876565,1.845102457919676,3.326972265899819,-0.4699935913085937,415620,-0.6031236595720378,17.855714285714285,15.726333333333333,-0.6035054379556565,82.21611624727366,3.096963161923864,82.8192399068457,1469.5062030687695,-0.0140948511966002,100,50.36,50.53428571428572,49.772000000000006,48.942888888888895,48.87047425598302,-1.4299999999999995,-4.789999999999999,0.76228571428571,97.28353140916808,0.5828326213084701,2,High,571.2386332461386,3309.300048828125,0.8840654686561367,2.0148379544193644,11.48430661971156,576.2540893554688,-1.685079340484308,2.412019372963061,17.39847770570946,99.55999755859376,-0.5593339718594881,0.7164202235016562,-3.302254813628547,High
2025-05-22,289.0,347,1322,2167.0,1387.857142857143,8070.0,1175.3,24051.0,18.72,1340.72,64.44000244140625,-0.7240813344422614,1.897218956381044,1.8360674384954727,-1.5882725446091817,-0.470001220703125,405743,-0.6393887410300859,18.14,15.783666666666669,-0.6035624360175494,82.30047270919776,2.780127545284224,82.93986145022785,1426.439988995512,-0.036265081458048,-100,48.89,50.08857142857143,49.71133333333333,48.963,16.281325407290232,-1.4699999999999989,-0.0399999999999991,0.3772380952380985,94.0203562340967,-0.0301240778510938,1,Elevated,553.9880233081592,3292.300048828125,-0.5137037968503289,1.960326428824132,7.71470796100524,576.4814453125,0.039454116028148,1.5150425320097034,6.28302892958108,99.95999908447266,0.4017693206987971,0.7224501541352925,-2.857145187375776,High
2025-05-23,495.0,392,1568,2317.0,1419.7142857142858,8311.0,1184.1,24419.0,19.35,1587.35,64.77999877929688,0.5276168916966917,1.7972323125774854,1.8339772531740923,2.2895893041505744,0.339996337890625,385550,-0.6964042736345024,18.42,15.853666666666667,-0.6033352724826843,82.10532600720677,2.5538081346892345,82.80173028084127,1672.7055384155303,-0.0570155326044165,-100,52.76,50.53857142857142,49.79566666666666,49.02333333333334,57.78507766302211,3.869999999999997,5.339999999999996,0.7429047619047608,99.57627118644068,1.52538837460665,2,High,652.5218693100439,3363.60009765625,2.1656607165408293,1.91397226100964,6.604974318885026,572.5465087890625,-0.6825781740996795,1.2565284997522808,10.39496028743214,99.11000061035156,-0.8503386173531191,0.6469134900827254,-1.7448221357266758,High
2025-05-24,124.0,412,1541,2250.0,1439.857142857143,8126.0,1192.0333333333333,24285.0,19.45,1560.45,64.77999877929688,0.5276168916966917,1.7972323125774854,1.8339772531740923,2.2895893041505744,0.339996337890625,241876,-0.679693252518622,18.622857142857143,15.934,-0.6002489185755379,80.84021383658822,2.5538081346892345,81.51990708910684,1644.5237152237962,0.0167110211158804,-100,48.91,50.33714285714286,49.77166666666667,49.02455555555556,85.2835551055794,-3.8500000000000014,-7.719999999999999,0.5654761904761898,93.98814563928872,-0.0467656895949069,1,Elevated,641.505504671697,3363.60009765625,2.1656607165408293,1.91397226100964,6.604974318885026,572.5465087890625,-0.6825781740996795,1.2565284997522808,10.39496028743214,99.11000061035156,-0.8503386173531191,0.6469134900827254,-1.7448221357266758,High
2025-05-25,262.0,395,1434,2204.0,1472.7142857142858,8130.0,1198.0333333333333,24224.0,19.78,1453.78,64.77999877929688,0.5276168916966917,1.7972323125774854,1.8339772531740923,2.2895893041505744,0.339996337890625,219912,-0.6807441033203695,18.88142857142857,16.037,-0.5985939083005511,79.57227674178095,2.5538081346892345,80.25302084510132,1536.5868289797904,-0.0010508508017474,-100,50.49,50.23285714285714,49.830666666666666,49.0581111111111,40.90525425400875,1.5800000000000054,5.430000000000007,0.4021904761904764,97.419627749577,0.5847512936179076,2,High,598.584127422896,3363.60009765625,2.1656607165408293,1.91397226100964,6.604974318885026,572.5465087890625,-0.6825781740996795,1.2565284997522808,10.39496028743214,99.11000061035156,-0.8503386173531191,0.6469134900827254,-1.7448221357266758,High
2025-05-26,274.0,414,1522,2155.0,1470.2857142857142,8348.0,1236.9333333333334,24249.0,19.74,1541.74,64.77999877929688,0.5276168916966917,1.7972323125774854,1.8339772531740923,2.2895893041505744,0.339996337890625,335451,-0.5763172413688099,19.13714285714286,16.194333333333333,-0.5920716498394542,80.23940489098453,2.5538081346892345,80.81572213235334,1625.1095302670426,0.1044268619515595,100,48.78,50.28285714285714,49.88,49.067777777777785,13.322134309757825,-1.7100000000000009,-3.2900000000000063,0.4028571428571368,93.23753169907016,-0.117659780019905,1,Elevated,633.8806676803464,3363.60009765625,2.1656607165408293,1.91397226100964,6.604974318885026,572.5465087890625,-0.6825781740996795,1.2565284997522808,10.39496028743214,98.93000030517578,-0.1816166926317031,0.6180220999101593,-0.8518726042492819,High
2025-05-27,150.0,335,1292,1859.0,1434.857142857143,8404.0,1261.3,24173.0,18.82,1310.82,64.08999633789062,-1.065147351664919,1.7611144604805993,1.8105737467467269,-1.0345981720791264,-0.69000244140625,396244,-0.541257353992719,19.207142857142856,16.326,-0.5856803879778418,81.55036534642804,2.9297216293534314,82.09162270042076,1395.841344329774,0.0350598873760908,100,49.37,49.93714285714286,49.99699999999999,49.10711111111112,44.17529943688045,0.5899999999999963,2.299999999999997,-0.0598571428571332,95.10135135135135,0.10856284632708,1,Elevated,541.9182131918255,3299.10009765625,-1.91758824257805,1.9183994971683491,2.386572765492323,584.4501342773438,2.07906699378142,1.2693186348740566,10.71470855796628,99.5199966430664,0.5963775761352652,0.6279076489970168,-0.1204363180621448,High
2025-05-28,218.0,368,1342,1812.0,1431.571428571429,8543.0,1280.3666666666666,24375.0,18.77,1360.77,64.9000015258789,1.2638558812171352,1.7763869952611353,1.8162949689148216,0.0308327270465147,0.8100051879882812,404586,-0.5989129278827214,19.232857142857146,16.507333333333335,-0.5844757046648382,81.80581361572766,3.043326149182922,82.40472654361038,1446.2180526927934,-0.0576555738900024,100,49.25,49.77857142857143,50.11833333333333,49.14677777777778,24.38827786945002,-0.1199999999999974,-0.7099999999999937,-0.3397619047619074,94.51476793248943,0.043119784091826,1,Elevated,562.0062757683952,3293.60009765625,-0.1667121286773709,1.9153370507661291,2.770845215775508,581.06884765625,-0.5785415081261958,1.2746087959735606,9.01653564198468,99.87999725341795,0.361736959902359,0.6220998519584189,-0.3392575964316746,High
2025-05-29,277.0,362,1432,1800.0,1447.2857142857142,8754.0,1300.8,24390.0,18.87,1450.87,64.1500015258789,-1.1556240098098305,1.7883300150258408,1.8184636763545088,-0.8040770957004728,-0.75,392699,-0.5515056507915167,19.254285714285714,16.744,-0.5801395852963427,81.68318373494729,3.0243617344057183,82.2346893857388,1536.1290511201446,0.0474072770912047,-100,49.75,49.901428571428575,50.26266666666666,49.17233333333333,23.03703638545604,0.5,0.6199999999999974,-0.361238095238086,95.78414839797638,0.2419242251539061,1,Elevated,598.0046825709101,3317.10009765625,0.7135049581982633,1.9176528765637395,3.057139465533254,583.3626098632812,0.3947487834330188,1.2700378309322504,9.754290497203089,99.27999877929688,-0.6007193538449584,0.6126314846811091,-0.1006223353640312,High
2025-05-30,346.0,386,1498,1651.0,1437.2857142857142,9061.0,1328.2,24575.0,18.5,1516.5,63.900001525878906,-0.3897116041363557,1.7553242854330304,1.810361173280361,-2.961271060634163,-0.25,377690,-0.5152602821474976,19.132857142857144,17.011666666666667,-0.5792841149510652,81.38612847974316,2.4411629956328023,81.90138876189066,1600.8425517575236,0.036245368644019,-100,50.28,49.54714285714285,50.456333333333326,49.21344444444445,27.681226843220102,0.5300000000000011,0.0300000000000011,-0.9091904761904744,96.75652906486944,0.4491742735360604,2,High,623.9567429506312,3288.89990234375,-0.8501460457109866,1.8244925621957164,-1.1332950822391163,582.7100830078125,-0.1118561327784872,1.179645636076995,12.123815430609495,99.33000183105467,0.0503656853068301,0.6127048694370801,-0.0503073291859612,High
2025-05-31,95.0,367,1417,1622.0,1419.571428571429,8914.0,1340.3666666666666,24489.0,18.22,1435.22,63.900001525878906,-0.3897116041363557,1.7553242854330304,1.810361173280361,-2.961271060634163,-0.25,243233,-0.6500418774742696,18.957142857142856,17.284333333333333,-0.5846302237763479,80.70881964807548,2.4411629956328023,81.35886152554974,1519.020024521183,-0.1347815953267719,-100,48.31,49.46142857142858,50.48466666666666,49.25033333333334,63.67390797663387,-1.9699999999999989,-2.5,-1.023238095238085,91.4141414141414,-0.4029597794879457,1,Elevated,591.3362375033631,3288.89990234375,-0.8501460457109866,1.8244925621957164,-1.1332950822391163,582.7100830078125,-0.1118561327784872,1.179645636076995,12.123815430609495,99.33000183105467,0.0503656853068301,0.6127048694370801,-0.0503073291859612,High
2025-06-01,309.0,385,1529,1669.0,1433.142857142857,8775.0,1349.9666666666667,24451.0,18.35,1547.35,63.900001525878906,-0.3897116041363557,1.7553242854330304,1.810361173280361,-2.961271060634163,-0.25,222278,-0.685438962101993,18.752857142857145,17.550333333333334,-0.5848850373264453,79.6667043323225,2.4411629956328023,80.3521432944245,1630.1433062900571,-0.0353970846277233,-100,50.48,49.46,50.51200000000001,49.26933333333333,54.27698542313865,2.1699999999999946,4.1399999999999935,-1.0520000000000138,97.30866274179984,0.5181382101092478,2,High,635.986893857138,3288.89990234375,-0.8501460457109866,1.8244925621957164,-1.1332950822391163,582.7100830078125,-0.1118561327784872,1.179645636076995,12.123815430609495,99.33000183105467,0.0503656853068301,0.6127048694370801,-0.0503073291859612,High
2025-06-02,358.0,420,1687,1753.0,1456.7142857142858,9003.0,1360.3666666666666,24519.0,18.66,1705.66,64.62999725341797,1.142403302202455,1.6598510109814946,1.815997239876431,-4.899943902170412,0.7299957275390625,356545,-0.7397575283290914,18.59857142857143,17.773666666666667,-0.5852879935742287,80.5810876881509,3.29224870340099,81.32084521648,1790.273093919881,-0.0543185662270984,100,50.61,49.721428571428575,50.61466666666667,49.31188888888889,23.17159283113548,0.1300000000000025,-2.039999999999992,-0.8932380952380967,97.7310924369748,0.5581892196120374,2,High,699.8450685246565,3370.60009765625,2.484119241643024,1.877666083966852,1.870829854561196,585.992431640625,0.5632901726823958,1.1791182397984843,12.594746633967224,98.6999969482422,-0.6342543755149088,0.5888731295640686,0.4273485695583723,High
2025-06-03,417.0,397,1630,2020.0,1505.0,9217.0,1373.5333333333333,24717.0,19.62,1649.62,65.62999725341797,1.547269135845597,1.6266713243553714,1.8238052211490487,-0.9508072177800586,1.0,399421,-0.7156407920110034,18.712857142857143,17.991333333333333,-0.5848842923698464,81.95039339221279,3.2690211819789745,82.66603418422379,1735.5550553662026,0.0241167363180879,100,52.08,50.10857142857143,50.74866666666666,49.36655555555555,31.52058368159045,1.4699999999999989,1.3399999999999963,-0.6400952380952276,98.99244332493704,1.1634498395166348,2,High,677.6888153096363,3350.199951171875,-0.6052378179944973,1.8010155143341318,-1.644060853818452,589.3341064453125,0.5702590382151707,1.0555464467538105,15.997891635469186,99.25,0.557247283448481,0.5856187291621278,0.3336047686647525,High
2025-06-04,204.0,332,1410,2006.0,1514.7142857142858,8898.0,1368.6666666666667,24642.0,19.53,1429.53,64.86000061035156,-1.173238877480387,1.6031980964987944,1.8261598518642448,-3.825625352395656,-0.7699966430664062,406204,-0.645852218109956,18.821428571428573,18.13866666666667,-0.5850468178601169,82.30840753780546,3.158999509218747,82.95425975591542,1515.6432592651342,0.0697885739010474,100,50.43,50.277142857142856,50.65333333333333,49.40133333333333,53.84894286950524,-1.6499999999999986,-3.119999999999997,-0.3761904761904731,96.97986577181209,0.4425511639381392,2,High,589.6664517548706,3373.5,0.6954823344193173,1.805812131307407,-0.8027537178356692,589.1759643554688,-0.0268340298167357,0.981684358812582,13.02607944046754,98.79000091552734,-0.463475148083281,0.5652641138660706,-1.0516781459103397,High
2025-06-05,301.0,354,1469,2030.0,1520.0,8745.0,1370.2,24735.0,19.58,1488.58,65.33999633789062,0.7400489099940843,1.5717924368722709,1.820608974560491,-1.1796829647465867,0.4799957275390625,400483,-0.7090346710649427,18.922857142857143,18.233666666666668,-0.5898893187137829,82.33373012693221,2.429809643341014,83.04276479799715,1574.052574441338,-0.0631824529549867,-100,51.0,50.455714285714286,50.574666666666666,49.446666666666665,30.215912264774907,0.5700000000000003,2.219999999999999,-0.1189523809523791,98.23973176865046,0.6709189647612378,2,High,613.0124768169359,3350.699951171875,-0.67585738337409,1.6752887350605588,2.2708513028396604,586.3285522460938,-0.4832872149647116,0.9706695331023804,10.763518722346332,98.73999786376952,-0.0506154988302642,0.5567965180026229,-0.5539359922312137,High
2025-06-06,382.0,391,1601,2066.0,1534.7142857142858,8842.0,1383.9333333333334,24993.0,19.74,1620.74,66.47000122070312,1.7294229356379809,1.5999378579070405,1.83012439571777,-0.1202131140286666,1.1300048828125,372232,-0.6885562823279074,19.1,18.296,-0.5898737214164859,82.04341243329736,3.341382104947888,82.73196871562527,1706.813350820573,0.0204783887370352,-100,52.06,50.71,50.576,49.51011111111111,27.902391943685178,1.0600000000000025,0.490000000000002,0.1339999999999932,98.91122278056952,1.1049749302584215,2,High,666.1789465851042,3322.699951171875,-0.8356462950437349,1.6550187956463551,-0.2791131100877808,592.3495483398438,1.02689798589628,0.9220406430433118,9.59409873282613,99.19000244140624,0.4557469995670749,0.5623938909386701,-0.2814906764458724,High
2025-06-07,191.0,449,1710,2162.0,1576.571428571429,8611.0,1412.3666666666666,25011.0,20.39,1730.39,66.47000122070312,1.7294229356379809,1.5999378579070405,1.83012439571777,-0.1202131140286666,1.1300048828125,232744,-0.8622826107322837,19.41,18.37933333333333,-0.6056783019700936,80.7014638898001,3.341382104947888,81.56374650053237,1815.2951286054804,-0.1737263284043763,-100,51.0,51.09428571428571,50.48966666666666,49.56266666666667,55.56863164202191,-1.0600000000000025,-2.1200000000000045,0.6046190476190532,98.11715481171548,0.6285373906942631,2,High,709.8053021420857,3322.699951171875,-0.8356462950437349,1.6550187956463551,-0.2791131100877808,592.3495483398438,1.02689798589628,0.9220406430433118,9.59409873282613,99.19000244140624,0.4557469995670749,0.5623938909386701,-0.2814906764458724,High
2025-06-08,229.0,352,1397,2082.0,1557.7142857142858,8558.0,1426.0666666666666,24833.0,20.04,1417.04,66.47000122070312,1.7294229356379809,1.5999378579070405,1.83012439571777,-0.1202131140286666,1.1300048828125,212725,-0.9334647951920112,19.65142857142857,18.47433333333333,-0.628172955332497,79.36921086173177,3.341382104947888,80.30267565692378,1500.6840577618716,-0.0711821844597274,-100,49.88,51.00857142857143,50.437333333333335,49.55822222222223,21.455910922298653,-1.1199999999999974,-0.0599999999999951,0.571238095238094,95.23411371237458,0.1407743985215472,1,Elevated,584.2130879733639,3322.699951171875,-0.8356462950437349,1.6550187956463551,-0.2791131100877808,592.3495483398438,1.02689798589628,0.9220406430433118,9.59409873282613,99.19000244140624,0.4557469995670749,0.5623938909386701,-0.2814906764458724,High
2025-06-09,431.0,386,1579,2155.0,1542.2857142857142,8901.0,1441.1666666666667,24891.0,20.0,1599.0,67.04000091552734,0.85752923778597,1.6052433584460026,1.8299232087328283,0.2542218662522799,0.5699996948242188,341657,-0.7851393661586326,19.842857142857145,18.58233333333333,-0.6329936485523686,80.11145382336663,2.4881947828572004,80.89659318952526,1682.3847879723824,0.1483254290333786,100,52.62,51.29571428571428,50.548,49.60477777777778,51.54162714516689,2.739999999999995,3.859999999999992,0.747714285714288,99.33166248955725,1.308054362340663,2,High,656.7745965510479,3332.10009765625,0.2829068715957783,1.6313634325765185,1.5141419933936806,592.8834228515625,0.0901282888144283,0.9195075533499604,8.905987126094717,98.94000244140624,-0.2520415302415979,0.5578227641853046,-0.0706996195474318,High
2025-06-10,480.0,368,1485,2218.0,1521.571428571429,9115.0,1448.6666666666667,25151.0,19.94,1504.94,66.87000274658203,-0.2535772175175199,1.5801052675355385,1.8291580248899413,1.533559257319106,-0.1699981689453125,394777,-0.8435768286741544,19.888571428571428,18.679666666666662,-0.6461146300699409,81.44777599431072,1.9870384107849688,82.29135282298488,1589.2183912337698,-0.0584374625155218,100,51.87,51.26571428571429,50.575,49.63788888888889,20.692187312577595,-0.75,-3.489999999999995,0.6907142857142858,98.53923205342235,0.9637311911498028,2,High,619.229085928911,3320.89990234375,-0.3361302177079861,1.6090412355889885,-0.3480899521755454,596.2449340820312,0.5669767615193333,0.9196046549100764,9.48172543309651,99.0500030517578,0.1111791061625622,0.556513902685136,-0.1914498348463578,High
2025-06-11,283.0,363,1522,2297.0,1537.571428571429,8950.0,1452.9,25168.0,20.27,1542.27,69.7699966430664,4.336763537268751,1.6902613624836724,1.8889939328048464,8.591434463916592,2.899993896484375,412738,-0.7768182912464436,19.994285714285716,18.80233333333333,-0.6548506369681186,81.76142083200824,6.886168346144082,82.53823912325468,1631.6944074693988,0.0667585374277107,100,53.68,51.73,50.60866666666666,49.70011111111111,53.03379268713854,1.8100000000000025,2.5600000000000023,1.1213333333333466,99.9165971643036,1.6944476991065405,2,High,636.1701151631086,3321.300048828125,0.0120493389184295,1.6071585119333585,0.0753284308550927,594.54443359375,-0.2852016664760981,0.9236737756893488,8.48607875646492,98.62999725341795,-0.4240341094390198,0.5597677939506741,-0.8444796993832937,High
2025-06-12,290.0,330,1338,2286.0,1518.857142857143,8877.0,1450.6666666666667,25209.0,20.08,1358.08,69.36000061035156,-0.587639461719236,1.654486252016068,1.8870212148755696,9.885934385392847,-0.4099960327148437,351205,-0.7194884228874853,20.06571428571429,18.92633333333333,-0.6587269739396955,81.33031079487262,3.230719152274589,82.0497992177601,1443.3605183700347,0.0573298683589583,-100,49.92,51.57571428571429,50.54366666666667,49.731555555555545,13.586649341794804,-3.759999999999998,-5.57,1.0320476190476242,95.0,0.0807965592998517,1,Elevated,560.9342475044618,3380.89990234375,1.7944736289831509,1.6371104809371828,2.296517468797288,596.9072875976562,0.3974226097154476,0.9228270452069472,8.874024364856092,97.91999816894533,-0.7198612027215168,0.5519333567266105,-2.324191352673,High
2025-06-13,582.0,422,1526,2486.0,1508.142857142857,9207.0,1461.1,25704.0,20.52,1546.52,74.2300033569336,7.021341845050699,2.0182765236115885,2.0299195283215585,19.47529708804079,4.870002746582031,383406,-0.9505825454737176,20.177142857142854,19.06433333333333,-0.6725507700011922,81.10501330922732,10.987148077466369,82.05559585470104,1639.5627439321677,-0.2310941225862324,100,59.12,52.58428571428572,50.842666666666666,49.86522222222223,73.95547061293118,9.199999999999996,12.959999999999994,1.7416190476190536,100.0,3.6773766922198527,2,High,639.4139784019268,3431.199951171875,1.4877710160320134,1.5565964396152716,6.890964210961847,590.23388671875,-1.1179962144145297,0.9538465215169032,6.899219236215592,98.18000030517578,0.2655250623900818,0.5543849991086521,-1.8199996948242148,High
